RowNumber,CustomerId,Surname,CreditScore,Geography,Gender,Age,Tenure,Balance,NumOfProducts,HasCrCard,IsActiveMember,EstimatedSalary,Exited
1,15600000,Wilson,604,France,Female,31,4,42097.81,1,1,1,188637.13,1
2,15600001,Smith,725,Germany,Female,45,5,5039.57,1,0,0,56457.01,0
3,15600002,Smith,571,Spain,Female,52,10,118535.17,2,0,0,71621.86,1
4,15600003,King,565,Spain,Male,27,4,0.0,2,0,1,89846.1,0
5,15600004,Harris,477,France,Male,56,8,57303.4,2,0,0,138292.17,1
6,15600005,Hall,547,France,Male,38,1,55300.4,1,1,0,168384.33,0
7,15600006,Hall,655,France,Female,29,9,92803.02,2,0,1,51572.55,0
8,15600007,Martin,800,Germany,Male,47,5,134879.38,1,0,1,108041.01,0
9,15600008,Johnson,639,Spain,Male,35,3,36289.66,2,1,0,50379.96,0
10,15600009,Lewis,673,Spain,Male,38,2,117856.65,2,1,0,92893.63,1
11,15600010,Lewis,761,France,Male,35,4,0.0,2,1,0,186879.81,0
12,15600011,Martin,619,Germany,Male,31,1,61680.65,2,1,0,176508.19,0
13,15600012,Moore,555,Germany,Male,46,2,63852.03,2,0,0,92241.25,1
14,15600013,Hall,566,France,Female,36,6,0.0,2,0,0,73341.78,0
15,15600014,Harris,759,France,Male,25,0,45934.35,1,1,0,108978.83,0
16,15600015,Taylor,664,France,Female,45,1,0.0,2,0,1,146662.4,0
17,15600016,Smith,664,France,Female,27,2,15996.03,2,1,1,23404.27,0
18,15600017,Moore,564,Spain,Female,27,9,196561.78,1,1,0,45349.3,0
19,15600018,Thomas,780,France,Female,51,6,0.0,1,1,0,24058.86,0
20,15600019,Harris,829,France,Female,27,3,0.0,1,1,1,3735.91,0
21,15600020,Hall,667,Spain,Female,18,7,126154.73,1,1,1,156789.16,0
22,15600021,Thomas,739,France,Female,45,7,118772.29,1,1,1,74974.16,1
23,15600022,Clark,587,France,Male,36,0,0.0,2,1,1,152847.46,0
24,15600023,King,774,France,Female,37,4,108740.52,2,0,1,99262.44,0
25,15600024,Smith,706,France,Male,36,0,48709.3,1,1,1,137117.68,0
26,15600025,Brown,531,Germany,Female,41,6,15647.39,1,1,0,99589.77,1
27,15600026,Clark,694,France,Male,31,3,181407.11,1,1,1,97420.27,0
28,15600027,Hall,693,Spain,Male,54,7,0.0,2,1,1,177321.81,0
29,15600028,Smith,668,Spain,Male,24,7,0.0,1,1,0,127611.59,0
30,15600029,Wilson,699,France,Male,43,8,0.0,2,0,0,22046.49,0
31,15600030,Taylor,645,Spain,Female,45,10,157243.87,1,1,0,113676.55,0
32,15600031,Moore,632,France,Male,31,5,86672.37,1,1,0,28033.65,0
33,15600032,Martin,674,France,Male,29,6,128056.72,2,1,1,116313.97,0
34,15600033,Brown,616,Germany,Male,49,6,191300.89,1,1,0,132147.38,0
35,15600034,Allen,587,Germany,Male,29,4,0.0,1,1,0,38703.63,0
36,15600035,Brown,758,Germany,Female,33,6,0.0,2,1,0,32097.3,1
37,15600036,White,594,France,Male,48,8,0.0,1,0,1,36660.77,0
38,15600037,Lewis,634,France,Female,39,10,80593.44,2,1,0,164653.06,0
39,15600038,Moore,603,Spain,Male,21,3,0.0,1,1,0,31631.92,0
40,15600039,Taylor,566,France,Female,56,1,78550.43,2,1,0,156091.56,0
41,15600040,Thomas,800,France,Male,34,7,0.0,2,0,1,4014.44,0
42,15600041,Lewis,510,France,Female,35,6,46173.69,2,0,1,164915.99,0
43,15600042,Johnson,689,France,Female,42,5,0.0,2,1,0,48657.62,0
44,15600043,Hall,637,Germany,Male,45,6,162864.49,1,1,0,37687.53,1
45,15600044,Johnson,696,France,Male,59,2,113211.88,2,1,0,126169.57,0
46,15600045,Thomas,633,Spain,Male,22,5,0.0,1,0,1,174476.26,0
47,15600046,Harris,698,France,Female,47,9,80954.43,2,1,1,143279.49,0
48,15600047,Lewis,677,Spain,Female,46,6,50828.07,2,0,1,112123.0,0
49,15600048,Brown,707,Spain,Male,38,6,71172.87,2,0,1,47937.12,0
50,15600049,Wilson,819,France,Male,47,4,0.0,2,1,1,81743.53,0
51,15600050,Walker,469,Germany,Male,48,2,0.0,1,1,1,171536.09,0
52,15600051,White,658,Germany,Male,25,1,129251.72,1,1,0,159650.07,0
53,15600052,Anderson,554,Germany,Male,56,6,0.0,1,0,0,44376.9,0
54,15600053,Wilson,580,Germany,Female,23,3,156598.72,1,1,1,175397.9,0
55,15600054,Allen,558,Spain,Male,28,1,11196.91,1,0,0,47962.82,1
56,15600055,Moore,622,Germany,Male,36,7,0.0,2,1,1,196571.42,0
57,15600056,Brown,759,France,Female,58,1,191112.46,2,1,0,148711.3,0
58,15600057,Lewis,613,France,Male,36,5,0.0,2,1,1,141710.83,0
59,15600058,Johnson,684,France,Male,39,3,0.0,2,1,0,116728.15,0
60,15600059,Harris,737,France,Female,53,8,0.0,2,1,1,171157.41,0
61,15600060,Smith,567,France,Female,36,4,0.0,1,1,1,176694.26,0
62,15600061,White,573,France,Female,27,3,126083.19,2,1,1,50919.11,0
63,15600062,Clark,650,Germany,Male,35,7,85434.5,3,1,1,158397.76,0
64,15600063,Hall,475,France,Female,53,2,0.0,2,1,1,33080.93,1
65,15600064,Smith,845,France,Female,40,8,0.0,1,1,0,78955.0,0
66,15600065,Johnson,651,Spain,Male,58,7,84400.64,1,0,0,182978.7,0
67,15600066,Young,704,France,Male,46,7,0.0,1,1,1,60947.42,0
68,15600067,Moore,631,Germany,Male,33,9,60378.67,1,1,0,86358.82,1
69,15600068,Smith,712,France,Male,40,4,0.0,2,0,1,84188.16,0
70,15600069,Hall,633,Germany,Male,30,0,0.0,2,0,1,114127.4,1
71,15600070,Anderson,704,Germany,Male,32,10,121223.4,2,1,1,166830.94,0
72,15600071,Johnson,776,France,Male,75,9,0.0,1,1,0,109420.49,0
73,15600072,Taylor,436,France,Male,49,8,138715.0,1,1,0,187855.08,0
74,15600073,Wright,715,Germany,Female,48,1,0.0,1,1,1,174947.07,1
75,15600074,Smith,599,Spain,Male,33,0,24893.59,2,0,1,122692.69,1
76,15600075,Anderson,543,Spain,Female,55,5,20835.33,2,1,1,86396.92,0
77,15600076,Martin,510,Germany,Female,50,0,0.0,1,1,1,64956.73,1
78,15600077,Allen,659,France,Female,58,9,0.0,1,0,0,122459.6,1
79,15600078,King,677,France,Female,57,9,64709.16,2,0,1,161694.81,1
80,15600079,Allen,589,France,Male,24,9,243675.46,1,1,1,101118.57,0
81,15600080,Anderson,528,Germany,Male,28,6,153410.92,1,0,1,176225.34,0
82,15600081,Wright,661,Spain,Male,29,6,85867.64,1,1,0,57514.48,0
83,15600082,Hall,657,France,Male,30,0,0.0,2,1,1,171952.16,1
84,15600083,Smith,708,France,Male,42,9,0.0,2,1,1,132768.83,0
85,15600084,Allen,717,France,Female,33,4,0.0,1,1,1,58333.02,0
86,15600085,Young,763,France,Male,60,2,97905.25,1,1,1,82864.23,0
87,15600086,Taylor,715,Spain,Male,58,10,0.0,1,1,0,7679.6,0
88,15600087,Young,492,Spain,Female,39,1,35411.93,1,1,0,183016.16,0
89,15600088,Brown,649,Germany,Male,59,10,52389.22,2,1,0,153675.14,1
90,15600089,Wilson,747,France,Female,54,4,0.0,1,1,1,121946.08,0
91,15600090,Harris,732,France,Female,34,4,0.0,1,1,1,194238.29,0
92,15600091,King,850,Spain,Female,19,1,33028.31,1,0,1,184378.24,0
93,15600092,Moore,736,Germany,Female,37,5,24099.85,1,0,0,183330.26,1
94,15600093,Brown,519,Spain,Male,33,6,0.0,1,0,0,60776.15,0
95,15600094,Young,497,Germany,Male,41,0,163048.86,2,1,1,45358.47,0
96,15600095,Taylor,655,France,Female,40,2,47806.04,2,0,1,148739.51,1
97,15600096,White,665,Spain,Male,40,3,108847.06,1,0,1,65308.68,0
98,15600097,Clark,597,France,Male,44,1,0.0,1,0,0,54406.66,0
99,15600098,Allen,725,France,Female,27,9,0.0,1,1,0,50514.07,0
100,15600099,Moore,406,France,Female,43,10,17742.36,2,1,0,13850.62,0
101,15600100,Clark,605,France,Male,35,4,56247.67,2,1,0,144924.6,1
102,15600101,Hall,429,Spain,Male,41,3,46064.2,1,1,0,1675.15,0
103,15600102,King,577,France,Male,49,10,0.0,1,0,1,112940.04,0
104,15600103,Wilson,616,Spain,Female,27,1,203372.18,1,1,1,53343.47,1
105,15600104,Young,752,Germany,Male,36,10,70225.19,1,0,0,133569.8,0
106,15600105,Thomas,531,France,Female,38,0,0.0,1,0,1,189034.66,1
107,15600106,Allen,637,France,Female,34,7,0.0,1,1,0,138221.6,0
108,15600107,Jackson,599,Germany,Male,48,1,148215.55,1,0,1,75677.55,1
109,15600108,Walker,638,France,Female,32,3,0.0,1,1,1,35643.15,0
110,15600109,Clark,612,France,Female,33,9,0.0,4,0,1,67807.88,0
111,15600110,Walker,625,France,Female,32,4,78688.25,1,1,1,91769.07,0
112,15600111,Anderson,587,France,Female,50,1,98305.76,2,1,0,176185.42,1
113,15600112,Johnson,686,Germany,Male,34,9,138368.92,2,0,0,195412.07,0
114,15600113,Allen,757,Germany,Male,44,8,65212.75,2,1,0,185479.02,0
115,15600114,Brown,654,Spain,Female,59,1,0.0,1,1,1,100133.86,1
116,15600115,Brown,845,Germany,Female,38,5,50028.65,2,1,1,94342.1,1
117,15600116,Young,658,Germany,Female,50,6,0.0,2,0,1,54365.71,0
118,15600117,Brown,728,France,Male,56,5,134575.55,2,1,0,76023.58,1
119,15600118,Moore,576,Germany,Female,49,10,17084.83,4,1,0,183471.85,1
120,15600119,Anderson,639,Spain,Male,39,10,0.0,1,1,0,172311.36,0
121,15600120,Wilson,620,Germany,Female,45,3,46995.33,1,1,0,29418.65,0
122,15600121,Martin,531,Germany,Female,26,0,0.0,2,0,1,70937.56,0
123,15600122,Johnson,575,France,Male,31,1,50942.1,2,1,0,116147.73,0
124,15600123,White,685,France,Male,33,9,0.0,1,0,0,22337.61,0
125,15600124,Taylor,775,France,Female,61,9,70325.03,2,1,0,70380.4,1
126,15600125,Smith,704,France,Male,31,5,46381.39,2,0,1,116966.67,0
127,15600126,Hall,683,Germany,Male,31,7,0.0,1,0,0,90336.47,0
128,15600127,Moore,567,Germany,Male,29,2,192259.02,1,1,1,172818.67,0
129,15600128,Moore,697,France,Male,45,6,0.0,1,1,0,118870.92,0
130,15600129,Harris,589,Spain,Male,40,8,170794.7,1,1,0,134236.03,0
131,15600130,Lewis,536,France,Male,50,3,0.0,1,1,0,105495.38,0
132,15600131,King,563,France,Female,46,10,0.0,2,0,1,61751.26,0
133,15600132,Hall,638,France,Male,25,6,154765.26,2,1,1,118706.68,0
134,15600133,Allen,598,France,Male,31,6,0.0,1,1,0,199591.02,1
135,15600134,Brown,678,Germany,Female,53,9,0.0,1,1,0,40138.88,1
136,15600135,Clark,613,France,Female,37,8,121570.44,2,0,0,144750.3,0
137,15600136,Smith,677,Spain,Female,51,2,140890.2,1,0,0,142410.21,1
138,15600137,Thomas,620,Spain,Male,38,10,3385.37,1,1,1,156063.29,0
139,15600138,Wilson,645,France,Male,29,0,101975.38,1,1,0,87514.42,1
140,15600139,Lewis,555,Germany,Male,36,7,72206.6,2,0,0,2157.11,1
141,15600140,Smith,789,Germany,Female,29,3,0.0,2,0,1,180825.2,0
142,15600141,Allen,492,France,Male,33,1,0.0,2,0,0,51590.35,0
143,15600142,Taylor,850,France,Male,41,4,0.0,2,1,0,80205.56,0
144,15600143,White,696,France,Female,44,3,76681.74,1,1,0,166107.7,0
145,15600144,Lewis,498,France,Male,23,0,0.0,1,0,0,174389.65,0
146,15600145,White,660,France,Male,39,6,48327.08,1,0,0,137574.74,0
147,15600146,White,672,Spain,Male,33,3,123007.85,1,0,0,87950.16,0
148,15600147,Young,795,Spain,Male,33,7,0.0,2,0,0,128933.26,1
149,15600148,King,519,France,Male,40,8,0.0,1,1,0,86331.45,1
150,15600149,Lewis,519,France,Female,33,7,106333.47,2,1,1,41051.64,0
151,15600150,Clark,683,Germany,Male,53,0,0.0,1,0,1,67604.48,0
152,15600151,Brown,669,France,Female,51,7,40794.25,2,1,1,120842.15,0
153,15600152,Smith,792,France,Female,51,4,68668.94,1,1,0,17160.89,1
154,15600153,Young,553,France,Female,34,0,0.0,1,1,0,4256.53,0
155,15600154,Harris,545,Germany,Male,29,8,0.0,2,0,1,954.22,0
156,15600155,Thomas,831,France,Female,40,8,0.0,1,1,0,22441.25,1
157,15600156,Young,646,Spain,Female,37,6,0.0,1,1,1,27433.74,0
158,15600157,Wilson,578,Germany,Female,33,6,47396.17,2,0,1,135203.82,0
159,15600158,White,718,France,Male,27,10,51081.47,1,1,1,80941.7,0
160,15600159,Hall,451,Spain,Male,39,0,0.0,1,1,0,8946.76,0
161,15600160,Allen,687,France,Male,35,8,0.0,1,1,1,37757.15,0
162,15600161,Taylor,589,Spain,Male,46,0,90456.13,1,1,0,102443.5,0
163,15600162,Moore,601,Spain,Male,46,6,0.0,1,1,0,124240.48,0
164,15600163,White,776,Spain,Female,50,8,160426.76,1,1,1,197134.03,0
165,15600164,Harris,692,France,Male,26,8,218636.34,1,0,0,103766.11,0
166,15600165,Harris,541,Germany,Female,43,4,0.0,2,1,0,23803.37,1
167,15600166,King,655,France,Female,32,5,103543.61,1,0,0,129518.76,0
168,15600167,Martin,661,France,Female,27,1,0.0,1,0,0,121261.35,1
169,15600168,Smith,625,France,Male,35,1,0.0,1,1,1,68577.11,0
170,15600169,Moore,557,Spain,Male,50,9,137402.85,2,1,0,131756.49,0
171,15600170,Allen,672,Spain,Male,35,8,61446.1,1,1,1,185955.51,0
172,15600171,White,718,France,Female,55,0,72419.05,2,1,1,4001.35,0
173,15600172,Smith,694,Spain,Male,44,9,84485.48,1,1,0,41335.45,0
174,15600173,Brown,581,France,Female,35,4,1520.13,1,0,1,23692.67,1
175,15600174,Hall,635,Spain,Female,51,6,0.0,1,0,0,141066.34,0
176,15600175,Lewis,436,France,Female,43,9,128106.75,2,0,0,132230.17,0
177,15600176,Wright,805,Spain,Male,30,5,25150.68,1,1,0,18746.12,0
178,15600177,Wilson,592,France,Female,58,5,11329.05,1,1,0,27105.92,1
179,15600178,Lewis,600,Germany,Male,42,5,27188.66,2,1,0,170434.27,1
180,15600179,Martin,522,France,Male,39,7,26393.35,1,1,0,118505.46,0
181,15600180,Anderson,734,France,Male,30,6,6318.47,1,1,0,102074.11,1
182,15600181,Johnson,750,France,Male,51,4,95487.13,2,1,0,105258.51,1
183,15600182,Wright,595,Germany,Female,44,9,0.0,1,0,1,33073.35,0
184,15600183,Lewis,540,Germany,Female,45,1,0.0,1,1,0,79579.81,0
185,15600184,Allen,652,France,Male,34,9,202647.25,3,1,0,116475.26,1
186,15600185,Allen,618,Spain,Male,47,5,13819.47,1,1,1,98184.3,0
187,15600186,Harris,722,Germany,Male,48,9,0.0,1,0,1,85705.11,1
188,15600187,Brown,637,Spain,Male,32,4,0.0,1,1,1,57044.14,0
189,15600188,Lewis,630,Spain,Female,25,3,75217.14,1,0,0,73769.2,0
190,15600189,Smith,715,France,Female,45,9,51988.92,1,0,0,135376.34,0
191,15600190,Lewis,497,France,Male,23,10,0.0,2,0,0,194531.2,0
192,15600191,Allen,620,Germany,Female,41,4,0.0,2,1,0,179215.48,1
193,15600192,Thomas,669,Germany,Female,35,8,0.0,2,1,1,159744.8,0
194,15600193,Johnson,609,Spain,Male,51,1,63526.82,1,1,0,142704.44,0
195,15600194,King,677,France,Female,35,5,45338.16,2,0,1,88712.92,0
196,15600195,Lewis,671,France,Male,50,10,89390.32,1,1,1,78822.66,0
197,15600196,Anderson,735,Spain,Male,34,8,125188.78,1,1,1,131699.96,0
198,15600197,Smith,623,Germany,Male,49,9,69955.95,4,1,0,36931.8,0
199,15600198,Wright,453,Germany,Female,60,4,72966.82,2,0,1,186180.14,1
200,15600199,Taylor,500,Germany,Female,28,10,156239.48,2,1,0,23593.66,1
201,15600200,Hall,695,Spain,Male,42,5,78860.98,2,1,0,22998.32,1
202,15600201,Jackson,668,France,Female,66,9,0.0,1,1,0,36580.4,1
203,15600202,Allen,628,France,Female,40,3,80894.59,3,1,1,14046.5,0
204,15600203,Wright,635,Germany,Female,40,4,0.0,2,1,1,10632.21,0
205,15600204,Smith,587,Spain,Female,47,7,0.0,1,0,0,30493.86,0
206,15600205,Taylor,587,France,Female,39,0,0.0,2,1,1,65512.0,0
207,15600206,Hall,597,France,Male,22,0,0.0,1,1,1,113714.17,0
208,15600207,Thomas,623,Spain,Female,50,9,96300.93,2,1,0,108026.14,0
209,15600208,Young,662,France,Female,19,3,0.0,1,1,1,14829.74,0
210,15600209,Allen,643,France,Male,35,9,0.0,2,0,1,139764.09,0
211,15600210,Smith,618,Spain,Male,51,2,80466.48,1,1,0,58585.28,1
212,15600211,Young,717,Spain,Female,35,4,9764.07,4,1,1,82604.57,1
213,15600212,Anderson,734,Spain,Female,32,10,0.0,2,0,1,73487.79,1
214,15600213,Clark,780,France,Male,48,9,0.0,3,1,1,99069.15,0
215,15600214,Lewis,632,Spain,Male,30,7,51408.13,2,1,0,6572.22,1
216,15600215,White,600,France,Male,27,0,94521.57,2,0,1,38681.92,0
217,15600216,Walker,644,France,Male,42,4,207368.31,1,1,1,30759.05,0
218,15600217,White,597,Spain,Female,37,4,0.0,1,1,0,160583.55,1
219,15600218,Lewis,648,Spain,Male,27,1,0.0,1,1,0,111094.12,0
220,15600219,Wilson,689,Germany,Female,45,4,0.0,1,1,0,152131.67,0
221,15600220,Allen,660,Spain,Male,44,7,92229.6,1,0,1,141271.11,0
222,15600221,Harris,634,Spain,Male,35,9,23143.12,1,0,0,53526.26,0
223,15600222,Smith,712,France,Male,36,6,0.0,1,1,0,102103.17,0
224,15600223,Brown,813,France,Female,44,1,0.0,2,1,1,29016.69,0
225,15600224,Johnson,581,France,Female,51,5,0.0,1,1,1,156201.08,0
226,15600225,Wilson,682,France,Male,36,9,135947.74,3,1,1,40973.14,1
227,15600226,Allen,632,Germany,Male,46,10,244643.58,1,1,1,196959.26,1
228,15600227,Anderson,568,France,Male,45,10,72785.69,1,0,0,194587.71,0
229,15600228,Hall,580,Germany,Female,48,0,97042.49,1,1,1,33157.76,1
230,15600229,Wright,611,Spain,Female,39,9,0.0,1,0,0,1458.96,0
231,15600230,Brown,803,Germany,Male,30,9,83093.78,1,1,0,23419.06,0
232,15600231,Young,742,Spain,Female,34,2,131015.96,1,1,1,81743.93,0
233,15600232,Wright,563,Spain,Male,42,10,42525.5,1,1,0,155950.17,0
234,15600233,Anderson,703,France,Male,57,10,33099.98,2,0,1,169196.49,1
235,15600234,Allen,556,France,Male,34,5,0.0,2,1,0,96503.19,0
236,15600235,Young,589,Spain,Male,47,8,13501.68,2,0,0,174428.93,0
237,15600236,Hall,777,France,Male,36,0,0.0,1,1,0,176868.09,0
238,15600237,Brown,842,France,Female,40,5,0.0,1,1,0,120707.61,0
239,15600238,Moore,466,Spain,Male,54,1,0.0,2,1,0,68569.03,0
240,15600239,Thomas,653,France,Female,47,8,0.0,1,0,0,148973.44,0
241,15600240,White,690,Germany,Male,27,1,0.0,1,1,1,134076.58,1
242,15600241,Taylor,623,Germany,Female,33,2,0.0,2,1,1,93580.75,0
243,15600242,White,664,Germany,Male,52,1,51193.53,2,1,0,154010.73,0
244,15600243,Brown,611,France,Female,40,10,0.0,2,1,0,163680.77,1
245,15600244,Taylor,711,France,Female,28,3,77908.84,1,1,0,129970.53,0
246,15600245,Martin,617,Germany,Male,31,3,0.0,1,1,1,3134.38,1
247,15600246,Walker,704,France,Female,46,9,38719.47,1,1,1,93147.59,0
248,15600247,Hall,746,Germany,Male,49,0,176008.52,1,1,0,87332.56,1
249,15600248,Harris,732,Germany,Male,39,7,112538.3,2,1,0,178772.06,0
250,15600249,Clark,632,Germany,Female,64,4,0.0,2,1,1,102067.04,1
251,15600250,Jackson,431,France,Male,47,7,108668.92,1,0,0,74976.7,1
252,15600251,Lewis,698,France,Female,37,5,0.0,2,1,1,62573.97,0
253,15600252,Brown,510,Germany,Female,31,1,0.0,2,1,1,119311.45,0
254,15600253,Walker,695,France,Female,29,6,25129.0,1,0,1,14255.8,1
255,15600254,Walker,687,France,Male,42,9,0.0,2,0,1,175114.56,0
256,15600255,Brown,630,Spain,Female,34,8,0.0,1,1,0,124070.13,1
257,15600256,Lewis,656,Germany,Male,56,6,93711.51,2,0,1,48443.11,1
258,15600257,Harris,791,Spain,Male,54,10,178116.74,1,1,1,57106.53,0
259,15600258,Clark,776,Spain,Male,45,4,68164.77,2,1,0,180690.9,0
260,15600259,Moore,616,France,Female,27,3,0.0,1,0,1,6597.99,1
261,15600260,Wilson,467,Spain,Male,32,10,125727.02,1,1,0,60547.78,1
262,15600261,Moore,802,Germany,Male,52,7,177908.17,2,1,0,58764.09,0
263,15600262,Wright,497,France,Male,33,5,0.0,2,0,0,149154.47,0
264,15600263,Walker,659,Spain,Male,50,4,108983.78,2,1,0,40691.58,1
265,15600264,Lewis,643,Germany,Male,44,6,0.0,1,1,1,13162.83,0
266,15600265,Moore,692,Spain,Female,40,10,105612.76,1,1,0,77840.35,0
267,15600266,King,776,Spain,Male,32,2,90559.34,1,1,1,143758.4,1
268,15600267,Smith,656,Spain,Female,38,8,83410.91,1,0,0,11904.57,0
269,15600268,Martin,601,France,Female,41,3,59801.23,4,0,0,34345.14,1
270,15600269,Martin,678,France,Male,49,3,167782.45,2,1,0,126459.75,0
271,15600270,Jackson,518,Germany,Female,30,7,81588.69,2,1,0,141341.37,0
272,15600271,Taylor,584,Germany,Female,36,5,225409.09,2,1,0,444.58,0
273,15600272,Moore,629,Germany,Male,39,10,134697.39,1,1,1,187294.96,0
274,15600273,Lewis,703,Germany,Female,46,0,82871.51,1,1,0,75878.9,0
275,15600274,Johnson,784,Spain,Male,30,1,0.0,1,1,1,72330.42,0
276,15600275,Brown,755,Spain,Male,26,8,0.0,2,1,1,167687.82,1
277,15600276,Anderson,739,Germany,Male,46,5,0.0,1,0,0,21921.79,1
278,15600277,Allen,756,Spain,Male,24,6,0.0,2,1,1,46469.26,0
279,15600278,White,707,Spain,Female,52,10,0.0,1,1,0,170791.17,1
280,15600279,Young,658,Germany,Female,37,8,0.0,1,1,1,112699.65,1
281,15600280,White,553,Germany,Female,24,2,185118.4,2,1,1,123054.02,0
282,15600281,Wright,653,France,Female,34,4,0.0,1,0,0,61113.35,1
283,15600282,Brown,491,France,Male,43,4,92872.18,2,0,0,106857.99,1
284,15600283,Jackson,599,France,Male,34,9,26625.84,1,1,1,167967.76,0
285,15600284,King,656,Spain,Female,39,6,0.0,1,1,1,196463.97,0
286,15600285,Martin,656,France,Female,46,1,61936.02,2,1,0,77674.26,1
287,15600286,Lewis,589,France,Female,37,3,67220.19,2,1,0,32085.12,1
288,15600287,White,483,Spain,Female,30,10,170178.97,2,1,0,72289.47,0
289,15600288,Lewis,596,France,Male,36,3,101822.99,2,0,1,69336.62,0
290,15600289,Moore,625,Spain,Female,53,7,89327.57,2,1,1,70930.43,0
291,15600290,Anderson,668,France,Male,56,9,0.0,1,0,1,50892.5,0
292,15600291,White,717,France,Female,19,2,58600.07,2,1,1,109218.54,1
293,15600292,Taylor,620,Germany,Female,50,1,38132.81,2,0,0,193822.07,0
294,15600293,Taylor,613,France,Male,42,8,0.0,2,1,1,10616.81,0
295,15600294,Jackson,588,France,Male,48,10,31393.26,1,1,1,114489.39,0
296,15600295,Lewis,643,Spain,Male,33,3,94375.94,2,0,1,191159.8,0
297,15600296,Taylor,741,Germany,Male,21,8,0.0,2,0,0,84236.86,1
298,15600297,Wilson,548,France,Female,45,5,0.0,1,1,0,109083.19,0
299,15600298,Moore,460,Spain,Female,30,0,158154.09,3,1,0,21757.1,0
300,15600299,Martin,670,France,Male,25,10,0.0,2,1,0,118758.12,0
301,15600300,Walker,764,France,Male,26,2,0.0,1,0,1,77347.14,0
302,15600301,Jackson,680,Spain,Male,45,6,43528.86,2,1,1,145428.39,0
303,15600302,Allen,554,Spain,Female,40,8,0.0,1,1,1,100006.45,0
304,15600303,Moore,640,Spain,Male,47,7,154070.73,1,1,1,21462.93,0
305,15600304,Thomas,655,Spain,Female,46,4,0.0,2,0,1,31659.53,0
306,15600305,Wilson,719,Germany,Male,35,7,44381.54,2,0,0,176629.56,1
307,15600306,Thomas,566,Spain,Male,38,1,57181.08,1,1,0,119706.49,1
308,15600307,Taylor,803,France,Female,34,2,21048.61,2,1,0,14039.39,1
309,15600308,Harris,610,Germany,Male,37,7,82961.2,2,0,1,61113.74,0
310,15600309,Walker,586,France,Female,29,8,82633.28,2,1,0,151403.21,1
311,15600310,Allen,678,France,Male,43,9,0.0,2,1,0,115931.95,0
312,15600311,Thomas,515,France,Female,50,7,0.0,2,1,1,175720.77,0
313,15600312,Wright,850,France,Male,31,3,84287.0,1,0,0,57403.59,0
314,15600313,Martin,695,Germany,Female,52,5,110872.55,2,1,1,174562.13,1
315,15600314,King,623,Germany,Male,40,10,66014.66,1,0,0,84902.27,0
316,15600315,Wright,554,Spain,Male,41,4,159552.2,1,1,1,194121.65,1
317,15600316,Johnson,632,France,Male,22,3,116275.36,2,1,1,169506.62,0
318,15600317,Harris,744,France,Female,21,8,143373.49,2,0,1,184342.57,0
319,15600318,Jackson,613,France,Male,40,9,0.0,1,1,0,167167.16,0
320,15600319,Thomas,577,France,Female,47,2,0.0,2,1,1,148826.13,1
321,15600320,Taylor,718,Spain,Male,32,0,93620.55,2,1,1,159717.25,0
322,15600321,Smith,548,Spain,Female,56,6,0.0,2,1,0,111625.2,0
323,15600322,Anderson,673,Spain,Male,46,9,0.0,1,0,0,78307.3,0
324,15600323,White,690,France,Female,30,7,0.0,2,1,1,81299.34,1
325,15600324,Clark,687,Germany,Female,39,10,0.0,1,1,1,85714.55,0
326,15600325,Walker,692,Spain,Female,64,2,81707.49,2,1,0,100988.36,0
327,15600326,Clark,558,Spain,Female,27,2,0.0,1,1,1,135539.22,0
328,15600327,Wright,632,Spain,Female,44,5,32854.67,1,1,1,73235.0,1
329,15600328,White,626,France,Male,36,1,19575.15,1,0,0,136339.11,1
330,15600329,Walker,663,France,Male,46,5,216418.78,2,1,1,67280.47,0
331,15600330,Taylor,475,France,Male,52,4,66554.29,2,1,1,114439.34,0
332,15600331,King,514,Germany,Male,35,6,84079.53,1,1,0,131804.24,1
333,15600332,Harris,850,France,Female,50,8,41064.33,1,1,0,78392.9,0
334,15600333,White,720,France,Male,61,8,21280.72,2,1,1,108791.72,1
335,15600334,Allen,629,France,Female,40,0,66265.96,1,1,0,3276.25,1
336,15600335,King,657,France,Male,47,6,141091.41,2,1,1,95206.09,0
337,15600336,Anderson,846,Germany,Female,33,2,62253.1,1,0,0,164262.24,1
338,15600337,Smith,468,Spain,Female,39,3,0.0,2,1,0,59795.71,0
339,15600338,King,661,France,Female,37,1,7654.69,2,1,0,53159.16,1
340,15600339,Jackson,617,France,Male,47,0,192943.17,2,1,1,154484.28,1
341,15600340,Clark,771,France,Female,51,9,0.0,1,0,1,64151.86,0
342,15600341,Lewis,706,France,Male,38,2,0.0,1,1,1,77815.01,0
343,15600342,Allen,850,France,Female,54,9,103264.39,1,0,1,164260.58,0
344,15600343,Taylor,729,France,Male,54,8,104776.7,2,1,0,12867.11,0
345,15600344,Taylor,607,France,Male,47,0,106179.38,1,1,1,186964.55,1
346,15600345,King,627,Spain,Female,34,2,131414.78,2,1,0,39506.99,0
347,15600346,Allen,716,Spain,Male,33,10,62395.03,2,1,1,43226.32,0
348,15600347,Taylor,791,France,Male,31,4,0.0,1,1,0,154748.97,0
349,15600348,Brown,581,France,Male,48,2,62408.07,1,0,0,24292.61,0
350,15600349,Martin,675,Spain,Male,27,3,150026.9,1,1,0,28169.53,0
351,15600350,Wright,460,Spain,Male,46,3,0.0,4,0,1,18288.14,0
352,15600351,King,622,Germany,Male,28,0,0.0,3,1,1,120999.65,0
353,15600352,Harris,817,Spain,Female,47,5,0.0,1,1,0,168340.34,1
354,15600353,Johnson,797,France,Male,39,10,35344.87,1,0,0,36011.4,0
355,15600354,Allen,723,France,Female,52,6,43489.74,1,1,1,79013.96,0
356,15600355,Harris,823,Spain,Female,50,6,0.0,2,1,0,136019.68,1
357,15600356,Anderson,625,France,Male,53,5,0.0,2,1,0,61040.53,0
358,15600357,Moore,644,Spain,Female,54,6,0.0,2,1,1,38874.72,0
359,15600358,Young,623,Germany,Female,40,2,0.0,1,1,0,181247.44,0
360,15600359,Moore,713,Spain,Male,27,4,140209.35,1,0,0,140528.76,0
361,15600360,Young,850,France,Male,28,6,35888.0,1,0,1,185054.4,0
362,15600361,Lewis,686,Spain,Male,18,9,237556.19,2,1,0,156224.68,0
363,15600362,Smith,539,France,Male,28,4,0.0,1,1,0,69586.23,1
364,15600363,White,543,Spain,Male,40,9,125831.0,1,1,0,5101.94,1
365,15600364,Wilson,566,Germany,Female,33,1,13048.89,1,1,1,93418.84,1
366,15600365,Allen,571,France,Female,37,5,0.0,1,0,0,73449.16,0
367,15600366,Clark,563,Germany,Male,44,6,179563.56,1,0,0,101018.67,0
368,15600367,Young,671,Germany,Female,36,10,0.0,1,1,0,2470.44,1
369,15600368,Wright,512,France,Male,28,1,0.0,3,1,1,106691.9,0
370,15600369,Hall,698,France,Male,38,9,50973.95,1,1,1,82611.47,0
371,15600370,Martin,746,France,Female,30,7,33754.12,1,1,1,136065.98,0
372,15600371,Smith,590,France,Male,36,4,66003.36,2,1,1,53835.37,0
373,15600372,Lewis,683,France,Male,52,10,55654.7,2,0,0,163784.85,0
374,15600373,White,715,Spain,Male,36,7,0.0,2,1,1,185966.82,0
375,15600374,Moore,735,France,Male,57,2,79936.4,1,0,0,33124.83,0
376,15600375,Walker,661,France,Male,53,1,75193.75,1,1,0,129302.17,1
377,15600376,Wright,558,Germany,Female,33,6,176645.53,1,0,1,126719.06,0
378,15600377,Clark,660,France,Male,28,4,0.0,1,1,1,68042.17,0
379,15600378,Hall,635,Germany,Male,38,4,0.0,2,1,0,22755.01,0
380,15600379,Young,664,France,Male,51,7,104556.75,1,1,0,133748.52,1
381,15600380,Lewis,554,France,Male,34,8,0.0,2,1,1,91108.36,0
382,15600381,Anderson,503,Spain,Male,48,7,116868.61,2,1,0,38258.11,0
383,15600382,Jackson,454,Spain,Female,51,9,245434.4,1,1,0,11460.12,0
384,15600383,King,480,Germany,Male,31,1,0.0,2,1,1,189209.88,0
385,15600384,Lewis,473,Spain,Male,32,9,0.0,1,1,1,81767.11,0
386,15600385,Allen,749,Germany,Female,46,10,91228.91,2,1,1,149748.08,1
387,15600386,White,674,France,Female,41,6,0.0,1,1,1,27317.41,1
388,15600387,Anderson,654,France,Male,32,10,0.0,1,0,0,124840.99,0
389,15600388,Anderson,617,Germany,Male,35,4,0.0,1,1,0,5017.44,0
390,15600389,Moore,464,Germany,Male,38,6,0.0,2,0,1,84476.64,0
391,15600390,Lewis,687,Germany,Male,23,2,22892.74,2,1,1,49103.26,0
392,15600391,Young,672,France,Male,47,3,0.0,2,0,0,67083.4,0
393,15600392,Moore,654,France,Male,34,6,202085.91,2,1,1,124837.31,0
394,15600393,Anderson,575,Germany,Male,18,1,109301.34,1,1,1,70972.54,0
395,15600394,Clark,583,France,Female,39,1,55092.0,2,0,1,49449.41,1
396,15600395,Thomas,701,Germany,Male,32,0,0.0,2,0,1,142934.02,0
397,15600396,Walker,576,Germany,Male,56,0,0.0,2,1,1,108401.09,0
398,15600397,Allen,753,France,Male,33,0,74039.15,1,1,1,125463.82,0
399,15600398,Anderson,805,Germany,Male,28,5,0.0,2,0,1,76483.76,0
400,15600399,Harris,759,Germany,Male,44,4,58447.91,1,1,1,51122.32,0
401,15600400,Jackson,659,France,Female,32,9,40986.0,2,1,0,49939.04,0
402,15600401,King,641,Germany,Female,31,7,0.0,2,1,0,198456.41,0
403,15600402,Johnson,660,Spain,Female,44,4,181419.07,2,1,0,133203.3,0
404,15600403,Wright,716,Germany,Female,29,0,0.0,2,1,1,20000.08,0
405,15600404,Harris,791,France,Male,24,7,0.0,2,0,1,128657.85,0
406,15600405,Moore,704,Germany,Female,56,5,72419.81,2,1,0,20658.72,1
407,15600406,White,485,France,Female,45,7,88835.75,1,0,1,59924.4,0
408,15600407,King,560,France,Male,36,1,176091.48,2,1,1,169101.73,0
409,15600408,Wilson,635,Germany,Male,39,9,0.0,1,1,0,182871.49,0
410,15600409,White,746,France,Female,44,7,0.0,1,0,1,172004.36,0
411,15600410,Wright,850,France,Male,49,5,0.0,1,1,1,110878.79,0
412,15600411,Anderson,657,Germany,Male,31,0,0.0,1,0,0,90628.31,1
413,15600412,Smith,715,Germany,Female,43,0,28910.73,1,0,0,49148.58,1
414,15600413,Hall,500,Spain,Female,34,9,30031.7,2,0,1,159628.63,0
415,15600414,Jackson,582,Spain,Male,37,4,2320.9,1,0,0,124563.74,0
416,15600415,King,684,France,Male,41,6,0.0,2,1,0,105905.83,0
417,15600416,Hall,451,France,Male,39,3,99746.21,2,1,0,51805.56,1
418,15600417,Walker,674,France,Female,46,9,0.0,1,0,1,62067.75,0
419,15600418,Hall,613,Spain,Female,44,4,88310.27,1,1,1,49045.58,1
420,15600419,Martin,654,Germany,Male,24,9,37371.12,1,1,1,127569.96,1
421,15600420,Johnson,581,Germany,Female,25,2,31053.35,2,1,1,122293.34,1
422,15600421,Young,701,Germany,Female,35,1,0.0,2,0,0,34283.4,1
423,15600422,Clark,753,France,Male,57,1,82654.06,1,0,0,66395.65,0
424,15600423,Wright,722,France,Female,30,4,0.0,2,1,1,3414.34,0
425,15600424,Brown,719,France,Male,37,3,60047.58,1,0,0,35552.72,0
426,15600425,Lewis,705,Spain,Male,34,1,52927.16,2,1,0,105730.49,0
427,15600426,Martin,648,France,Female,33,4,97922.62,2,1,1,75511.26,1
428,15600427,Hall,608,Germany,Male,41,9,251477.79,2,0,1,117453.08,0
429,15600428,Smith,740,France,Female,53,8,0.0,2,1,1,84241.12,0
430,15600429,Wright,564,France,Male,44,7,76732.83,1,0,1,18732.5,0
431,15600430,Smith,699,France,Female,31,8,116913.52,2,1,1,133323.45,0
432,15600431,Thomas,696,Germany,Female,67,8,0.0,1,0,0,188961.8,1
433,15600432,King,548,Spain,Male,40,7,0.0,1,1,1,54693.42,0
434,15600433,Clark,558,France,Male,33,8,157049.23,1,0,0,41526.28,0
435,15600434,Allen,700,France,Male,53,3,0.0,1,1,1,167613.1,0
436,15600435,Hall,670,Spain,Female,34,7,170473.62,2,0,1,54207.07,0
437,15600436,Thomas,685,France,Female,56,1,87991.27,1,1,0,75589.91,1
438,15600437,Hall,629,Germany,Male,30,8,0.0,2,0,0,44445.81,1
439,15600438,Clark,799,Spain,Male,53,8,0.0,2,1,0,125726.5,0
440,15600439,White,707,France,Female,41,10,0.0,1,1,1,90018.71,0
441,15600440,White,780,France,Male,52,2,146463.05,1,0,1,73986.37,0
442,15600441,Lewis,624,Germany,Male,58,5,162298.41,2,1,0,52157.83,1
443,15600442,Thomas,747,France,Male,28,6,86615.19,1,1,0,190923.78,0
444,15600443,Clark,619,France,Male,52,2,0.0,1,0,0,17096.18,1
445,15600444,Lewis,618,Germany,Female,25,4,0.0,1,0,0,54883.83,0
446,15600445,Smith,531,Germany,Male,29,0,0.0,2,1,0,69177.34,0
447,15600446,Hall,694,Germany,Female,31,10,0.0,1,1,0,163530.76,0
448,15600447,Thomas,551,Germany,Male,44,2,0.0,1,1,1,190345.71,0
449,15600448,Wilson,590,France,Male,39,7,0.0,2,1,0,1553.18,0
450,15600449,Lewis,519,France,Male,37,2,0.0,1,1,0,191972.95,1
451,15600450,Lewis,466,Germany,Male,40,7,0.0,1,1,0,192399.42,0
452,15600451,Martin,642,Spain,Male,45,8,30800.4,3,0,1,182269.37,0
453,15600452,Allen,581,France,Male,46,5,115665.41,2,0,1,183931.2,0
454,15600453,Martin,682,Germany,Male,50,6,240825.38,2,1,1,160521.57,0
455,15600454,Harris,645,France,Male,57,5,0.0,1,0,1,60039.65,0
456,15600455,Anderson,751,France,Male,39,7,12370.41,1,1,1,160267.09,0
457,15600456,King,837,France,Female,34,6,0.0,2,1,0,97823.82,1
458,15600457,Taylor,761,France,Female,45,9,65402.37,1,1,0,108107.08,0
459,15600458,Walker,653,France,Female,28,0,130067.59,1,1,1,4597.05,0
460,15600459,Clark,715,France,Male,32,2,219378.36,1,0,1,95036.34,0
461,15600460,Hall,777,France,Male,49,2,71796.76,2,1,1,54182.42,1
462,15600461,Clark,601,Spain,Male,38,2,163517.17,2,0,0,67489.56,0
463,15600462,Jackson,737,Spain,Male,27,3,29322.61,1,1,1,95096.54,0
464,15600463,Johnson,777,Spain,Male,24,0,46130.02,1,1,0,137582.66,0
465,15600464,Walker,658,Germany,Female,39,10,0.0,1,1,0,15180.12,0
466,15600465,King,695,France,Female,50,1,0.0,1,1,1,120908.34,0
467,15600466,Hall,848,France,Female,50,4,0.0,2,0,1,60081.55,0
468,15600467,Allen,589,Germany,Female,40,10,5846.63,1,1,1,165427.37,0
469,15600468,Harris,624,France,Male,59,5,90067.77,2,1,1,178811.4,1
470,15600469,Smith,704,Germany,Male,38,8,0.0,1,1,1,19938.17,1
471,15600470,Harris,564,France,Male,38,1,0.0,2,1,1,174951.88,0
472,15600471,Johnson,643,Germany,Male,18,8,98896.27,1,1,1,108243.07,0
473,15600472,White,532,France,Male,35,6,0.0,1,1,0,32779.1,0
474,15600473,Thomas,466,Germany,Female,48,8,179986.97,2,1,1,1904.82,1
475,15600474,Martin,673,Spain,Male,55,3,0.0,1,1,1,120908.13,0
476,15600475,Lewis,521,Germany,Female,31,6,0.0,1,0,0,106415.92,1
477,15600476,Taylor,561,France,Female,44,0,28699.75,2,1,0,143136.73,1
478,15600477,Allen,749,Spain,Female,49,7,0.0,1,1,0,101361.06,1
479,15600478,Johnson,666,Germany,Male,39,6,18092.13,2,1,0,4459.35,0
480,15600479,Smith,646,Spain,Female,18,6,165824.52,2,1,0,86533.81,0
481,15600480,White,614,Spain,Female,41,1,164184.7,1,0,1,168225.23,0
482,15600481,Anderson,799,Spain,Male,47,9,0.0,2,0,0,76530.06,0
483,15600482,Clark,850,France,Male,30,8,136489.74,1,1,1,52448.53,0
484,15600483,Clark,709,Spain,Female,36,10,69642.76,1,1,1,58238.26,1
485,15600484,Johnson,395,Spain,Female,27,7,0.0,2,1,0,21067.23,0
486,15600485,Moore,647,Germany,Male,18,0,0.0,2,1,0,76735.14,0
487,15600486,White,548,France,Female,49,10,0.0,1,1,1,155725.08,0
488,15600487,White,606,France,Male,39,0,0.0,1,1,0,12032.06,0
489,15600488,Smith,697,Germany,Male,55,4,0.0,1,0,0,183345.61,0
490,15600489,Jackson,660,Germany,Female,48,1,54832.38,1,1,0,90189.7,1
491,15600490,Brown,517,France,Female,35,0,45217.48,1,1,0,131421.82,1
492,15600491,Allen,583,Spain,Female,38,9,0.0,1,1,1,74650.05,0
493,15600492,Young,761,France,Female,45,10,0.0,1,1,1,53359.44,0
494,15600493,Lewis,804,France,Female,49,7,36526.08,2,1,1,18886.93,1
495,15600494,Thomas,782,France,Male,42,3,93559.49,1,1,0,94313.71,0
496,15600495,King,519,France,Female,50,1,0.0,1,0,1,83781.38,0
497,15600496,Johnson,616,Spain,Male,36,4,122163.54,2,1,1,114468.34,0
498,15600497,Allen,579,France,Male,29,10,0.0,2,1,1,80381.06,0
499,15600498,Anderson,715,Germany,Female,38,5,153111.96,1,1,1,89543.94,0
500,15600499,Taylor,621,Germany,Female,41,7,0.0,1,1,0,157643.05,0
501,15600500,Taylor,552,Spain,Female,27,6,0.0,2,0,0,25386.16,0
502,15600501,Martin,793,Spain,Female,26,6,133835.95,1,1,0,81553.55,0
503,15600502,Wright,594,France,Male,43,0,95288.49,1,1,1,27922.23,0
504,15600503,Anderson,748,Germany,Female,35,2,81184.69,1,1,0,187462.56,0
505,15600504,Martin,591,Spain,Male,37,2,29789.66,2,0,0,165779.28,1
506,15600505,Hall,726,France,Female,35,6,0.0,2,0,1,169395.24,0
507,15600506,Wilson,619,Germany,Male,54,1,33536.49,1,1,0,27432.56,1
508,15600507,Wright,549,Germany,Male,52,9,0.0,2,0,1,175066.57,0
509,15600508,King,762,Germany,Male,27,6,0.0,1,1,1,28647.82,0
510,15600509,Jackson,581,Spain,Female,34,8,76069.76,1,0,0,93201.75,0
511,15600510,King,661,Spain,Female,48,0,199367.61,1,1,1,20020.93,0
512,15600511,Jackson,524,France,Male,45,1,139719.06,2,1,1,186023.06,0
513,15600512,Martin,516,Germany,Female,39,10,66643.58,1,0,1,196751.06,1
514,15600513,Young,799,Germany,Female,28,5,60750.65,2,1,0,84660.29,1
515,15600514,White,664,France,Male,32,1,0.0,2,1,0,189863.0,0
516,15600515,Wright,640,France,Male,34,1,54784.56,2,1,1,18576.91,0
517,15600516,Allen,609,France,Male,42,4,76502.68,1,0,0,182130.65,0
518,15600517,White,575,Germany,Male,56,6,0.0,2,1,0,68879.66,1
519,15600518,King,707,Germany,Male,32,3,177639.22,2,1,1,133551.62,0
520,15600519,Anderson,788,France,Male,29,5,75512.73,2,0,1,71559.2,0
521,15600520,Young,729,Spain,Male,38,2,55908.14,2,1,0,119786.82,0
522,15600521,Harris,709,France,Male,49,3,0.0,2,1,1,45859.49,0
523,15600522,Wright,620,Germany,Male,25,3,0.0,2,1,0,125009.37,0
524,15600523,Anderson,712,Germany,Female,54,3,264.46,1,1,0,101816.64,1
525,15600524,Taylor,839,Germany,Female,37,0,97406.06,1,1,0,72466.65,1
526,15600525,Anderson,624,France,Male,32,3,24610.55,2,0,1,87843.97,0
527,15600526,Wright,685,France,Male,23,3,165010.75,2,1,1,99861.9,0
528,15600527,Lewis,782,France,Female,46,5,0.0,2,1,1,83202.04,1
529,15600528,Allen,839,France,Male,37,8,0.0,1,1,1,13964.69,0
530,15600529,Allen,664,Germany,Female,41,9,0.0,1,0,1,157492.31,0
531,15600530,Taylor,732,Germany,Male,30,5,177853.0,2,0,0,132866.42,0
532,15600531,Martin,625,Germany,Male,36,5,225896.65,1,1,1,136232.45,0
533,15600532,Brown,681,Germany,Male,34,6,152319.71,1,1,1,10305.13,1
534,15600533,Moore,626,Spain,Female,38,6,73357.33,2,1,0,154564.46,0
535,15600534,Jackson,764,Germany,Male,32,0,0.0,1,0,1,155186.75,0
536,15600535,Taylor,813,Germany,Female,24,7,87903.05,2,1,1,158924.39,0
537,15600536,Smith,533,Germany,Female,66,0,92171.78,2,1,1,122933.0,1
538,15600537,White,640,France,Female,25,8,0.0,1,0,0,102901.81,0
539,15600538,Taylor,598,France,Male,41,3,0.0,1,0,0,174545.37,0
540,15600539,Clark,619,France,Male,21,8,31899.68,1,0,0,116494.94,0
541,15600540,Young,627,Germany,Female,19,7,88703.52,1,1,1,18573.13,0
542,15600541,Hall,566,Spain,Male,40,8,52234.26,2,1,1,69703.68,0
543,15600542,Hall,677,France,Male,41,5,70157.73,1,1,1,142633.99,0
544,15600543,Thomas,537,Spain,Male,52,8,0.0,1,1,1,82221.81,0
545,15600544,Martin,736,Spain,Male,43,3,0.0,2,1,0,160054.8,0
546,15600545,White,678,France,Female,38,2,135613.19,1,1,0,93455.49,1
547,15600546,Jackson,547,France,Male,30,2,56519.25,2,1,0,77064.77,0
548,15600547,Lewis,542,Spain,Male,54,7,73846.85,1,1,0,69878.14,0
549,15600548,King,726,Spain,Female,48,1,75224.05,2,1,0,62998.6,0
550,15600549,King,582,Germany,Female,27,5,15988.42,2,1,0,95872.22,0
551,15600550,Thomas,800,Spain,Female,39,8,0.0,2,1,1,119848.96,0
552,15600551,Brown,444,Germany,Female,40,8,0.0,1,1,1,184958.94,1
553,15600552,White,548,Spain,Male,36,7,0.0,1,0,0,146357.45,0
554,15600553,Harris,613,Spain,Male,47,7,0.0,2,1,1,42298.15,0
555,15600554,Lewis,647,Germany,Male,47,0,111824.12,1,1,0,90778.96,0
556,15600555,Allen,714,France,Male,37,10,108920.21,2,0,1,61326.54,0
557,15600556,Walker,630,France,Female,36,6,6035.86,1,1,0,48575.13,0
558,15600557,Lewis,619,France,Male,54,0,50165.63,2,1,1,131653.18,0
559,15600558,Wright,585,Germany,Female,48,8,84747.06,1,0,0,22545.7,1
560,15600559,Lewis,573,Spain,Male,40,2,29452.38,1,0,1,5207.26,0
561,15600560,Young,581,Spain,Female,23,0,86995.76,2,1,0,82720.41,0
562,15600561,White,642,France,Male,42,7,109518.7,2,1,0,27484.28,0
563,15600562,Smith,471,France,Female,46,6,0.0,1,1,0,102186.93,1
564,15600563,Allen,702,France,Female,18,1,0.0,1,1,0,110014.67,0
565,15600564,Clark,657,France,Female,42,6,60242.36,1,1,1,33161.79,0
566,15600565,Brown,639,Spain,Male,35,4,25388.97,2,0,1,139337.15,0
567,15600566,Wright,760,France,Male,37,6,157904.94,1,1,1,22811.7,0
568,15600567,Clark,708,France,Female,30,9,45982.93,2,0,0,123494.52,0
569,15600568,Moore,662,Germany,Male,38,6,0.0,1,1,0,129082.66,0
570,15600569,Allen,713,France,Male,53,1,44310.26,1,1,0,161883.05,0
571,15600570,Thomas,590,Spain,Male,35,1,91277.16,2,1,0,177372.4,0
572,15600571,Young,708,Germany,Male,49,6,0.0,1,1,1,134049.79,0
573,15600572,Wright,730,France,Female,31,2,8446.74,2,1,1,124151.45,0
574,15600573,Thomas,413,Spain,Female,47,3,114587.43,1,0,1,135469.13,1
575,15600574,Wilson,822,Germany,Male,39,6,73365.99,3,0,0,105487.13,0
576,15600575,Brown,682,Germany,Male,43,1,0.0,1,1,0,123380.85,0
577,15600576,Lewis,709,France,Male,39,1,0.0,2,1,1,181192.88,0
578,15600577,White,755,Germany,Male,45,8,0.0,1,0,1,138873.86,0
579,15600578,Lewis,637,France,Female,18,10,0.0,1,1,0,60247.33,0
580,15600579,Brown,610,France,Male,25,0,21161.02,2,0,1,143001.19,0
581,15600580,White,679,France,Female,43,2,0.0,1,1,1,18130.54,0
582,15600581,Harris,850,Germany,Male,19,9,69904.41,2,0,1,90620.97,0
583,15600582,Jackson,640,France,Male,34,3,0.0,1,1,1,78615.77,0
584,15600583,Wilson,588,France,Male,38,4,0.0,2,0,1,66877.33,0
585,15600584,Walker,780,Spain,Male,31,2,0.0,2,1,0,124662.76,0
586,15600585,Anderson,448,France,Female,32,8,198265.24,1,1,1,33837.32,0
587,15600586,Anderson,639,France,Female,42,4,44356.7,1,0,1,188397.82,0
588,15600587,Walker,588,France,Male,49,6,121218.96,2,1,1,51505.39,0
589,15600588,Johnson,711,France,Male,29,10,113704.48,1,1,1,138721.63,0
590,15600589,Brown,663,France,Female,33,6,39972.21,2,0,0,87543.03,0
591,15600590,Clark,543,France,Male,32,10,0.0,1,1,1,40934.85,0
592,15600591,White,713,Spain,Male,18,8,49971.77,2,1,0,84782.5,0
593,15600592,Clark,570,France,Female,40,1,0.0,2,1,1,72490.51,0
594,15600593,Wilson,645,France,Female,48,2,0.0,1,1,1,156065.12,1
595,15600594,Wilson,609,Germany,Male,49,3,44451.86,1,1,1,131720.88,0
596,15600595,Allen,729,France,Male,30,7,80920.39,4,1,1,166632.24,0
597,15600596,White,605,Spain,Male,26,0,62718.89,2,1,0,8333.7,0
598,15600597,Wright,350,France,Male,39,8,0.0,1,1,0,166554.9,0
599,15600598,Hall,542,France,Female,47,4,703.97,1,1,0,82348.29,1
600,15600599,Clark,656,France,Male,41,3,0.0,2,1,1,51715.72,0
601,15600600,Allen,586,France,Female,42,7,0.0,2,0,0,40790.71,1
602,15600601,King,766,France,Female,50,8,0.0,1,1,0,69334.58,0
603,15600602,Martin,551,France,Male,32,2,0.0,1,1,0,69250.83,0
604,15600603,Thomas,706,France,Male,37,3,0.0,2,1,0,28515.17,0
605,15600604,Anderson,728,France,Female,55,0,183066.6,2,0,1,119889.93,1
606,15600605,Johnson,667,France,Female,37,2,0.0,2,0,0,16534.29,0
607,15600606,Johnson,690,France,Male,26,9,0.0,2,1,1,100038.95,0
608,15600607,Thomas,637,France,Male,32,4,0.0,2,1,1,78339.01,0
609,15600608,Taylor,677,Spain,Male,30,7,167659.69,1,1,1,163040.36,1
610,15600609,Johnson,603,Spain,Male,43,0,105316.33,1,1,1,44056.51,0
611,15600610,Brown,672,France,Male,30,0,0.0,2,1,0,112016.92,0
612,15600611,Martin,622,Germany,Male,42,2,198203.84,1,1,1,23637.68,0
613,15600612,Moore,622,Spain,Female,32,8,56424.88,2,1,1,143383.58,0
614,15600613,Smith,585,France,Female,18,8,209327.67,2,1,1,64999.44,0
615,15600614,Taylor,629,Germany,Female,42,0,0.0,1,1,1,191809.09,0
616,15600615,Taylor,796,Germany,Male,40,3,49470.13,2,1,1,181385.27,1
617,15600616,Moore,627,France,Male,44,7,0.0,2,1,0,95737.26,0
618,15600617,Wright,741,France,Male,32,1,47219.5,2,1,1,157863.17,0
619,15600618,Martin,701,Germany,Female,31,3,150686.28,2,1,0,14854.74,1
620,15600619,Wilson,674,Spain,Female,43,6,41435.07,1,1,1,156465.02,1
621,15600620,Allen,678,France,Female,54,6,24131.05,1,1,0,89526.28,1
622,15600621,Smith,652,France,Female,39,4,0.0,2,0,0,18935.3,0
623,15600622,Wright,594,France,Male,43,6,85774.23,1,1,1,55676.44,0
624,15600623,Hall,817,France,Male,36,5,0.0,1,1,1,59878.95,0
625,15600624,Taylor,753,Spain,Male,24,1,8060.05,2,0,1,143347.45,0
626,15600625,Jackson,654,France,Male,49,8,0.0,1,1,1,157305.42,0
627,15600626,Brown,657,France,Male,48,4,0.0,2,0,0,106670.23,0
628,15600627,Thomas,705,Spain,Male,46,1,0.0,2,1,1,66159.38,0
629,15600628,Lewis,547,France,Female,37,5,125653.67,2,0,1,81496.06,0
630,15600629,Wright,574,France,Male,45,9,113936.18,1,1,0,124994.87,1
631,15600630,Taylor,468,Spain,Male,48,4,0.0,1,1,0,126302.71,0
632,15600631,Martin,629,Germany,Male,55,1,0.0,1,1,1,36227.4,0
633,15600632,Lewis,766,Spain,Female,49,9,0.0,1,1,1,100121.07,1
634,15600633,Lewis,623,Spain,Female,40,9,23062.79,2,1,1,113475.6,1
635,15600634,Young,850,France,Female,26,6,152933.15,1,0,0,149915.76,1
636,15600635,Lewis,608,France,Male,41,9,57054.16,1,1,0,93428.94,1
637,15600636,Young,667,Spain,Female,42,1,0.0,2,1,0,187328.58,0
638,15600637,King,623,France,Male,46,6,115115.35,2,1,1,133124.3,0
639,15600638,Lewis,433,France,Male,53,5,94619.95,1,1,1,144430.71,0
640,15600639,Martin,623,France,Female,38,3,0.0,2,1,1,117287.03,0
641,15600640,Harris,568,France,Male,60,3,0.0,1,0,1,169090.76,1
642,15600641,Walker,673,France,Male,21,5,27324.79,1,1,0,71922.35,0
643,15600642,Moore,774,France,Male,43,8,101190.0,1,1,1,6417.64,0
644,15600643,Lewis,616,France,Male,31,9,0.0,2,1,1,22914.81,0
645,15600644,Harris,686,France,Female,20,5,56982.52,2,1,1,85681.31,0
646,15600645,Wilson,629,Germany,Female,37,5,126293.59,2,1,1,78477.84,0
647,15600646,Brown,737,Spain,Male,24,10,118056.81,1,1,0,89419.3,0
648,15600647,Thomas,850,Spain,Male,37,0,0.0,2,1,0,107792.83,0
649,15600648,Clark,794,Germany,Male,39,4,75672.66,1,1,1,81574.79,1
650,15600649,Clark,590,France,Male,50,0,38685.97,1,1,1,9259.85,0
651,15600650,Thomas,784,France,Male,24,10,18973.24,2,0,1,159944.82,0
652,15600651,Clark,679,Spain,Male,48,8,181495.27,2,1,1,186943.84,1
653,15600652,Walker,769,Spain,Male,40,9,99686.2,1,0,1,115809.65,0
654,15600653,Wilson,550,Spain,Male,49,3,24267.01,1,1,0,93599.36,0
655,15600654,Brown,641,France,Female,35,1,39025.43,1,1,1,22814.96,1
656,15600655,Thomas,667,France,Male,26,8,0.0,1,1,1,184642.22,0
657,15600656,King,645,France,Female,27,5,99041.57,2,1,1,72339.79,0
658,15600657,Moore,678,France,Male,26,10,0.0,1,0,1,155082.35,0
659,15600658,Moore,639,Spain,Female,44,9,0.0,2,0,0,38683.96,0
660,15600659,Clark,615,Spain,Male,54,2,88652.99,1,1,0,181793.43,0
661,15600660,Johnson,606,France,Male,33,1,0.0,2,1,1,142403.5,0
662,15600661,Young,571,Germany,Female,45,5,0.0,1,1,1,62680.75,0
663,15600662,White,680,Spain,Male,24,9,103018.95,2,1,1,151700.43,0
664,15600663,White,636,France,Female,41,5,172031.6,1,1,1,60864.21,0
665,15600664,White,598,France,Male,46,8,153130.41,1,1,1,42955.35,0
666,15600665,Smith,505,France,Female,25,4,201148.04,2,0,1,161538.96,1
667,15600666,Walker,702,France,Female,37,10,0.0,2,1,0,185988.94,0
668,15600667,Wilson,716,France,Female,46,8,0.0,1,1,0,10385.38,0
669,15600668,Hall,559,France,Male,18,4,0.0,2,0,0,17416.9,0
670,15600669,Young,660,France,Female,52,1,165267.35,1,0,1,177244.45,0
671,15600670,Thomas,597,France,Male,43,0,41105.6,2,1,0,189448.12,0
672,15600671,Lewis,720,Germany,Female,46,8,0.0,2,1,0,141257.53,1
673,15600672,White,602,France,Female,35,9,41936.47,2,0,1,86112.62,0
674,15600673,King,602,Spain,Female,22,6,0.0,1,1,1,103473.6,0
675,15600674,King,663,France,Female,44,2,57490.21,1,1,1,74204.82,0
676,15600675,Hall,609,Germany,Male,38,5,62109.46,2,0,0,188769.22,0
677,15600676,Moore,603,France,Male,39,9,0.0,2,1,0,136302.02,0
678,15600677,Harris,590,France,Male,50,3,199568.76,1,0,0,189599.9,0
679,15600678,White,607,Germany,Female,47,8,0.0,1,1,0,180799.76,1
680,15600679,Wilson,614,Germany,Female,58,1,102535.42,2,1,1,137081.11,1
681,15600680,Hall,651,Germany,Male,41,10,114045.48,2,0,1,46798.57,0
682,15600681,Thomas,634,France,Male,32,3,0.0,1,1,1,89866.99,0
683,15600682,Anderson,698,France,Female,37,0,45455.52,2,0,1,134779.09,0
684,15600683,Allen,538,Spain,Male,43,6,0.0,1,1,0,93792.53,0
685,15600684,Wilson,850,Germany,Female,49,3,0.0,1,1,0,88509.77,1
686,15600685,Thomas,652,Spain,Female,24,4,148081.22,2,1,1,84621.62,0
687,15600686,Wright,744,Spain,Male,39,0,98830.47,2,1,1,35747.46,0
688,15600687,Smith,697,France,Female,55,1,78971.11,1,0,1,77103.08,0
689,15600688,Smith,662,Germany,Male,37,3,73819.08,2,1,0,197564.97,1
690,15600689,Smith,694,France,Female,48,1,0.0,4,1,0,51309.77,0
691,15600690,Allen,683,France,Male,44,0,0.0,1,1,0,62106.06,0
692,15600691,Wright,633,France,Female,49,9,178721.13,1,1,0,192667.48,0
693,15600692,Brown,850,Spain,Male,31,0,76769.96,2,1,0,102416.94,0
694,15600693,Lewis,758,France,Female,31,5,126939.5,1,1,0,154351.58,0
695,15600694,Walker,495,France,Male,39,1,0.0,1,1,0,49270.33,0
696,15600695,Smith,752,Spain,Male,24,2,54193.97,1,1,0,80539.44,0
697,15600696,Taylor,657,France,Male,36,4,47130.85,2,1,0,124461.18,0
698,15600697,Martin,809,Spain,Male,42,2,63845.18,1,0,0,50112.71,1
699,15600698,Allen,618,France,Male,57,5,145906.97,2,0,1,76961.17,0
700,15600699,Moore,423,France,Female,43,6,84266.75,1,1,1,95200.73,0
701,15600700,Brown,616,Spain,Female,45,9,0.0,2,1,1,168295.92,0
702,15600701,Taylor,495,France,Female,51,5,5728.56,2,1,0,138537.42,0
703,15600702,Lewis,584,France,Female,29,1,0.0,2,1,1,183276.35,0
704,15600703,Taylor,595,France,Male,37,8,72724.69,2,0,1,193389.52,0
705,15600704,Jackson,687,France,Female,63,1,0.0,1,1,1,94563.91,0
706,15600705,Wright,675,Germany,Male,38,5,32599.78,2,1,0,84009.34,0
707,15600706,Moore,712,France,Male,50,8,147477.75,1,1,1,112112.53,0
708,15600707,Moore,704,Germany,Male,49,8,0.0,2,1,0,179573.86,0
709,15600708,Johnson,838,France,Male,24,1,175211.81,1,1,0,3961.09,0
710,15600709,Johnson,650,Spain,Female,42,8,0.0,2,1,1,46403.28,1
711,15600710,Jackson,700,Germany,Male,40,7,0.0,1,1,1,167521.18,1
712,15600711,Wright,736,Spain,Female,42,6,0.0,2,0,0,104416.42,0
713,15600712,Young,587,France,Male,31,10,0.0,2,1,1,166660.81,0
714,15600713,White,527,France,Male,28,7,0.0,1,1,0,130318.56,0
715,15600714,Johnson,686,France,Male,34,9,0.0,1,1,0,162607.84,0
716,15600715,Walker,611,Germany,Female,38,7,95309.54,2,1,1,83685.89,0
717,15600716,Jackson,726,Germany,Female,51,0,42290.56,1,1,0,2005.17,0
718,15600717,Clark,721,Germany,Female,57,8,172486.4,2,1,1,134801.45,1
719,15600718,Lewis,746,France,Female,53,5,0.0,1,1,0,99412.89,1
720,15600719,Brown,574,Spain,Female,48,0,0.0,1,1,0,196670.36,0
721,15600720,Smith,594,Germany,Male,29,0,0.0,1,1,1,24057.95,0
722,15600721,Taylor,660,France,Female,35,6,120452.66,1,1,0,123909.35,1
723,15600722,Harris,633,France,Male,41,9,0.0,2,1,1,60252.91,0
724,15600723,Wright,694,Spain,Male,33,1,121430.81,1,0,0,100475.66,0
725,15600724,Brown,782,Spain,Male,45,5,39141.28,2,1,0,14678.17,0
726,15600725,Clark,640,Germany,Female,46,4,0.0,1,1,1,172201.35,0
727,15600726,Smith,519,France,Female,44,4,0.0,2,0,1,178296.75,0
728,15600727,Taylor,461,Germany,Male,49,9,40816.85,1,1,1,98327.82,1
729,15600728,Wright,525,France,Female,30,5,62847.75,2,1,0,16715.49,0
730,15600729,Harris,521,France,Male,48,10,0.0,1,0,0,116232.67,0
731,15600730,Moore,715,France,Female,32,7,0.0,1,1,1,57343.59,0
732,15600731,Jackson,645,Germany,Male,30,4,10184.66,1,1,1,5006.11,0
733,15600732,Harris,657,Spain,Male,44,7,101716.1,1,1,1,165941.78,1
734,15600733,Johnson,720,Spain,Male,51,4,0.0,2,1,0,25817.52,1
735,15600734,Taylor,782,France,Female,44,9,90357.41,1,1,1,185027.6,1
736,15600735,Walker,631,Germany,Female,39,5,180772.52,1,1,0,132623.4,1
737,15600736,Taylor,722,France,Male,42,7,5748.27,1,0,0,28622.51,1
738,15600737,Clark,684,Germany,Male,40,1,43983.38,2,1,0,53259.23,1
739,15600738,Walker,499,France,Female,28,6,0.0,2,1,0,195323.32,0
740,15600739,Anderson,506,France,Female,27,2,106656.05,2,1,1,129712.75,0
741,15600740,Taylor,617,France,Female,38,8,101648.18,2,1,1,96418.89,0
742,15600741,White,669,France,Male,40,9,0.0,2,0,1,190813.54,0
743,15600742,Anderson,697,Spain,Female,39,6,148791.38,2,1,1,6095.52,0
744,15600743,Harris,631,Spain,Male,46,2,0.0,1,0,0,76704.71,1
745,15600744,Young,485,France,Male,37,7,38158.03,1,1,0,163650.01,0
746,15600745,Allen,614,Germany,Male,45,9,0.0,1,1,0,191025.41,0
747,15600746,Taylor,472,France,Male,38,1,61213.26,1,0,1,156821.15,0
748,15600747,Martin,630,Spain,Male,57,9,65578.58,1,0,1,127458.13,0
749,15600748,Walker,704,Germany,Male,40,7,70709.37,1,1,0,25728.26,0
750,15600749,Hall,692,Spain,Female,62,6,0.0,1,1,1,107366.25,0
751,15600750,Anderson,601,France,Female,43,4,149593.83,1,1,1,114935.56,1
752,15600751,Moore,689,Germany,Male,37,3,131320.33,1,1,0,165656.88,0
753,15600752,Lewis,541,Spain,Male,30,10,0.0,2,1,1,133815.32,0
754,15600753,Anderson,588,France,Male,25,9,15941.04,1,1,1,169093.36,0
755,15600754,Young,489,France,Female,29,9,0.0,2,1,0,116140.26,0
756,15600755,King,598,Germany,Male,30,0,0.0,2,1,0,27111.66,1
757,15600756,Harris,575,Spain,Female,43,3,0.0,2,1,1,149853.58,1
758,15600757,Anderson,610,Spain,Male,34,5,63992.11,1,1,1,127238.31,0
759,15600758,Martin,624,Germany,Female,41,5,165140.82,1,1,0,69640.57,1
760,15600759,Moore,674,Germany,Male,52,1,115987.82,1,0,0,163915.9,0
761,15600760,Moore,460,France,Female,38,8,112611.24,1,1,0,176644.14,0
762,15600761,Lewis,567,France,Female,60,0,0.0,1,1,0,146781.78,1
763,15600762,White,745,France,Male,27,3,31508.31,2,1,0,96807.49,0
764,15600763,Johnson,747,Spain,Female,37,3,0.0,2,1,1,61867.84,0
765,15600764,Allen,655,France,Male,34,1,76522.1,2,1,0,45723.63,0
766,15600765,Wilson,657,Spain,Male,48,7,149850.54,2,1,1,166119.33,0
767,15600766,Martin,541,Germany,Male,18,10,0.0,1,1,0,130160.03,0
768,15600767,Brown,614,Germany,Female,25,1,0.0,1,1,1,128150.69,0
769,15600768,Lewis,730,France,Male,38,1,164878.3,1,1,1,40098.5,0
770,15600769,Thomas,529,Germany,Male,55,1,47421.31,2,1,1,111128.63,1
771,15600770,King,664,France,Male,41,0,0.0,1,1,1,197500.28,1
772,15600771,Brown,704,Germany,Male,25,4,0.0,1,1,0,89341.95,1
773,15600772,Hall,655,France,Female,27,10,148613.96,2,0,0,110340.87,0
774,15600773,Walker,636,France,Female,56,3,19409.87,2,1,0,175196.61,1
775,15600774,Young,635,Germany,Female,33,1,92638.83,2,0,1,174751.95,0
776,15600775,Lewis,699,France,Female,30,0,162381.74,1,1,1,13220.86,0
777,15600776,Lewis,669,France,Female,54,0,78633.69,2,0,0,180569.7,1
778,15600777,Hall,698,Spain,Male,49,1,0.0,1,1,1,131222.81,0
779,15600778,Smith,614,Spain,Male,52,0,0.0,2,1,0,68496.77,0
780,15600779,Taylor,619,Spain,Female,29,8,144296.83,2,0,0,153371.55,1
781,15600780,Martin,703,Spain,Male,24,1,0.0,1,1,0,97666.12,1
782,15600781,Johnson,563,Spain,Male,40,2,0.0,2,1,0,109630.95,0
783,15600782,Taylor,541,France,Male,42,8,105395.66,1,0,1,127553.78,0
784,15600783,Moore,850,France,Male,43,4,0.0,2,1,1,161290.08,0
785,15600784,Moore,691,France,Male,54,7,93052.76,3,1,0,94349.48,1
786,15600785,Allen,626,Germany,Female,22,6,96617.25,1,1,1,51910.61,0
787,15600786,Smith,583,Spain,Female,48,5,76696.57,4,0,0,122479.47,1
788,15600787,Wilson,561,France,Female,28,1,121640.27,1,1,0,194315.45,0
789,15600788,Harris,645,France,Male,48,3,111139.04,1,1,1,19497.71,0
790,15600789,Anderson,641,Germany,Female,34,8,0.0,4,1,0,1340.2,0
791,15600790,Smith,693,France,Male,31,6,212458.85,1,1,1,77659.5,0
792,15600791,King,524,Spain,Female,33,2,25586.64,2,1,1,108815.47,1
793,15600792,Thomas,528,Spain,Male,25,5,0.0,1,1,0,102198.59,0
794,15600793,Jackson,675,Spain,Female,39,7,76602.43,2,0,0,63023.58,0
795,15600794,Clark,687,France,Female,31,7,0.0,1,0,1,186671.2,0
796,15600795,Martin,738,Germany,Female,47,7,36997.46,1,1,1,48789.04,0
797,15600796,Clark,811,Germany,Female,45,7,0.0,2,1,1,24489.24,1
798,15600797,Jackson,624,Spain,Female,56,9,0.0,2,1,0,44754.29,1
799,15600798,Wilson,715,Spain,Male,43,5,0.0,2,1,0,19455.92,0
800,15600799,Allen,549,Germany,Female,44,10,0.0,1,1,1,169173.57,0
801,15600800,Harris,399,Spain,Female,53,9,63283.56,2,1,0,80316.49,1
802,15600801,Clark,555,France,Male,33,10,54466.18,2,1,0,166130.59,0
803,15600802,King,604,Spain,Female,24,2,51337.3,1,1,1,127595.71,0
804,15600803,Smith,850,Spain,Male,41,8,8510.68,2,0,0,94914.26,0
805,15600804,Wilson,489,France,Male,25,2,0.0,2,0,1,20474.29,0
806,15600805,Wright,722,Spain,Female,64,3,65201.34,1,1,0,7438.61,1
807,15600806,Thomas,593,Germany,Female,54,9,136293.96,2,0,0,111475.8,1
808,15600807,Allen,698,Germany,Female,61,0,0.0,1,0,1,40015.64,1
809,15600808,Anderson,654,France,Male,40,1,36364.43,1,1,1,88613.59,0
810,15600809,Jackson,561,France,Male,45,5,21834.7,1,1,0,189285.21,1
811,15600810,Thomas,749,Germany,Male,34,0,74426.92,2,0,1,26745.08,0
812,15600811,Anderson,694,Germany,Male,48,8,0.0,2,1,1,141313.82,0
813,15600812,Young,649,France,Female,27,7,142839.6,2,1,0,42427.37,0
814,15600813,Taylor,678,Germany,Male,18,1,0.0,1,1,1,48189.82,0
815,15600814,Thomas,609,Germany,Male,31,1,180716.71,1,1,1,127733.96,0
816,15600815,Wright,463,Spain,Male,24,7,57293.72,3,0,0,26184.96,0
817,15600816,Young,661,Spain,Male,54,10,0.0,1,1,0,77540.94,1
818,15600817,Moore,850,France,Male,57,7,190218.84,1,1,1,76048.13,0
819,15600818,White,732,France,Female,25,0,69769.85,1,1,1,91069.04,0
820,15600819,Allen,678,France,Female,52,4,57566.14,2,1,1,63707.5,0
821,15600820,Wright,687,Germany,Male,49,10,37727.84,2,0,0,54681.43,0
822,15600821,Moore,650,France,Female,23,1,59613.6,2,0,0,156391.11,0
823,15600822,Allen,433,France,Male,35,0,106166.65,1,1,1,15961.03,0
824,15600823,Martin,548,France,Female,33,2,108128.15,1,0,0,169964.82,1
825,15600824,Johnson,644,Spain,Male,46,2,2188.51,1,1,1,167677.71,0
826,15600825,Thomas,740,Germany,Male,27,9,0.0,1,1,1,186523.6,1
827,15600826,Allen,828,France,Female,38,8,139737.48,1,1,1,47954.88,0
828,15600827,Walker,546,France,Male,32,9,43275.11,1,0,0,183276.59,0
829,15600828,Walker,714,Spain,Male,44,0,72402.1,1,0,1,90091.74,1
830,15600829,Moore,434,France,Male,37,10,83536.57,1,1,0,136754.3,0
831,15600830,King,618,France,Female,34,1,0.0,1,1,1,170356.77,0
832,15600831,Allen,647,France,Female,37,8,158033.86,2,1,1,12536.13,0
833,15600832,Smith,813,France,Female,59,4,97186.52,1,0,1,6954.5,1
834,15600833,Harris,571,France,Female,35,8,34155.47,1,1,0,40370.26,1
835,15600834,Lewis,616,France,Male,29,5,219502.98,2,0,0,112151.84,1
836,15600835,Anderson,746,France,Male,45,9,0.0,1,1,1,155622.22,0
837,15600836,Allen,579,Germany,Male,38,9,160756.88,1,0,1,155095.44,0
838,15600837,Brown,599,France,Male,25,2,0.0,2,1,0,178612.93,0
839,15600838,Allen,510,Spain,Male,61,7,4312.7,2,1,1,111275.5,1
840,15600839,Young,710,Spain,Male,35,8,107553.84,1,0,0,112049.2,0
841,15600840,Taylor,511,France,Male,35,1,77038.41,1,0,0,15690.86,0
842,15600841,Wilson,752,Spain,Male,41,8,0.0,1,1,0,153056.92,0
843,15600842,Harris,529,France,Male,56,3,0.0,1,1,0,96121.14,0
844,15600843,Brown,577,Germany,Female,22,7,0.0,2,1,1,41749.2,0
845,15600844,Martin,536,France,Female,42,4,155571.47,1,0,1,25027.25,0
846,15600845,Clark,623,France,Male,60,5,0.0,1,1,1,177836.48,0
847,15600846,White,754,France,Male,40,3,58915.49,2,0,1,115285.71,0
848,15600847,Johnson,582,Germany,Male,27,4,0.0,3,1,0,123643.43,1
849,15600848,White,555,Spain,Male,33,0,145910.8,1,0,0,48160.27,0
850,15600849,Smith,648,Spain,Female,41,2,0.0,1,1,0,110066.83,1
851,15600850,Jackson,644,France,Male,52,3,2984.66,2,1,1,31815.44,0
852,15600851,Walker,716,Spain,Female,36,0,0.0,2,1,1,83780.23,0
853,15600852,Wilson,522,France,Male,47,2,59492.39,2,1,0,49225.91,0
854,15600853,Anderson,673,Germany,Male,25,3,0.0,1,1,1,33320.13,0
855,15600854,Young,770,France,Female,25,8,155157.42,1,1,0,159894.76,0
856,15600855,Walker,552,France,Male,34,2,1161.59,1,1,0,132341.07,0
857,15600856,Wilson,668,France,Male,53,10,0.0,1,1,0,159917.27,0
858,15600857,Martin,551,France,Female,40,2,141164.11,2,0,0,167182.5,0
859,15600858,White,756,Spain,Male,42,3,0.0,1,1,1,77958.59,0
860,15600859,Young,814,France,Male,42,8,59961.88,1,0,0,151241.2,0
861,15600860,King,534,Germany,Male,50,8,42700.82,1,0,0,146791.03,1
862,15600861,Walker,678,France,Female,33,0,143399.76,3,1,1,49341.61,1
863,15600862,Brown,685,Spain,Female,46,7,0.0,1,1,1,137831.57,1
864,15600863,Anderson,663,France,Male,31,9,0.0,1,0,1,185624.47,0
865,15600864,King,628,France,Female,59,0,195958.26,3,1,1,137164.8,0
866,15600865,Martin,595,Spain,Male,31,1,0.0,1,1,0,65476.47,0
867,15600866,Anderson,498,France,Female,30,9,81921.94,2,1,1,140392.38,0
868,15600867,Young,634,France,Male,44,10,84011.42,2,1,0,116253.14,1
869,15600868,Young,734,Germany,Male,40,4,0.0,2,1,1,161144.24,0
870,15600869,Taylor,757,Germany,Female,42,10,0.0,2,1,0,54360.32,0
871,15600870,Smith,667,France,Female,41,10,129757.14,2,1,1,32456.11,0
872,15600871,Moore,554,France,Male,28,5,72499.93,2,0,1,86508.77,0
873,15600872,King,526,Spain,Male,55,1,0.0,1,1,0,125264.43,0
874,15600873,Anderson,590,France,Female,48,9,66954.97,1,1,1,19368.07,0
875,15600874,Martin,465,France,Male,53,4,153180.19,2,1,1,52653.82,0
876,15600875,Taylor,405,France,Female,34,2,0.0,2,0,1,33415.31,1
877,15600876,Clark,520,Spain,Female,43,6,145099.14,2,1,0,154052.81,1
878,15600877,Lewis,680,Spain,Male,41,0,0.0,1,0,1,140895.47,0
879,15600878,Hall,491,France,Female,50,4,73756.53,2,0,0,125086.66,0
880,15600879,Clark,682,France,Male,51,2,0.0,1,0,1,92618.09,0
881,15600880,Jackson,570,France,Female,41,10,0.0,2,1,1,89498.31,0
882,15600881,Hall,767,Spain,Female,24,1,0.0,1,1,0,103483.11,0
883,15600882,Smith,592,France,Female,57,2,0.0,1,1,0,163706.49,0
884,15600883,Walker,605,France,Male,45,9,0.0,2,0,1,119240.7,0
885,15600884,Lewis,577,Germany,Male,33,3,120697.62,1,1,0,149294.07,0
886,15600885,Hall,579,France,Male,43,10,0.0,2,0,0,52247.12,1
887,15600886,Thomas,659,Spain,Female,24,1,0.0,2,1,1,95558.75,0
888,15600887,Young,678,France,Female,50,1,0.0,1,0,1,126082.35,0
889,15600888,Harris,646,France,Male,24,2,0.0,1,1,0,63036.57,1
890,15600889,Walker,527,France,Female,37,1,141224.48,2,1,0,103897.18,1
891,15600890,Wright,689,Spain,Male,41,5,0.0,1,1,1,168021.88,0
892,15600891,Anderson,533,Germany,Female,49,1,185041.64,2,0,1,15480.23,0
893,15600892,Harris,544,Germany,Male,40,0,126689.92,1,1,0,161797.77,1
894,15600893,Thomas,595,France,Female,45,7,54577.15,2,0,0,120633.73,0
895,15600894,Walker,725,Spain,Male,39,9,16101.18,2,0,1,82259.93,1
896,15600895,Thomas,540,France,Female,39,3,0.0,2,1,0,112253.93,0
897,15600896,Jackson,686,France,Female,40,1,0.0,2,1,0,121192.01,0
898,15600897,Clark,401,Germany,Female,37,3,79452.79,4,1,1,156148.47,0
899,15600898,Smith,699,France,Female,22,10,141272.83,1,1,1,160426.31,0
900,15600899,Wilson,751,France,Female,31,1,0.0,1,1,1,148005.1,0
901,15600900,Wilson,709,France,Male,41,10,98592.78,3,0,1,3432.92,0
902,15600901,Lewis,645,France,Male,37,4,0.0,2,1,0,111425.76,0
903,15600902,Wright,583,France,Male,37,6,168907.23,1,0,1,86285.83,0
904,15600903,Lewis,559,Spain,Male,36,5,0.0,2,0,1,115263.98,0
905,15600904,Harris,568,France,Male,30,1,0.0,2,1,0,121098.07,0
906,15600905,Johnson,592,Germany,Female,34,10,1618.99,2,1,1,123226.84,0
907,15600906,Moore,741,Germany,Male,36,3,47930.87,1,1,0,70002.67,0
908,15600907,Hall,638,France,Female,39,7,0.0,2,0,1,89396.67,0
909,15600908,Wilson,726,France,Male,43,6,63716.63,2,1,1,3205.57,0
910,15600909,Wilson,850,France,Female,37,6,0.0,4,1,0,187088.73,0
911,15600910,Smith,810,Spain,Female,29,3,55381.55,1,1,0,197595.68,0
912,15600911,Walker,648,France,Male,25,0,24431.37,2,1,1,80195.48,0
913,15600912,Anderson,596,Spain,Female,65,6,0.0,2,1,0,83928.64,1
914,15600913,Clark,731,France,Male,28,5,0.0,2,1,0,91910.6,1
915,15600914,Brown,731,Spain,Male,34,7,40877.3,2,0,1,58696.79,1
916,15600915,Walker,702,France,Female,44,10,0.0,1,1,1,87108.47,1
917,15600916,Allen,793,France,Female,43,4,0.0,1,1,1,71736.73,0
918,15600917,Johnson,558,Germany,Male,44,7,0.0,2,1,0,3922.94,0
919,15600918,Walker,678,Germany,Male,35,9,86510.4,1,1,0,25339.4,1
920,15600919,White,646,France,Female,41,10,103976.44,1,1,1,15743.34,1
921,15600920,Hall,716,Germany,Male,40,7,0.0,2,1,1,47766.8,0
922,15600921,White,605,France,Male,36,8,106088.14,1,0,1,19965.37,0
923,15600922,Martin,686,Germany,Female,41,0,52164.06,1,1,0,46047.68,1
924,15600923,Lewis,477,Germany,Female,50,2,66904.14,1,1,0,821.77,1
925,15600924,Hall,648,France,Male,39,10,0.0,1,1,0,197755.2,0
926,15600925,Taylor,816,France,Female,39,5,0.0,1,1,0,21858.01,1
927,15600926,Martin,600,France,Male,50,3,174888.25,1,0,0,168016.8,0
928,15600927,Wright,640,Spain,Female,49,7,0.0,2,1,1,20425.31,0
929,15600928,Young,754,Spain,Male,55,9,28894.78,1,1,1,62274.02,0
930,15600929,Brown,696,France,Male,21,0,81884.96,1,1,0,188310.5,0
931,15600930,King,484,France,Male,48,4,27922.14,2,1,0,62166.14,0
932,15600931,Wright,636,Germany,Female,45,3,0.0,1,1,1,130930.51,0
933,15600932,White,687,Germany,Female,30,0,119616.57,1,1,0,63663.03,1
934,15600933,Wright,783,Spain,Male,42,9,0.0,2,1,1,188577.47,0
935,15600934,Hall,764,France,Female,50,5,0.0,1,1,0,2106.02,0
936,15600935,Moore,644,France,Female,31,9,0.0,1,1,0,50234.93,0
937,15600936,Anderson,712,France,Male,43,2,141934.42,2,0,1,82641.19,0
938,15600937,Young,642,Germany,Female,48,10,169472.71,4,1,1,164894.85,1
939,15600938,Thomas,601,France,Female,28,10,0.0,1,1,1,114607.98,1
940,15600939,Jackson,756,Spain,Female,38,4,126316.3,2,0,0,178960.66,1
941,15600940,Clark,750,France,Male,42,5,0.0,2,1,0,176745.64,0
942,15600941,Smith,676,Spain,Male,31,3,59805.43,2,0,0,191063.18,0
943,15600942,Jackson,587,Spain,Female,30,9,121119.53,1,0,0,36550.01,0
944,15600943,Clark,647,Germany,Female,38,9,15594.14,1,1,1,84466.71,0
945,15600944,Harris,654,France,Female,47,5,0.0,1,0,1,85492.69,0
946,15600945,Anderson,739,France,Male,45,6,0.0,2,0,0,24619.05,1
947,15600946,White,620,France,Female,30,1,57245.83,1,0,0,189021.38,0
948,15600947,Harris,653,Germany,Male,46,6,64704.48,2,1,0,72553.68,1
949,15600948,Martin,668,Germany,Female,31,6,0.0,2,0,0,127855.87,0
950,15600949,Young,624,Spain,Male,23,1,0.0,2,1,0,120838.2,0
951,15600950,Walker,675,Spain,Female,35,2,0.0,1,0,0,47401.31,0
952,15600951,Anderson,661,Spain,Male,50,2,152340.92,2,0,1,114453.86,1
953,15600952,Martin,571,France,Female,46,0,0.0,2,1,1,51273.76,0
954,15600953,Allen,596,Germany,Female,39,0,0.0,1,1,1,57178.55,0
955,15600954,Wright,513,France,Male,35,9,170654.07,2,0,0,110103.9,0
956,15600955,Martin,578,France,Male,35,10,86309.62,2,1,0,91371.08,0
957,15600956,Harris,788,Spain,Female,40,5,146524.19,1,1,0,84662.09,0
958,15600957,King,714,France,Male,28,8,57992.84,1,0,1,78672.46,0
959,15600958,Thomas,572,France,Male,36,8,0.0,1,1,1,150938.9,0
960,15600959,Young,631,Spain,Male,37,10,54861.74,1,1,0,56189.14,0
961,15600960,Allen,566,France,Female,25,0,0.0,2,1,1,62538.9,1
962,15600961,Young,720,Spain,Male,31,6,0.0,2,1,0,115869.48,0
963,15600962,Johnson,674,France,Male,43,5,0.0,1,0,0,192861.34,0
964,15600963,Brown,716,France,Female,39,3,0.0,1,0,0,58224.66,0
965,15600964,King,619,France,Male,36,10,68464.72,1,1,1,83214.36,0
966,15600965,Wright,747,France,Female,30,2,0.0,1,1,1,25677.1,0
967,15600966,Allen,534,Spain,Female,55,8,159968.42,1,0,1,128166.03,0
968,15600967,Martin,592,France,Male,31,9,64675.45,1,1,1,50252.11,0
969,15600968,Anderson,611,Spain,Male,42,4,0.0,2,1,1,105208.83,0
970,15600969,Hall,728,France,Female,34,7,0.0,1,1,1,84018.13,0
971,15600970,Moore,597,Spain,Female,39,3,0.0,1,0,0,155178.5,0
972,15600971,Hall,556,Germany,Male,44,3,96180.19,1,1,0,166579.45,0
973,15600972,Smith,651,Spain,Female,25,5,108755.05,1,0,0,147487.26,0
974,15600973,Allen,850,France,Male,39,5,0.0,1,0,0,90075.22,1
975,15600974,Hall,555,France,Male,51,2,147915.84,1,1,0,83002.07,1
976,15600975,Brown,770,France,Female,57,1,61766.9,3,0,1,82477.88,1
977,15600976,King,649,Spain,Male,38,10,152190.5,2,0,0,100331.65,1
978,15600977,Anderson,651,France,Male,39,8,88640.1,2,1,1,123791.83,0
979,15600978,Wright,592,France,Male,61,1,0.0,1,1,0,64833.62,1
980,15600979,Wright,711,Spain,Male,50,8,116245.44,1,1,0,146409.39,1
981,15600980,Moore,751,France,Male,33,10,0.0,2,1,0,181264.07,0
982,15600981,Anderson,796,Germany,Male,33,7,126864.64,1,1,0,13542.36,1
983,15600982,White,678,France,Male,49,10,139077.54,2,1,1,4338.51,0
984,15600983,Smith,583,France,Female,29,9,0.0,1,1,0,135113.18,0
985,15600984,Clark,823,Spain,Female,50,6,0.0,1,1,1,129180.72,0
986,15600985,Taylor,606,France,Female,42,4,133276.9,2,0,1,91680.77,0
987,15600986,Martin,575,Spain,Female,44,2,0.0,1,1,1,165648.27,1
988,15600987,White,678,France,Female,36,1,0.0,1,1,0,149887.35,1
989,15600988,Thomas,557,France,Male,33,10,0.0,2,1,1,193332.34,0
990,15600989,King,602,Germany,Male,54,7,0.0,2,1,0,167171.02,1
991,15600990,Wright,711,Germany,Male,37,1,193544.75,1,1,1,16385.12,0
992,15600991,Clark,850,Spain,Male,35,7,0.0,1,1,0,83210.67,0
993,15600992,Smith,705,France,Male,38,4,110425.28,2,1,1,71302.73,0
994,15600993,Thomas,765,Spain,Male,41,8,0.0,2,1,1,167005.65,0
995,15600994,Smith,601,France,Male,29,3,0.0,2,1,1,47138.7,0
996,15600995,White,676,France,Female,33,7,161639.51,1,1,0,22003.9,1
997,15600996,Harris,464,Germany,Male,33,10,0.0,2,1,0,15621.28,0
998,15600997,Walker,521,France,Male,47,6,0.0,2,1,0,112397.99,0
999,15600998,Anderson,665,Germany,Female,30,7,0.0,2,1,1,61193.03,0
1000,15600999,Walker,684,France,Male,21,4,0.0,1,1,0,37873.2,0
1001,15601000,Wilson,732,France,Male,19,1,0.0,1,0,1,181898.2,0
1002,15601001,Clark,632,Spain,Female,24,6,66324.79,1,1,0,3013.52,1
1003,15601002,Johnson,796,Germany,Male,53,2,17430.19,1,1,0,88247.68,0
1004,15601003,Lewis,703,Spain,Female,39,9,0.0,2,1,0,97122.83,0
1005,15601004,Clark,474,Germany,Female,44,9,0.0,1,0,1,107806.31,0
1006,15601005,King,474,Spain,Male,44,9,108174.6,1,0,0,152155.24,0
1007,15601006,Anderson,662,Spain,Male,40,10,120625.05,2,1,0,1287.61,1
1008,15601007,Harris,627,Germany,Male,38,9,0.0,2,0,1,47347.14,1
1009,15601008,Thomas,671,France,Male,49,1,0.0,1,1,1,156290.02,0
1010,15601009,Harris,617,France,Female,40,2,0.0,2,0,1,67860.48,0
1011,15601010,Clark,592,France,Male,53,3,88511.25,2,1,1,115180.91,0
1012,15601011,Clark,579,Germany,Male,45,9,0.0,2,1,1,56488.87,0
1013,15601012,Martin,644,Germany,Male,33,10,0.0,2,1,1,16785.27,0
1014,15601013,Allen,731,France,Female,34,6,8816.84,1,1,1,50420.53,0
1015,15601014,Johnson,546,Spain,Male,32,9,157646.02,1,0,0,164860.6,0
1016,15601015,King,637,Germany,Male,51,0,58058.19,2,1,0,68118.92,0
1017,15601016,Young,788,France,Male,35,5,0.0,2,1,1,109794.29,0
1018,15601017,Harris,481,Spain,Male,31,5,0.0,1,1,0,2626.33,0
1019,15601018,Wright,712,Germany,Female,42,7,52128.7,1,0,1,104420.15,0
1020,15601019,Wilson,630,France,Male,38,1,52767.67,2,1,1,144916.17,0
1021,15601020,Moore,574,Spain,Male,42,1,88160.28,2,1,0,116381.01,0
1022,15601021,King,596,France,Female,58,0,0.0,2,1,1,4554.97,1
1023,15601022,Clark,750,Germany,Male,48,2,22654.72,2,1,0,4243.09,1
1024,15601023,Clark,637,Germany,Male,39,6,0.0,1,0,0,177427.75,0
1025,15601024,Young,546,Germany,Male,25,7,163932.67,1,1,1,42901.07,0
1026,15601025,Jackson,566,France,Male,34,6,59829.33,2,1,1,136593.17,0
1027,15601026,White,602,Germany,Female,46,8,230701.37,1,0,1,6301.68,0
1028,15601027,Young,734,Germany,Male,27,7,0.0,1,1,0,60975.26,0
1029,15601028,Hall,601,France,Male,60,7,167262.33,1,1,1,64992.47,1
1030,15601029,Wilson,648,Germany,Female,39,10,81661.64,1,1,1,170456.16,1
1031,15601030,Young,583,France,Female,39,1,60474.78,2,1,1,160900.73,0
1032,15601031,King,611,Spain,Female,32,0,135060.72,1,1,1,166397.21,0
1033,15601032,Wright,634,France,Female,44,5,0.0,1,1,1,188357.07,0
1034,15601033,Martin,560,France,Male,27,6,59140.34,2,1,1,74429.83,0
1035,15601034,Clark,574,France,Male,61,5,103316.64,2,0,0,43578.37,0
1036,15601035,Lewis,599,Spain,Male,52,6,0.0,1,1,0,147409.35,0
1037,15601036,Lewis,796,France,Male,49,7,35694.9,2,1,1,16658.94,0
1038,15601037,Jackson,656,Spain,Female,25,1,164510.61,1,1,1,195508.51,0
1039,15601038,Jackson,563,France,Male,41,0,0.0,2,1,0,149020.28,0
1040,15601039,Thomas,732,France,Male,51,9,0.0,1,1,0,57024.35,0
1041,15601040,Allen,737,Spain,Male,45,7,68350.53,1,1,1,158209.79,0
1042,15601041,Taylor,561,Germany,Male,29,7,8125.33,1,1,0,182295.87,1
1043,15601042,Lewis,808,France,Male,32,7,70507.96,1,0,1,30477.05,0
1044,15601043,King,687,Spain,Male,34,9,63070.47,2,1,1,132143.54,0
1045,15601044,Young,691,Germany,Female,33,6,19211.96,2,0,1,28647.04,0
1046,15601045,Jackson,685,Spain,Male,54,1,0.0,2,1,0,113676.93,0
1047,15601046,Lewis,683,France,Female,20,3,0.0,2,1,0,36505.62,0
1048,15601047,Allen,639,France,Female,46,8,0.0,1,1,1,102078.89,0
1049,15601048,White,713,Germany,Female,26,7,71421.71,1,1,1,99734.25,0
1050,15601049,Martin,618,France,Female,29,3,0.0,1,1,0,59717.37,0
1051,15601050,Johnson,803,Germany,Female,19,7,0.0,1,1,0,10851.95,0
1052,15601051,Jackson,457,Spain,Female,34,9,126311.98,1,1,0,157654.77,1
1053,15601052,Wilson,562,Germany,Male,54,5,0.0,2,1,1,95061.87,0
1054,15601053,Wilson,684,Germany,Male,42,10,228689.3,2,1,0,135775.07,0
1055,15601054,Hall,642,Germany,Male,27,8,100575.67,1,0,0,174643.49,1
1056,15601055,Hall,601,France,Female,49,0,0.0,1,1,0,51111.88,0
1057,15601056,Brown,667,Germany,Male,51,5,0.0,2,0,0,115732.06,0
1058,15601057,Brown,532,France,Male,40,10,80005.28,1,1,1,163948.59,0
1059,15601058,Jackson,549,France,Female,59,3,50346.67,2,1,0,186580.61,1
1060,15601059,Allen,638,Spain,Male,47,2,17899.31,1,0,1,13707.68,0
1061,15601060,King,687,Germany,Male,46,4,88562.23,1,1,0,29889.54,0
1062,15601061,Jackson,580,Germany,Female,31,9,153719.05,1,1,1,24383.33,1
1063,15601062,Young,476,Germany,Male,45,10,0.0,2,1,1,21388.39,0
1064,15601063,Anderson,672,France,Male,41,7,213247.72,1,0,1,184329.16,0
1065,15601064,Walker,697,France,Female,44,10,22565.38,1,1,1,127998.9,1
1066,15601065,Clark,544,Spain,Female,32,9,0.0,2,1,0,175218.86,0
1067,15601066,Harris,612,France,Female,40,5,31130.03,1,0,1,86072.27,0
1068,15601067,Martin,738,France,Female,31,0,72408.6,1,1,0,178477.27,1
1069,15601068,Clark,538,France,Male,18,5,96291.23,4,0,1,127288.76,0
1070,15601069,Lewis,647,France,Male,49,6,64973.67,1,1,1,159519.0,0
1071,15601070,Wright,586,France,Female,24,5,0.0,2,1,1,115600.39,0
1072,15601071,Wilson,850,France,Male,40,2,0.0,3,1,1,59755.71,0
1073,15601072,Brown,531,France,Female,42,10,110924.17,2,1,0,112991.41,0
1074,15601073,Taylor,473,France,Female,42,8,106715.5,1,0,1,145345.38,0
1075,15601074,Wilson,709,Germany,Female,36,9,0.0,1,0,0,133672.29,0
1076,15601075,Wilson,618,France,Male,42,9,0.0,1,1,0,93170.61,0
1077,15601076,Anderson,550,France,Female,44,3,158995.29,1,1,0,4264.1,1
1078,15601077,Clark,602,Spain,Female,46,4,128373.39,1,1,1,115853.96,0
1079,15601078,Young,797,France,Female,56,4,6848.49,1,0,1,185123.04,0
1080,15601079,Moore,650,Germany,Male,41,2,52951.0,1,1,0,185097.76,1
1081,15601080,Brown,792,Germany,Male,40,1,61849.86,2,1,0,172098.47,0
1082,15601081,Clark,530,France,Female,30,7,60840.21,1,1,0,123877.87,0
1083,15601082,Smith,755,France,Female,43,6,65995.72,1,0,0,101882.9,1
1084,15601083,Anderson,556,Germany,Male,46,4,44366.58,1,1,0,4615.5,0
1085,15601084,Thomas,769,Germany,Male,37,0,15955.13,1,1,0,70073.66,1
1086,15601085,Martin,761,France,Female,44,9,207868.57,2,1,0,170728.43,0
1087,15601086,Allen,554,Spain,Male,36,0,87301.4,2,1,1,31712.67,0
1088,15601087,Hall,691,France,Male,46,7,0.0,2,0,1,161438.99,1
1089,15601088,Taylor,670,Germany,Male,48,3,122612.61,1,1,0,54262.1,1
1090,15601089,Thomas,741,France,Male,48,3,0.0,1,1,1,109451.18,0
1091,15601090,Jackson,540,Germany,Male,40,8,0.0,1,0,1,58459.05,1
1092,15601091,Harris,611,Spain,Male,29,1,0.0,2,0,1,54753.98,0
1093,15601092,Taylor,655,Spain,Female,33,4,98464.8,1,1,1,174495.14,1
1094,15601093,Wright,796,Spain,Female,45,5,0.0,2,1,1,138239.54,0
1095,15601094,Smith,656,France,Male,63,5,119446.96,2,1,0,43079.0,1
1096,15601095,Allen,556,France,Female,36,9,240762.65,1,1,1,95567.99,0
1097,15601096,Johnson,681,France,Male,44,2,85548.98,1,1,0,102521.35,0
1098,15601097,Martin,552,France,Male,33,9,0.0,1,1,1,145911.5,0
1099,15601098,Johnson,486,Germany,Male,29,5,0.0,1,1,0,136032.72,0
1100,15601099,King,634,France,Male,32,9,97278.97,2,0,1,134764.9,0
1101,15601100,Johnson,677,France,Female,18,9,0.0,2,1,1,76138.79,0
1102,15601101,Lewis,669,Germany,Male,53,4,6779.12,1,1,0,46274.96,1
1103,15601102,Thomas,655,Germany,Male,18,7,192134.28,2,1,1,100540.53,1
1104,15601103,Moore,823,Germany,Female,36,3,0.0,1,1,1,151001.77,0
1105,15601104,Young,800,Germany,Male,27,9,75332.62,1,0,1,179594.72,0
1106,15601105,Young,570,France,Female,30,9,0.0,2,0,0,146712.98,0
1107,15601106,Wilson,742,France,Male,53,2,0.0,2,1,0,79035.54,1
1108,15601107,White,850,Germany,Male,41,5,0.0,1,1,0,191443.5,0
1109,15601108,Johnson,821,Spain,Female,29,9,0.0,2,1,0,173317.16,0
1110,15601109,Moore,748,France,Male,33,8,214963.92,1,1,1,180973.71,0
1111,15601110,Anderson,637,Germany,Male,31,7,76816.92,1,1,1,56727.19,0
1112,15601111,Allen,523,France,Female,39,9,0.0,2,1,0,196583.97,0
1113,15601112,Hall,557,France,Female,41,7,146214.36,1,1,1,53948.95,0
1114,15601113,Wright,701,Spain,Female,58,2,0.0,2,0,1,32694.0,0
1115,15601114,King,679,Spain,Male,20,0,0.0,1,0,0,42434.43,0
1116,15601115,Walker,657,Spain,Male,39,2,97921.76,2,1,1,129820.64,0
1117,15601116,Taylor,738,France,Male,36,2,180570.56,1,1,1,80138.48,0
1118,15601117,Anderson,763,Germany,Male,48,5,0.0,1,0,0,32124.37,0
1119,15601118,Moore,763,France,Male,43,2,98085.98,1,1,0,149545.97,0
1120,15601119,Brown,721,France,Female,45,1,92010.2,1,1,1,27975.28,0
1121,15601120,Young,700,Germany,Male,42,8,145809.4,2,1,0,14508.92,0
1122,15601121,Wright,599,Germany,Female,30,5,0.0,1,0,1,171466.73,0
1123,15601122,Hall,658,Germany,Female,51,4,0.0,1,1,1,108352.94,1
1124,15601123,Taylor,685,Germany,Male,47,2,0.0,2,1,0,127593.95,1
1125,15601124,Hall,645,Spain,Female,48,6,0.0,1,0,1,199770.62,0
1126,15601125,Jackson,496,Spain,Male,52,6,67827.08,1,0,1,191203.42,0
1127,15601126,Moore,681,France,Male,43,3,0.0,1,1,1,83019.22,0
1128,15601127,Smith,644,France,Female,54,9,41874.88,1,1,1,98703.04,0
1129,15601128,Wright,637,France,Female,43,1,0.0,1,1,1,11985.96,0
1130,15601129,Allen,706,France,Male,37,1,117702.42,1,1,1,97678.14,0
1131,15601130,Wright,704,Spain,Male,39,7,0.0,1,0,0,56058.06,0
1132,15601131,Brown,766,France,Female,39,3,67681.71,2,1,1,151382.49,0
1133,15601132,Clark,707,France,Female,34,6,92041.36,3,1,0,72478.28,0
1134,15601133,Clark,613,France,Male,55,2,94680.64,4,0,1,2745.73,0
1135,15601134,Martin,778,Spain,Male,42,8,54642.72,1,1,1,142264.34,0
1136,15601135,Allen,796,France,Female,40,9,0.0,2,1,1,41049.22,0
1137,15601136,King,648,Germany,Female,43,8,106878.73,1,1,0,54979.79,1
1138,15601137,Wilson,771,France,Male,69,6,14592.99,1,1,1,15638.9,0
1139,15601138,Taylor,666,France,Male,28,6,0.0,2,1,1,156000.73,0
1140,15601139,Clark,762,Spain,Male,31,0,157233.65,1,0,0,49119.97,0
1141,15601140,Wright,778,Germany,Male,25,9,0.0,2,0,1,152563.89,0
1142,15601141,Moore,589,France,Male,37,7,99570.97,1,1,0,4890.56,0
1143,15601142,Martin,786,Spain,Female,41,1,56818.25,1,1,1,128950.34,1
1144,15601143,Allen,654,Spain,Male,34,7,46624.73,2,0,0,24106.17,0
1145,15601144,Walker,688,France,Female,34,10,97012.32,2,1,1,84395.63,0
1146,15601145,Thomas,758,Germany,Male,40,1,0.0,1,1,0,61959.96,0
1147,15601146,Walker,625,Germany,Male,34,0,0.0,2,1,0,156077.48,0
1148,15601147,Anderson,746,Spain,Female,42,10,0.0,1,1,1,158625.91,0
1149,15601148,Harris,666,Germany,Male,50,7,101458.79,2,1,1,170376.68,0
1150,15601149,Lewis,606,Germany,Male,46,3,72548.34,1,1,0,3150.95,1
1151,15601150,Lewis,712,Spain,Female,48,10,0.0,2,0,1,169949.14,0
1152,15601151,Anderson,771,Germany,Male,50,9,68345.16,1,0,0,48363.86,1
1153,15601152,Allen,660,Spain,Female,42,5,0.0,2,1,0,167017.75,1
1154,15601153,Wright,552,Spain,Female,37,9,0.0,1,0,0,167268.69,0
1155,15601154,Anderson,619,Spain,Male,31,10,119252.61,1,1,0,44629.55,0
1156,15601155,Lewis,581,Germany,Female,35,9,142207.89,1,1,1,49202.71,0
1157,15601156,Anderson,850,France,Male,34,0,74332.3,4,1,0,32416.01,1
1158,15601157,White,565,Germany,Female,46,8,141235.32,2,1,0,35741.01,0
1159,15601158,Wilson,429,Germany,Male,42,10,174597.87,2,1,1,190970.77,1
1160,15601159,Smith,613,France,Male,46,6,38279.17,1,0,1,76958.47,0
1161,15601160,Martin,668,Germany,Female,27,4,125083.01,1,0,0,7970.42,1
1162,15601161,Smith,653,France,Female,53,5,40703.66,2,1,0,65875.87,1
1163,15601162,Martin,667,France,Male,35,2,152148.44,1,1,1,9743.22,0
1164,15601163,King,526,Spain,Male,28,8,0.0,1,1,0,196303.49,0
1165,15601164,Allen,656,France,Female,35,1,51641.98,2,1,1,133015.14,1
1166,15601165,White,554,Germany,Male,64,9,19698.57,1,0,0,102473.34,1
1167,15601166,Allen,738,Germany,Female,35,0,40498.35,2,0,0,22522.0,0
1168,15601167,Lewis,539,Spain,Female,36,0,0.0,2,1,1,53282.36,0
1169,15601168,Jackson,642,France,Male,37,9,0.0,1,1,1,154152.38,0
1170,15601169,Martin,573,France,Female,38,1,0.0,2,1,1,180386.44,1
1171,15601170,Harris,742,Spain,Male,31,5,0.0,1,1,1,164094.04,0
1172,15601171,Anderson,604,Germany,Male,40,5,186017.57,1,1,0,133731.53,1
1173,15601172,Taylor,548,Spain,Male,50,8,0.0,2,1,1,108566.49,0
1174,15601173,Smith,752,France,Male,42,9,0.0,2,0,1,92938.77,0
1175,15601174,Clark,457,Spain,Male,28,3,0.0,2,0,1,31482.33,0
1176,15601175,Wright,717,Spain,Male,36,7,30317.34,2,1,0,23660.58,0
1177,15601176,Harris,683,Germany,Male,33,3,75821.33,1,0,1,161501.12,0
1178,15601177,Walker,850,France,Male,40,2,0.0,1,1,1,157905.15,1
1179,15601178,Young,713,Germany,Male,52,3,37643.37,2,0,1,3579.92,0
1180,15601179,Clark,699,Spain,Female,38,0,0.0,2,0,0,104031.39,0
1181,15601180,Lewis,567,Germany,Male,38,8,21071.36,1,1,0,30320.35,0
1182,15601181,Lewis,629,France,Male,57,10,0.0,1,0,0,153380.47,1
1183,15601182,Taylor,675,Spain,Male,48,4,0.0,1,1,1,36741.59,0
1184,15601183,Jackson,788,Germany,Male,45,6,0.0,2,0,1,102525.3,0
1185,15601184,Jackson,575,France,Male,59,2,94371.33,2,1,0,134632.31,1
1186,15601185,Walker,472,Germany,Male,44,4,57056.65,1,1,0,78092.22,0
1187,15601186,Anderson,657,Spain,Female,19,9,112446.03,1,1,0,134252.59,1
1188,15601187,Young,495,France,Male,47,3,34427.47,1,1,0,182816.47,0
1189,15601188,Walker,729,France,Female,23,6,38379.97,1,1,1,143954.8,0
1190,15601189,Taylor,797,Spain,Male,44,4,22730.33,1,0,1,64543.93,0
1191,15601190,Hall,750,France,Male,22,1,20749.91,1,1,1,70431.32,0
1192,15601191,Wilson,601,Spain,Female,34,2,28983.57,4,1,1,66922.95,0
1193,15601192,Jackson,807,France,Female,35,7,183328.49,2,1,0,96043.44,1
1194,15601193,King,576,Spain,Male,31,2,69138.2,2,0,1,18064.79,0
1195,15601194,Allen,555,France,Female,36,6,0.0,2,1,1,4077.63,0
1196,15601195,Thomas,789,Germany,Female,49,4,135551.01,2,0,0,62013.84,0
1197,15601196,King,616,Germany,Male,32,6,0.0,1,1,1,163425.42,0
1198,15601197,Jackson,665,Germany,Female,44,9,143017.04,1,1,1,173700.59,0
1199,15601198,Thomas,748,Spain,Male,29,8,0.0,1,0,0,149614.33,0
1200,15601199,Anderson,543,France,Male,37,6,84507.38,1,0,1,36892.37,1
1201,15601200,Moore,598,Germany,Female,42,5,0.0,1,1,0,98750.36,0
1202,15601201,Anderson,593,France,Female,29,0,99471.77,1,1,0,101508.81,0
1203,15601202,Taylor,627,France,Male,26,3,0.0,2,1,1,38343.9,0
1204,15601203,Clark,581,France,Male,44,7,83338.0,1,1,1,73325.11,0
1205,15601204,Lewis,686,France,Male,50,0,93431.69,1,1,0,58896.43,0
1206,15601205,Harris,685,Germany,Male,38,5,101366.75,2,1,1,50618.82,0
1207,15601206,Clark,650,Spain,Male,34,1,0.0,1,1,0,81248.64,0
1208,15601207,Smith,672,France,Female,41,8,0.0,2,1,0,63641.32,1
1209,15601208,Jackson,586,France,Female,40,7,0.0,2,0,0,185699.02,0
1210,15601209,Young,652,Germany,Female,41,8,0.0,1,1,1,125970.59,1
1211,15601210,Johnson,487,France,Female,18,8,101013.89,1,1,0,116227.43,0
1212,15601211,Lewis,746,France,Male,28,1,140542.87,2,0,1,83571.35,0
1213,15601212,Taylor,596,France,Male,31,1,0.0,2,1,1,90961.46,0
1214,15601213,Harris,600,Germany,Female,41,8,0.0,2,1,0,90134.19,1
1215,15601214,Jackson,559,Spain,Male,41,1,126663.07,2,1,1,3514.88,0
1216,15601215,Anderson,664,France,Female,45,3,0.0,1,1,0,191591.63,0
1217,15601216,Moore,598,France,Female,42,1,0.0,1,1,0,143215.9,0
1218,15601217,White,711,Spain,Male,26,0,64408.39,2,1,0,109466.19,0
1219,15601218,Taylor,548,Spain,Female,53,10,131123.82,2,1,1,47309.57,0
1220,15601219,Young,663,France,Female,52,9,26578.1,1,0,1,876.98,0
1221,15601220,Wright,691,Germany,Female,26,6,0.0,2,1,0,55677.5,0
1222,15601221,Walker,727,France,Female,42,10,82951.15,2,0,0,156452.13,0
1223,15601222,Harris,715,France,Male,33,4,83000.29,2,1,0,194247.0,0
1224,15601223,Taylor,562,Germany,Male,40,2,133816.14,1,1,0,151982.56,0
1225,15601224,Hall,657,France,Female,50,7,125758.52,2,1,1,86325.9,0
1226,15601225,Young,640,Spain,Female,60,4,179214.7,2,1,0,169511.81,0
1227,15601226,Johnson,548,France,Male,47,0,92504.78,2,0,0,199185.64,1
1228,15601227,Martin,647,France,Male,42,8,213119.66,2,0,1,61611.23,0
1229,15601228,Young,515,Germany,Female,36,4,148613.02,1,1,1,81957.44,0
1230,15601229,Johnson,673,France,Female,41,2,82895.36,1,0,1,86349.81,1
1231,15601230,Harris,767,Germany,Male,53,5,142273.7,2,1,1,76714.05,1
1232,15601231,Martin,747,France,Male,39,7,0.0,1,0,0,128756.26,0
1233,15601232,White,688,France,Female,30,1,58758.71,2,0,1,174364.95,0
1234,15601233,Taylor,675,France,Male,23,10,66705.02,2,1,1,173194.39,0
1235,15601234,Lewis,639,Spain,Female,44,2,0.0,1,0,1,20667.24,1
1236,15601235,Brown,850,France,Male,41,6,128926.71,2,1,1,5884.34,0
1237,15601236,Walker,629,Germany,Male,33,1,0.0,1,1,0,87156.92,0
1238,15601237,Brown,522,France,Male,49,10,124588.17,1,1,1,28695.05,0
1239,15601238,Wilson,724,Germany,Male,35,10,37174.38,2,1,0,13985.24,1
1240,15601239,King,695,France,Female,38,4,0.0,1,1,1,21546.49,0
1241,15601240,Clark,543,Germany,Female,39,8,151249.88,2,1,1,126974.15,0
1242,15601241,Wright,611,Germany,Male,35,6,0.0,2,1,0,70087.52,0
1243,15601242,Brown,666,Germany,Female,41,2,0.0,2,1,0,126291.2,1
1244,15601243,Allen,595,Germany,Female,51,1,15983.07,2,0,1,9269.56,0
1245,15601244,Martin,739,Germany,Female,28,9,0.0,1,0,0,186570.41,1
1246,15601245,Allen,575,Spain,Male,44,8,0.0,1,1,1,193392.28,0
1247,15601246,Young,626,France,Male,41,8,15345.45,2,1,1,186871.04,0
1248,15601247,Smith,609,France,Female,41,8,75687.72,4,1,0,47438.0,0
1249,15601248,Hall,694,Germany,Female,48,9,78742.55,2,1,1,172016.47,1
1250,15601249,Wright,711,Spain,Male,39,2,0.0,1,0,1,77650.78,0
1251,15601250,Johnson,694,Germany,Male,44,0,93544.99,1,1,0,139639.74,0
1252,15601251,Young,471,France,Male,46,8,0.0,1,1,0,37772.62,0
1253,15601252,Clark,666,France,Male,34,6,86558.01,2,1,0,84271.91,1
1254,15601253,Walker,696,France,Male,42,1,137838.71,2,1,1,178921.59,0
1255,15601254,Wright,707,Spain,Female,36,5,73530.98,2,1,1,91525.26,0
1256,15601255,Anderson,633,France,Male,38,10,119881.56,1,1,0,186097.09,1
1257,15601256,Brown,652,France,Female,36,8,102619.17,1,1,1,71437.39,0
1258,15601257,Moore,595,France,Female,44,7,0.0,2,1,0,118972.8,0
1259,15601258,Johnson,774,France,Male,40,10,47013.94,2,0,1,88384.87,0
1260,15601259,Johnson,520,Spain,Female,43,5,109275.71,1,1,1,25890.34,0
1261,15601260,Brown,694,France,Female,39,5,0.0,2,1,1,95891.5,0
1262,15601261,Johnson,553,Germany,Female,23,7,0.0,2,1,0,72020.05,0
1263,15601262,White,603,France,Male,39,8,152267.78,1,1,1,39326.34,0
1264,15601263,Wilson,646,France,Female,40,7,87970.92,2,1,1,84735.71,1
1265,15601264,Young,457,France,Male,41,0,0.0,1,0,0,56680.47,0
1266,15601265,Moore,515,France,Male,33,1,0.0,1,1,1,51510.61,1
1267,15601266,Smith,495,France,Male,27,5,60496.74,1,0,0,171769.8,1
1268,15601267,Johnson,691,France,Female,45,7,0.0,2,1,1,153370.65,0
1269,15601268,Wright,749,Spain,Male,36,3,0.0,1,1,0,135379.83,0
1270,15601269,Thomas,495,France,Female,41,3,132623.95,1,0,0,72934.21,1
1271,15601270,Walker,633,Spain,Female,36,1,0.0,2,0,1,46247.57,0
1272,15601271,Clark,677,Germany,Female,39,9,98616.15,1,1,0,126257.58,1
1273,15601272,Johnson,676,Germany,Male,35,0,93322.44,2,1,1,55777.36,1
1274,15601273,Martin,845,France,Female,29,9,111957.64,2,0,1,149977.56,0
1275,15601274,Allen,665,France,Female,44,8,110515.16,2,1,0,96392.95,1
1276,15601275,Walker,560,France,Female,33,6,55171.71,2,1,1,182066.36,0
1277,15601276,Taylor,723,France,Female,41,8,227939.27,2,1,0,179443.11,1
1278,15601277,Taylor,804,Germany,Male,43,1,0.0,2,0,1,88659.92,0
1279,15601278,Young,524,France,Male,33,9,61426.4,1,1,1,190847.07,0
1280,15601279,Hall,702,France,Male,27,4,0.0,1,1,1,132154.38,0
1281,15601280,White,653,Spain,Female,63,1,0.0,2,0,0,121019.47,1
1282,15601281,Anderson,558,Spain,Female,34,9,0.0,2,1,1,18678.91,0
1283,15601282,White,588,Spain,Male,45,6,124722.55,1,1,1,196492.1,0
1284,15601283,White,804,France,Female,58,8,0.0,2,1,0,18332.19,0
1285,15601284,Anderson,725,France,Male,47,2,0.0,1,1,1,53906.6,0
1286,15601285,Wright,691,Spain,Female,36,0,103734.39,2,1,1,34073.71,0
1287,15601286,Wright,505,France,Male,38,3,87018.16,1,0,1,11429.26,0
1288,15601287,Brown,715,France,Female,31,3,38439.15,1,1,0,199759.85,1
1289,15601288,Moore,758,France,Female,48,10,0.0,2,0,0,63803.33,0
1290,15601289,Wilson,518,France,Male,45,5,75843.83,2,0,1,9231.22,0
1291,15601290,Wilson,652,France,Male,34,4,138150.35,2,0,0,25006.44,0
1292,15601291,Clark,748,France,Female,29,4,17219.43,1,1,0,47293.98,0
1293,15601292,Taylor,735,Spain,Male,26,8,25222.11,2,1,0,7747.43,0
1294,15601293,Smith,712,Spain,Male,49,10,61728.12,2,1,1,29352.64,0
1295,15601294,Hall,654,Germany,Female,40,0,60173.58,2,1,0,6419.25,0
1296,15601295,Wilson,755,France,Female,41,7,0.0,1,0,0,33341.36,0
1297,15601296,Anderson,666,France,Male,31,7,86222.25,1,1,0,89040.58,1
1298,15601297,Wright,704,France,Female,24,10,0.0,2,1,1,195159.22,0
1299,15601298,White,683,Spain,Male,49,7,165542.62,2,1,1,135365.56,0
1300,15601299,Harris,547,Spain,Female,39,2,26421.06,1,1,0,107423.58,0
1301,15601300,King,561,France,Female,48,9,166174.16,1,0,1,197922.56,0
1302,15601301,Hall,509,Germany,Female,35,7,0.0,2,0,1,140691.23,1
1303,15601302,Hall,613,France,Male,37,1,0.0,1,1,1,74032.02,0
1304,15601303,Brown,729,Spain,Female,46,7,90961.89,2,0,0,158592.54,0
1305,15601304,Hall,683,Spain,Female,46,7,0.0,1,1,1,96400.91,1
1306,15601305,Allen,647,Germany,Female,47,2,0.0,1,1,1,8046.68,0
1307,15601306,Martin,782,Spain,Male,36,3,14600.0,1,1,1,127174.71,0
1308,15601307,Hall,621,Germany,Female,45,8,0.0,1,1,0,146063.31,0
1309,15601308,White,704,France,Male,50,8,0.0,2,0,0,195784.08,0
1310,15601309,White,617,Germany,Female,38,9,154766.77,1,1,1,19565.2,0
1311,15601310,Wilson,505,France,Female,34,8,0.0,1,0,0,64457.62,0
1312,15601311,Young,577,Germany,Male,52,9,237439.67,2,1,0,144428.86,1
1313,15601312,Jackson,574,Spain,Male,32,5,0.0,1,1,0,129177.71,0
1314,15601313,Brown,512,Germany,Male,45,0,46375.58,1,1,0,103243.36,0
1315,15601314,Jackson,635,France,Male,38,7,0.0,2,1,1,37824.02,0
1316,15601315,Lewis,578,Spain,Male,21,8,129847.71,1,0,0,42181.57,0
1317,15601316,White,795,Spain,Male,50,7,0.0,1,1,1,193686.91,0
1318,15601317,Brown,627,Spain,Male,18,0,38656.27,1,1,0,21224.56,0
1319,15601318,Allen,569,France,Female,19,5,138607.88,1,1,0,146181.86,1
1320,15601319,Walker,544,France,Male,44,8,0.0,1,1,1,401.81,0
1321,15601320,Moore,541,France,Male,44,8,0.0,3,1,0,24762.7,1
1322,15601321,Brown,735,France,Male,33,6,163846.3,1,1,0,170841.25,0
1323,15601322,Harris,744,Germany,Female,40,6,192455.74,2,0,0,61952.24,1
1324,15601323,Martin,456,France,Female,18,3,199531.26,1,0,1,198947.47,1
1325,15601324,Brown,850,Germany,Male,46,6,35220.07,2,1,1,146267.79,0
1326,15601325,Taylor,657,France,Female,41,9,28888.48,1,1,1,73368.16,0
1327,15601326,Allen,749,France,Female,39,4,138068.13,2,1,1,85394.68,0
1328,15601327,Wright,572,Germany,Female,39,10,54003.55,1,1,1,48212.79,0
1329,15601328,Harris,555,Spain,Male,44,9,124715.28,2,0,0,163547.52,0
1330,15601329,Moore,626,France,Female,39,4,0.0,1,1,0,1486.4,0
1331,15601330,Hall,686,Spain,Male,20,0,101715.92,2,0,1,47781.27,0
1332,15601331,Moore,671,Spain,Female,61,1,0.0,1,1,1,174080.76,1
1333,15601332,King,763,France,Male,51,8,0.0,2,0,0,194783.34,1
1334,15601333,Smith,478,Germany,Male,26,1,2936.88,1,1,1,87843.71,1
1335,15601334,Martin,738,Germany,Female,36,9,0.0,1,1,0,165479.46,0
1336,15601335,Moore,700,Spain,Male,37,10,0.0,2,1,1,163111.85,0
1337,15601336,Wright,680,France,Female,50,1,83397.95,1,1,1,154481.06,0
1338,15601337,Harris,519,Spain,Female,18,8,180047.75,1,1,1,168391.26,0
1339,15601338,White,573,France,Male,34,2,102802.22,1,0,1,189200.87,0
1340,15601339,Young,712,France,Female,21,1,91120.0,1,1,0,10610.35,0
1341,15601340,Allen,412,France,Female,36,6,0.0,2,1,1,71827.64,0
1342,15601341,Thomas,466,France,Female,34,8,0.0,1,1,1,140236.18,0
1343,15601342,Wilson,695,Germany,Female,40,10,0.0,2,0,1,38955.91,1
1344,15601343,Martin,705,Spain,Male,33,5,0.0,2,1,1,106235.84,0
1345,15601344,Johnson,578,Spain,Female,31,6,0.0,1,1,1,124684.58,1
1346,15601345,Taylor,577,France,Male,45,2,45308.21,1,1,1,33511.64,0
1347,15601346,Martin,742,France,Male,44,10,49669.31,2,0,1,136909.45,0
1348,15601347,Anderson,736,France,Female,45,2,0.0,1,0,0,7600.7,0
1349,15601348,White,617,Germany,Female,37,7,99668.45,1,1,1,5618.97,0
1350,15601349,Martin,531,France,Male,33,6,182043.06,2,1,0,148332.94,0
1351,15601350,Martin,793,Germany,Female,38,4,0.0,2,1,0,130400.17,0
1352,15601351,Brown,525,Spain,Female,44,5,0.0,2,0,0,152968.59,0
1353,15601352,Walker,716,France,Female,18,8,101099.16,1,1,0,2931.77,1
1354,15601353,Walker,766,Spain,Male,43,2,92498.05,1,1,0,15598.42,0
1355,15601354,Brown,649,France,Male,42,2,0.0,1,1,0,61404.66,0
1356,15601355,Young,593,Germany,Female,40,10,41720.61,1,1,0,20704.18,1
1357,15601356,Brown,493,Germany,Female,38,5,94097.7,1,1,0,66328.66,1
1358,15601357,White,656,France,Male,18,10,0.0,2,0,0,112092.34,0
1359,15601358,Martin,508,France,Male,35,7,0.0,1,1,0,110494.65,0
1360,15601359,Wright,680,Spain,Male,57,4,0.0,1,0,0,18301.28,0
1361,15601360,Lewis,454,Germany,Male,39,0,51787.29,1,0,1,14379.93,0
1362,15601361,Hall,487,France,Female,36,2,0.0,2,1,0,8888.83,0
1363,15601362,Johnson,663,Spain,Male,39,7,0.0,2,1,1,175938.46,0
1364,15601363,White,731,Spain,Female,43,3,0.0,2,1,0,152485.27,0
1365,15601364,Wright,622,Spain,Female,46,8,111732.2,2,1,1,164733.84,0
1366,15601365,Jackson,752,France,Male,37,5,107462.32,1,1,0,3759.42,0
1367,15601366,Anderson,596,Spain,Female,43,9,0.0,2,1,0,143611.92,0
1368,15601367,Wright,850,Germany,Male,56,3,108479.49,1,0,0,126698.06,0
1369,15601368,Thomas,521,France,Female,49,3,0.0,1,0,1,19425.4,0
1370,15601369,King,581,France,Male,62,9,15638.46,2,1,1,116426.5,1
1371,15601370,Young,781,Germany,Male,32,4,0.0,1,1,1,12789.93,0
1372,15601371,Wilson,625,France,Female,56,6,23379.65,2,1,1,90669.27,1
1373,15601372,Johnson,742,Germany,Male,31,6,127028.0,1,1,1,136730.84,0
1374,15601373,Jackson,522,France,Female,43,9,108767.1,1,0,1,12288.9,1
1375,15601374,Wright,558,France,Male,46,6,16113.01,2,1,0,102235.09,0
1376,15601375,Brown,708,Germany,Male,34,4,99470.42,2,1,0,138046.41,0
1377,15601376,Taylor,511,France,Male,40,8,0.0,2,0,1,10124.56,0
1378,15601377,Young,532,Spain,Male,48,1,0.0,1,1,1,174047.83,0
1379,15601378,Young,639,France,Female,32,7,131477.58,2,0,0,70897.73,0
1380,15601379,Lewis,778,Spain,Female,56,9,79103.14,1,1,1,62889.44,0
1381,15601380,Thomas,686,France,Female,25,7,0.0,2,1,0,24304.34,0
1382,15601381,Wright,630,France,Male,58,2,80560.78,2,1,0,197066.89,0
1383,15601382,Walker,666,Germany,Male,49,4,138943.17,4,1,1,115643.05,1
1384,15601383,Hall,481,France,Male,38,7,123041.7,2,0,0,116656.19,0
1385,15601384,Martin,594,Spain,Female,35,9,81858.73,1,1,1,121984.56,0
1386,15601385,Wright,693,France,Male,34,8,147168.65,1,0,0,83476.17,0
1387,15601386,Moore,673,Germany,Female,38,6,191149.3,1,1,0,76564.05,1
1388,15601387,Young,709,France,Male,39,3,234666.62,1,1,1,109770.7,0
1389,15601388,Taylor,718,Germany,Male,52,3,233796.16,1,0,1,33009.31,0
1390,15601389,Johnson,672,France,Female,59,2,275340.97,1,1,0,117776.55,0
1391,15601390,Martin,406,France,Female,41,10,159645.87,2,1,0,99567.95,1
1392,15601391,Jackson,683,France,Female,31,7,0.0,1,0,1,29628.45,0
1393,15601392,Taylor,603,France,Male,34,5,89154.86,1,1,1,155896.99,0
1394,15601393,Moore,613,Spain,Male,37,9,0.0,1,1,0,15105.99,0
1395,15601394,Jackson,614,France,Male,29,5,0.0,1,1,0,48049.56,0
1396,15601395,Wright,678,Germany,Female,27,9,56603.25,1,1,1,33799.43,1
1397,15601396,Taylor,507,France,Male,60,9,103725.56,2,1,1,91560.68,0
1398,15601397,Moore,484,France,Male,42,8,66956.56,2,0,1,141636.9,1
1399,15601398,Allen,530,Spain,Female,31,10,0.0,3,1,0,48449.83,1
1400,15601399,Allen,739,Spain,Male,47,2,2509.15,2,1,1,30275.74,1
1401,15601400,Lewis,608,France,Female,27,3,0.0,1,0,1,113125.38,0
1402,15601401,Wright,699,France,Male,28,2,0.0,1,0,1,133127.25,0
1403,15601402,Allen,697,France,Male,31,2,0.0,2,1,0,190194.33,0
1404,15601403,Clark,688,Spain,Female,56,0,87629.94,1,0,1,121598.68,1
1405,15601404,Allen,701,Spain,Male,36,9,0.0,1,1,1,113593.12,1
1406,15601405,Martin,599,France,Male,18,5,0.0,1,1,0,94521.16,0
1407,15601406,Wright,715,Germany,Female,51,8,0.0,1,1,1,55912.4,0
1408,15601407,Jackson,687,Germany,Male,36,4,0.0,1,1,1,190214.26,1
1409,15601408,Hall,496,Spain,Male,21,9,0.0,2,1,0,142162.83,0
1410,15601409,Johnson,656,Germany,Female,36,1,0.0,1,1,1,94741.75,1
1411,15601410,Taylor,636,France,Female,44,9,143047.15,2,0,1,106438.08,0
1412,15601411,Johnson,695,France,Female,43,3,42640.39,2,1,0,191613.72,0
1413,15601412,Allen,652,France,Female,57,5,10012.03,1,1,1,97095.52,0
1414,15601413,Allen,627,France,Female,30,6,0.0,2,1,0,198676.1,0
1415,15601414,Johnson,801,Spain,Female,39,6,135769.26,2,1,0,114258.98,0
1416,15601415,Martin,709,Germany,Female,32,3,0.0,1,1,1,183410.46,0
1417,15601416,Clark,654,France,Male,24,9,90365.47,1,0,0,144771.87,0
1418,15601417,Martin,542,France,Female,48,9,9507.97,2,0,0,21770.15,1
1419,15601418,Anderson,662,France,Male,44,4,153007.27,1,1,1,123069.8,0
1420,15601419,Clark,567,Germany,Male,42,3,77782.55,1,1,0,190591.88,1
1421,15601420,Anderson,490,France,Male,43,9,84391.05,2,1,0,66728.78,0
1422,15601421,Smith,611,Spain,Female,32,5,100355.89,2,1,1,71437.44,1
1423,15601422,Young,617,France,Male,29,10,137459.55,1,1,1,23147.84,0
1424,15601423,King,750,France,Male,39,6,0.0,1,1,1,102301.35,0
1425,15601424,Wright,744,Germany,Male,51,1,73372.32,1,0,1,59730.2,0
1426,15601425,White,715,Germany,Female,55,9,47862.54,1,0,0,154305.46,1
1427,15601426,Wright,641,France,Female,47,2,168017.14,2,1,1,41208.0,1
1428,15601427,Clark,643,Germany,Male,39,10,183552.4,1,1,0,147586.14,0
1429,15601428,Taylor,704,Spain,Female,42,7,0.0,2,1,0,81911.08,1
1430,15601429,Taylor,712,Germany,Male,39,6,0.0,2,1,1,187753.02,0
1431,15601430,Martin,685,France,Female,29,0,0.0,2,1,0,114715.33,0
1432,15601431,Johnson,699,Spain,Male,39,3,0.0,1,0,0,177268.78,1
1433,15601432,Thomas,643,France,Male,26,4,0.0,2,1,1,51448.76,0
1434,15601433,Brown,623,Spain,Male,38,2,40577.76,2,1,0,189389.57,0
1435,15601434,Walker,435,France,Male,55,3,151110.55,1,0,0,43378.53,1
1436,15601435,Walker,617,France,Male,47,9,0.0,2,1,1,189136.47,0
1437,15601436,Martin,580,France,Male,30,9,63761.9,1,1,0,175134.0,0
1438,15601437,Walker,659,Spain,Male,38,9,0.0,2,1,1,40429.96,0
1439,15601438,Walker,584,France,Male,31,6,0.0,2,0,1,131351.84,0
1440,15601439,Clark,663,Spain,Male,38,7,0.0,2,0,1,73844.91,0
1441,15601440,Anderson,469,Germany,Female,49,8,0.0,1,0,1,80317.28,0
1442,15601441,Wilson,557,France,Male,46,1,0.0,2,1,0,7911.82,0
1443,15601442,Thomas,581,Spain,Female,64,3,0.0,2,0,0,165682.26,1
1444,15601443,Martin,548,France,Female,51,0,239149.47,1,1,1,51921.63,0
1445,15601444,Taylor,850,Germany,Male,41,2,50305.14,2,1,0,153756.34,0
1446,15601445,Smith,453,France,Male,46,7,104556.61,2,1,0,117838.22,0
1447,15601446,Young,716,Spain,Male,37,6,93911.49,2,1,1,194154.58,0
1448,15601447,Hall,747,Germany,Female,28,7,96718.66,1,1,1,40166.61,0
1449,15601448,White,607,Germany,Female,52,10,106327.25,2,1,1,64107.33,1
1450,15601449,Martin,682,Spain,Male,49,5,1612.6,1,1,1,33302.15,0
1451,15601450,King,709,France,Female,37,4,0.0,1,1,1,166457.7,0
1452,15601451,Harris,663,Spain,Male,42,9,73866.59,2,1,1,66073.81,0
1453,15601452,Wilson,479,Germany,Female,51,8,162806.18,1,1,0,39034.74,1
1454,15601453,Taylor,689,Spain,Female,47,4,133020.55,2,1,0,118403.71,1
1455,15601454,Thomas,744,France,Male,24,8,0.0,1,0,0,75522.6,0
1456,15601455,Taylor,850,Germany,Female,41,3,111675.04,2,1,0,162446.26,1
1457,15601456,Thomas,516,Spain,Female,37,4,91657.09,1,0,1,152748.28,0
1458,15601457,Jackson,633,Spain,Female,50,0,0.0,1,1,1,23993.05,0
1459,15601458,Smith,647,France,Male,49,5,83581.71,2,1,1,171176.82,1
1460,15601459,Allen,640,Spain,Male,52,2,95099.4,2,1,1,196512.99,0
1461,15601460,Allen,488,France,Female,28,10,74133.14,2,1,1,150187.63,0
1462,15601461,Hall,757,Spain,Female,31,9,0.0,2,1,0,164792.07,0
1463,15601462,King,747,France,Male,50,1,62145.22,1,1,0,183488.26,0
1464,15601463,Anderson,687,Spain,Female,33,5,0.0,2,1,0,157171.87,1
1465,15601464,King,609,Germany,Male,24,0,108400.44,1,0,0,116951.11,0
1466,15601465,Moore,629,France,Female,44,8,106891.64,1,0,1,13642.38,0
1467,15601466,Moore,622,Germany,Female,34,4,178763.28,3,1,1,96893.54,1
1468,15601467,Wilson,515,France,Male,57,6,113959.83,2,0,0,156589.41,0
1469,15601468,Allen,718,Germany,Female,42,10,0.0,2,1,0,51251.73,1
1470,15601469,Wilson,652,Germany,Male,41,9,106176.38,1,1,1,130708.04,0
1471,15601470,Wilson,717,Spain,Female,35,8,56255.03,2,1,0,63039.88,0
1472,15601471,Brown,675,Spain,Female,55,8,34390.75,2,1,0,172434.59,0
1473,15601472,Moore,552,Germany,Male,43,6,0.0,1,1,1,72657.65,0
1474,15601473,Wilson,560,France,Female,35,3,100064.83,1,0,0,9104.14,0
1475,15601474,Thomas,777,France,Male,31,3,0.0,1,1,1,116471.89,0
1476,15601475,Harris,704,Spain,Female,38,6,156289.8,2,1,0,9161.68,0
1477,15601476,Johnson,613,Germany,Male,29,7,165580.97,2,0,0,43144.3,0
1478,15601477,Clark,704,Germany,Male,49,6,97522.21,1,1,1,100293.83,0
1479,15601478,Lewis,565,Germany,Female,21,10,0.0,1,1,1,158656.83,0
1480,15601479,Johnson,755,France,Male,38,9,1494.26,1,1,1,64019.39,0
1481,15601480,Jackson,518,Germany,Male,45,3,89741.9,2,1,1,57875.88,0
1482,15601481,Hall,669,France,Female,42,3,0.0,2,0,1,22609.32,0
1483,15601482,Walker,637,Spain,Male,32,7,135429.05,4,0,1,117136.7,1
1484,15601483,Young,651,France,Male,46,8,49081.75,2,1,0,106513.0,0
1485,15601484,King,713,France,Female,30,6,0.0,2,0,1,1785.18,0
1486,15601485,Wilson,747,France,Female,39,2,1210.33,1,1,1,140585.81,0
1487,15601486,Thomas,610,France,Female,46,9,0.0,2,1,0,92081.97,0
1488,15601487,Young,457,Spain,Female,44,0,96792.14,1,0,0,57836.97,0
1489,15601488,Harris,483,France,Male,32,4,0.0,2,0,1,142160.72,1
1490,15601489,White,613,France,Male,51,5,0.0,2,1,0,162360.48,0
1491,15601490,Thomas,653,France,Male,40,10,105610.0,1,0,0,119432.23,0
1492,15601491,White,686,France,Female,46,8,0.0,2,1,1,18897.44,0
1493,15601492,Clark,669,France,Female,54,4,195266.14,3,1,1,181160.13,1
1494,15601493,Walker,736,France,Male,50,0,64186.72,1,1,1,3576.62,0
1495,15601494,Brown,825,Spain,Male,50,10,0.0,1,1,1,41875.82,1
1496,15601495,Hall,659,Spain,Male,41,10,0.0,1,1,0,52887.49,0
1497,15601496,Allen,685,Spain,Female,47,3,0.0,2,1,0,74003.97,0
1498,15601497,Walker,576,France,Female,41,1,0.0,2,1,1,71104.15,0
1499,15601498,Smith,655,France,Female,27,3,0.0,1,0,1,179790.73,0
1500,15601499,Anderson,670,Germany,Male,42,6,0.0,2,1,0,159231.39,0
1501,15601500,Harris,665,Spain,Female,42,8,21123.91,1,1,1,40293.9,0
1502,15601501,Johnson,577,France,Male,45,2,179869.57,2,1,1,190824.24,1
1503,15601502,Johnson,666,France,Male,38,2,0.0,2,1,0,72462.31,0
1504,15601503,Hall,659,France,Female,31,10,0.0,2,1,0,43718.09,0
1505,15601504,Moore,681,France,Male,46,3,161860.58,1,1,1,189144.46,0
1506,15601505,Johnson,611,France,Male,26,6,0.0,3,0,1,114379.73,0
1507,15601506,Wright,651,Spain,Male,54,5,0.0,1,1,1,117942.61,1
1508,15601507,Thomas,850,Spain,Female,37,4,0.0,1,1,1,131201.1,0
1509,15601508,Hall,655,Spain,Female,41,3,0.0,2,1,1,125049.15,0
1510,15601509,Martin,754,Germany,Female,45,7,159833.55,1,1,0,125980.76,0
1511,15601510,Lewis,788,Germany,Female,45,3,0.0,2,1,1,402.3,1
1512,15601511,Martin,509,Spain,Male,25,2,201030.67,2,0,0,137139.31,1
1513,15601512,King,631,Germany,Male,47,6,134393.49,1,1,0,148429.64,0
1514,15601513,Harris,635,France,Female,42,1,96521.19,1,0,0,5397.37,0
1515,15601514,Hall,845,France,Male,33,3,76728.59,2,1,1,124898.72,0
1516,15601515,Brown,833,France,Male,32,7,0.0,1,1,0,52937.91,0
1517,15601516,Moore,509,Spain,Female,36,3,0.0,2,1,0,125657.58,0
1518,15601517,Moore,552,Germany,Female,26,9,0.0,2,1,0,52991.29,1
1519,15601518,Taylor,769,France,Male,56,6,0.0,2,0,0,19193.0,0
1520,15601519,Johnson,599,Germany,Male,54,1,0.0,1,0,1,35660.63,0
1521,15601520,Harris,713,France,Male,44,10,22847.13,2,1,0,183554.97,0
1522,15601521,Clark,629,Germany,Female,37,4,201947.44,1,0,1,87832.0,0
1523,15601522,Wright,546,France,Female,37,3,0.0,1,0,1,183266.06,1
1524,15601523,King,777,France,Female,47,8,66264.57,2,1,1,96799.2,1
1525,15601524,Hall,579,France,Male,57,6,0.0,1,1,1,179670.76,0
1526,15601525,Harris,637,France,Male,33,8,74326.17,1,1,1,113519.29,0
1527,15601526,Lewis,540,France,Female,28,10,53430.86,1,1,0,70212.42,1
1528,15601527,Johnson,542,France,Male,54,9,153453.47,2,0,0,44434.95,0
1529,15601528,Harris,656,Germany,Male,21,6,0.0,1,1,1,74249.15,0
1530,15601529,Smith,558,Spain,Male,29,1,0.0,1,0,0,35393.85,0
1531,15601530,Johnson,796,France,Male,37,1,98509.48,1,0,1,196288.75,0
1532,15601531,Hall,717,Spain,Female,23,1,115337.28,2,1,0,69735.06,0
1533,15601532,Wilson,727,Spain,Male,50,4,0.0,4,0,0,111391.05,0
1534,15601533,Walker,622,France,Female,48,0,94008.71,1,0,0,199338.61,0
1535,15601534,Taylor,624,France,Female,33,6,79614.65,1,1,1,103787.6,0
1536,15601535,Wright,693,France,Male,52,1,0.0,1,0,1,62140.52,0
1537,15601536,White,388,France,Male,53,3,10724.97,1,0,0,122806.46,0
1538,15601537,Jackson,606,Spain,Male,38,8,0.0,2,1,0,163434.6,0
1539,15601538,Walker,473,France,Male,34,7,0.0,2,1,1,123292.47,0
1540,15601539,Clark,672,Spain,Male,62,9,0.0,1,1,1,44079.61,1
1541,15601540,White,538,Spain,Male,46,1,0.0,1,0,1,38501.71,0
1542,15601541,Clark,638,France,Female,42,3,0.0,3,1,1,143438.48,1
1543,15601542,Martin,564,Spain,Male,53,3,77766.4,1,0,1,169773.72,0
1544,15601543,Smith,788,France,Male,42,1,106922.77,1,1,0,139833.33,0
1545,15601544,Smith,850,Germany,Male,34,1,12419.02,2,1,1,18659.58,1
1546,15601545,Jackson,739,France,Female,40,4,42179.84,2,1,1,64457.3,0
1547,15601546,Moore,744,Germany,Male,49,10,45930.5,1,1,0,137104.54,1
1548,15601547,Hall,646,Spain,Male,19,3,0.0,2,0,1,142212.12,0
1549,15601548,Hall,589,France,Male,36,7,180511.82,1,0,0,92838.28,0
1550,15601549,Thomas,463,Spain,Male,53,3,65762.37,2,0,0,59621.25,0
1551,15601550,Allen,668,Germany,Female,34,7,159729.3,1,1,0,18451.55,0
1552,15601551,Thomas,621,Spain,Male,54,4,45825.85,3,1,0,10607.1,1
1553,15601552,Taylor,672,Germany,Male,53,0,54582.23,2,1,1,22838.14,0
1554,15601553,Wilson,581,Germany,Male,38,8,78877.52,1,1,0,67485.88,0
1555,15601554,Harris,505,France,Male,33,7,0.0,2,1,1,122000.13,0
1556,15601555,Jackson,538,France,Male,36,0,10805.47,2,1,0,169633.17,0
1557,15601556,Allen,799,Spain,Male,66,2,98029.76,2,0,1,50161.85,0
1558,15601557,Anderson,838,France,Male,58,2,7083.7,2,1,0,15126.69,0
1559,15601558,Jackson,498,Germany,Female,40,4,0.0,1,1,0,193171.41,1
1560,15601559,Young,585,Germany,Male,33,6,42966.61,2,0,1,123373.95,0
1561,15601560,Hall,481,France,Female,40,0,129629.91,2,0,0,28438.1,1
1562,15601561,Johnson,656,France,Female,41,0,41222.84,1,1,0,50139.53,1
1563,15601562,White,658,Germany,Male,27,9,0.0,1,1,0,83744.11,1
1564,15601563,Moore,639,France,Female,40,5,0.0,3,1,0,193474.58,0
1565,15601564,Jackson,601,Germany,Male,52,4,0.0,2,1,0,23466.71,1
1566,15601565,Harris,674,France,Female,21,2,60997.35,3,1,1,85457.35,0
1567,15601566,Young,713,Spain,Female,47,2,57679.7,1,0,0,87445.3,1
1568,15601567,Thomas,717,France,Male,53,3,0.0,1,0,1,198433.28,1
1569,15601568,Lewis,768,Spain,Female,33,10,30939.79,1,1,1,38556.28,0
1570,15601569,Martin,616,France,Male,56,9,97757.38,1,1,0,93680.85,1
1571,15601570,Hall,593,Spain,Female,32,1,0.0,1,1,1,197370.88,0
1572,15601571,Martin,742,France,Female,43,8,0.0,1,1,0,131387.43,0
1573,15601572,Harris,595,Spain,Female,36,3,0.0,2,1,0,33022.56,0
1574,15601573,Allen,629,Germany,Female,36,9,71096.9,2,1,0,187208.28,1
1575,15601574,Walker,597,France,Male,33,2,81046.31,1,0,0,108560.66,1
1576,15601575,Allen,815,France,Female,46,9,99768.07,1,1,1,162806.05,0
1577,15601576,Taylor,707,France,Male,47,10,0.0,1,1,0,161204.02,0
1578,15601577,Walker,540,Spain,Male,38,6,0.0,1,0,1,110512.29,1
1579,15601578,Anderson,650,Spain,Male,25,8,0.0,2,1,0,163239.92,0
1580,15601579,Wilson,689,Spain,Male,43,1,0.0,1,1,1,176975.11,0
1581,15601580,Anderson,541,France,Female,43,5,0.0,1,1,0,162528.78,1
1582,15601581,Wilson,684,France,Female,37,4,0.0,2,1,1,126219.1,0
1583,15601582,Wright,635,Spain,Male,58,0,105128.17,2,1,1,117526.33,0
1584,15601583,Jackson,531,France,Male,23,10,157601.96,2,1,0,92691.28,1
1585,15601584,Jackson,519,Germany,Male,18,6,0.0,1,1,0,16228.75,1
1586,15601585,Allen,783,France,Male,32,0,119236.06,2,0,0,95506.62,0
1587,15601586,Smith,569,Spain,Female,46,9,32591.71,1,0,1,125889.6,0
1588,15601587,Wilson,748,France,Female,28,8,0.0,2,1,1,90500.26,0
1589,15601588,Hall,714,France,Male,29,3,0.0,1,0,0,83716.89,0
1590,15601589,King,590,Spain,Male,49,7,0.0,1,1,0,47240.0,1
1591,15601590,Clark,698,Spain,Male,44,0,0.0,2,0,0,73212.42,0
1592,15601591,Anderson,682,Germany,Male,43,4,102012.68,1,1,1,40813.44,0
1593,15601592,Allen,738,France,Female,47,2,0.0,1,1,1,15591.93,1
1594,15601593,Hall,667,France,Female,35,3,120905.42,2,0,0,144848.43,0
1595,15601594,Johnson,618,Spain,Male,35,3,0.0,2,1,0,139950.33,1
1596,15601595,Walker,778,Spain,Male,47,7,0.0,1,1,1,103479.4,0
1597,15601596,Moore,721,France,Male,26,9,0.0,1,0,1,15829.47,0
1598,15601597,Johnson,588,France,Female,18,9,50646.95,2,1,1,123299.41,0
1599,15601598,Lewis,633,France,Female,35,2,51161.81,4,1,0,55819.39,1
1600,15601599,Harris,776,Germany,Male,48,0,126921.72,2,1,1,189842.75,1
1601,15601600,Clark,795,France,Female,42,4,0.0,1,1,0,9673.16,0
1602,15601601,Moore,633,France,Male,48,1,92725.7,2,0,1,591.55,0
1603,15601602,Hall,697,France,Male,19,10,159292.16,1,1,0,166505.09,0
1604,15601603,Wilson,685,France,Male,42,5,0.0,2,1,1,46410.29,0
1605,15601604,Hall,543,France,Female,46,3,111306.16,1,1,1,134006.55,0
1606,15601605,Allen,699,Spain,Male,25,8,32075.78,2,1,1,69804.67,0
1607,15601606,Taylor,441,France,Female,48,6,120655.48,2,0,1,164698.09,0
1608,15601607,Johnson,738,Germany,Female,38,1,70444.53,2,1,0,170721.28,1
1609,15601608,Smith,701,France,Female,70,6,0.0,2,1,0,188372.95,1
1610,15601609,Wright,356,Spain,Female,18,9,79600.28,1,1,0,77058.62,0
1611,15601610,Smith,556,Germany,Male,53,7,0.0,2,1,1,1204.07,0
1612,15601611,Young,479,Spain,Female,35,2,69191.84,1,1,0,28830.3,0
1613,15601612,Wright,551,Spain,Female,23,2,0.0,1,1,0,61606.3,0
1614,15601613,Anderson,663,France,Male,34,10,73069.96,2,1,0,161623.74,0
1615,15601614,Thomas,819,France,Female,42,1,92789.63,1,1,0,182085.59,0
1616,15601615,Anderson,700,Spain,Male,49,0,88838.62,2,1,1,42035.77,0
1617,15601616,Anderson,613,Germany,Female,56,2,0.0,1,1,0,78084.95,1
1618,15601617,Allen,720,Spain,Female,53,9,392.9,1,0,0,113240.8,0
1619,15601618,Walker,710,Spain,Male,29,10,66918.41,1,1,0,55417.36,0
1620,15601619,Wright,790,Spain,Female,50,6,154302.81,1,1,1,68589.78,1
1621,15601620,King,731,France,Male,43,10,111812.96,4,1,0,157362.37,0
1622,15601621,King,651,France,Female,32,8,150784.49,1,1,1,33783.49,0
1623,15601622,Walker,504,Spain,Female,37,8,101637.36,2,1,1,107810.98,0
1624,15601623,Walker,781,Germany,Female,32,5,89511.78,1,0,0,116231.39,1
1625,15601624,Allen,638,France,Female,39,5,165304.95,2,1,1,28371.7,0
1626,15601625,Anderson,564,Spain,Female,32,10,48587.55,2,0,1,140459.75,0
1627,15601626,Lewis,458,France,Male,29,4,0.0,2,1,0,39962.43,0
1628,15601627,Johnson,538,Spain,Male,44,1,183621.41,1,0,1,139502.6,0
1629,15601628,Allen,689,France,Female,45,6,0.0,1,1,0,79861.25,1
1630,15601629,Martin,612,France,Female,37,0,58520.11,2,1,1,122408.91,0
1631,15601630,King,746,Germany,Male,53,5,36689.52,2,1,1,116550.48,0
1632,15601631,Hall,807,France,Male,36,3,12048.01,1,0,0,196863.9,0
1633,15601632,White,443,Spain,Male,36,2,56255.31,2,0,0,12730.57,0
1634,15601633,Allen,551,Germany,Male,46,10,0.0,1,1,1,55614.87,0
1635,15601634,Clark,663,Germany,Female,38,0,0.0,2,1,1,117967.92,0
1636,15601635,Johnson,794,France,Female,40,5,143859.11,2,1,1,151359.02,0
1637,15601636,White,569,France,Male,18,6,0.0,4,0,0,178766.31,1
1638,15601637,Brown,672,France,Male,39,10,11988.9,1,0,1,19705.53,0
1639,15601638,Lewis,544,Germany,Male,21,0,79640.35,1,1,1,55890.37,0
1640,15601639,Martin,642,Germany,Female,27,10,44657.86,2,0,0,22708.44,0
1641,15601640,Wilson,663,Spain,Male,26,0,0.0,1,1,1,14645.68,1
1642,15601641,Clark,618,Germany,Male,29,6,94068.25,2,1,0,3806.52,0
1643,15601642,Allen,809,Spain,Female,34,10,109419.85,2,0,0,160818.91,0
1644,15601643,Hall,765,Spain,Male,34,5,123704.92,2,1,0,31278.07,0
1645,15601644,Lewis,619,France,Female,46,6,0.0,1,1,0,77564.15,1
1646,15601645,Brown,625,Germany,Female,41,7,48533.97,1,0,0,2427.99,1
1647,15601646,White,727,France,Female,20,7,114533.51,2,1,0,165954.37,0
1648,15601647,Martin,655,Germany,Female,40,8,136191.21,2,1,1,21598.23,0
1649,15601648,Wilson,651,Germany,Female,42,8,91654.81,1,1,1,88884.38,0
1650,15601649,Walker,583,Spain,Male,36,6,143088.68,2,1,1,72056.17,0
1651,15601650,Allen,708,France,Female,38,8,88143.75,2,1,0,50781.77,1
1652,15601651,Smith,588,France,Male,41,5,108742.95,2,1,1,92301.02,1
1653,15601652,Johnson,588,France,Female,47,8,0.0,2,1,1,7876.3,0
1654,15601653,Thomas,678,France,Female,23,10,121034.99,2,0,1,72885.78,0
1655,15601654,Taylor,664,France,Male,37,1,0.0,2,1,1,107658.19,0
1656,15601655,White,653,Germany,Male,54,10,12524.57,2,1,1,121536.78,0
1657,15601656,White,474,Spain,Male,53,1,28409.54,1,1,0,109611.2,0
1658,15601657,Lewis,673,France,Male,48,5,180017.25,2,1,0,90858.65,1
1659,15601658,Allen,455,France,Female,44,2,53847.27,2,1,0,116898.12,0
1660,15601659,Anderson,749,France,Female,56,1,0.0,1,1,1,17854.35,0
1661,15601660,Clark,596,Spain,Male,58,7,110818.83,1,1,1,61932.42,0
1662,15601661,Hall,665,Spain,Male,38,6,108865.24,1,1,1,193341.85,0
1663,15601662,Wright,594,Germany,Male,29,7,0.0,1,0,0,191372.51,1
1664,15601663,King,680,France,Male,36,5,0.0,2,1,1,125982.31,1
1665,15601664,Clark,533,Germany,Male,70,8,15872.45,1,1,1,99868.25,1
1666,15601665,Allen,830,Germany,Female,23,8,0.0,2,1,1,46054.79,0
1667,15601666,Harris,583,France,Male,34,1,181336.72,1,1,1,72042.57,1
1668,15601667,Wilson,735,Germany,Male,25,9,60628.32,2,1,0,129383.0,0
1669,15601668,Clark,542,France,Male,40,4,0.0,1,1,1,162462.83,0
1670,15601669,Anderson,612,Germany,Female,27,8,142222.51,1,1,1,165455.71,1
1671,15601670,Moore,577,France,Female,38,2,0.0,1,0,1,27707.62,0
1672,15601671,King,592,Germany,Female,19,4,0.0,2,1,1,101054.76,0
1673,15601672,Moore,691,Germany,Female,45,7,98306.85,2,1,1,142844.08,1
1674,15601673,Anderson,695,Germany,Male,51,1,0.0,1,0,0,139258.13,1
1675,15601674,Martin,690,Germany,Female,35,5,0.0,1,0,0,194706.6,0
1676,15601675,Taylor,565,France,Female,38,10,34589.21,1,1,0,25453.63,0
1677,15601676,Hall,663,France,Female,37,3,60977.51,1,1,0,92343.56,0
1678,15601677,Thomas,568,France,Male,41,5,0.0,1,0,1,15618.67,0
1679,15601678,Taylor,792,France,Male,39,2,162809.59,1,0,1,114135.48,0
1680,15601679,Thomas,560,Spain,Female,47,5,0.0,2,1,1,136755.12,1
1681,15601680,Allen,604,France,Female,51,6,0.0,2,1,0,14986.0,1
1682,15601681,Smith,656,Germany,Female,31,9,0.0,2,1,1,106658.23,0
1683,15601682,White,551,Spain,Male,36,2,0.0,2,0,0,194475.56,0
1684,15601683,Thomas,711,Germany,Female,48,4,0.0,1,1,1,7062.67,0
1685,15601684,Anderson,758,France,Male,25,7,172110.26,1,1,0,35630.55,1
1686,15601685,Wright,564,Germany,Male,19,1,0.0,1,1,0,109248.12,0
1687,15601686,Martin,584,Germany,Female,41,6,36589.66,1,1,1,142531.31,1
1688,15601687,Taylor,766,France,Male,44,0,47053.53,2,1,1,164854.74,0
1689,15601688,Taylor,664,Spain,Female,32,6,112730.75,2,1,1,59584.38,0
1690,15601689,Jackson,629,Germany,Male,33,0,0.0,1,0,1,67054.2,0
1691,15601690,Hall,576,France,Female,31,3,0.0,2,1,1,157782.82,0
1692,15601691,Wright,614,Spain,Male,30,3,151325.3,1,1,1,84163.48,1
1693,15601692,Jackson,636,France,Male,46,4,125788.45,1,0,0,175166.16,0
1694,15601693,Walker,712,France,Male,27,1,11135.86,1,0,1,184004.46,0
1695,15601694,Harris,650,France,Female,36,10,0.0,2,1,1,170226.74,0
1696,15601695,Hall,562,France,Female,30,5,162160.09,2,1,0,16800.52,1
1697,15601696,White,599,France,Male,24,5,173878.41,1,1,1,107961.1,0
1698,15601697,Moore,542,France,Male,48,7,104306.78,2,0,1,189243.89,1
1699,15601698,Young,637,Germany,Male,34,9,0.0,2,1,0,192743.64,0
1700,15601699,Martin,850,Spain,Female,41,0,102366.2,1,1,0,105221.02,0
1701,15601700,Thomas,850,Germany,Female,24,3,115585.44,2,1,1,86545.9,0
1702,15601701,Allen,682,France,Male,32,1,165632.16,1,0,0,37712.06,0
1703,15601702,Smith,490,France,Female,47,10,1709.59,1,1,1,199434.17,0
1704,15601703,Harris,740,Spain,Female,65,7,0.0,2,1,0,123976.44,0
1705,15601704,Taylor,715,France,Female,19,3,117850.43,2,0,0,15983.96,0
1706,15601705,Hall,850,France,Male,37,7,150988.61,1,1,1,175414.41,0
1707,15601706,King,657,Spain,Male,43,1,67731.98,2,1,0,131338.11,0
1708,15601707,Harris,609,France,Male,33,3,0.0,2,1,1,66346.79,0
1709,15601708,Brown,553,Spain,Female,47,8,79208.91,2,1,1,37052.43,1
1710,15601709,Thomas,730,Spain,Male,30,4,0.0,2,1,0,133022.27,0
1711,15601710,Hall,632,France,Male,41,5,51478.41,1,1,0,1908.31,0
1712,15601711,Moore,625,France,Female,34,9,126942.32,2,1,1,172807.28,0
1713,15601712,Wright,601,Germany,Male,51,8,111053.54,2,1,0,125944.66,0
1714,15601713,Harris,850,France,Female,32,8,0.0,2,1,1,42487.04,0
1715,15601714,Lewis,610,France,Female,35,6,0.0,2,0,1,139032.81,0
1716,15601715,Thomas,718,Germany,Female,48,10,75283.88,2,0,0,52627.27,1
1717,15601716,Moore,695,France,Female,29,1,277979.95,2,1,1,176926.97,0
1718,15601717,Anderson,434,Spain,Male,40,6,69106.8,2,0,1,132366.34,0
1719,15601718,Anderson,850,Germany,Female,21,8,23123.54,2,1,1,177262.09,0
1720,15601719,Smith,470,France,Female,28,1,42366.34,1,1,1,145964.56,0
1721,15601720,Brown,563,France,Female,43,6,117650.18,1,1,1,78855.58,0
1722,15601721,Wilson,601,France,Male,29,6,185380.95,3,1,1,163108.39,1
1723,15601722,Moore,580,France,Male,34,2,0.0,2,1,0,163253.59,0
1724,15601723,Jackson,628,France,Male,44,5,98052.92,2,0,0,194157.69,0
1725,15601724,White,575,Spain,Male,33,7,52415.71,1,0,1,123789.46,0
1726,15601725,Anderson,782,France,Female,47,9,125130.99,2,1,1,137386.84,1
1727,15601726,Smith,707,Spain,Female,41,7,0.0,1,1,0,96379.56,0
1728,15601727,Jackson,590,Germany,Male,43,2,133836.8,1,1,1,54025.64,1
1729,15601728,Jackson,569,Germany,Female,51,5,0.0,2,0,0,16470.81,1
1730,15601729,Martin,595,Spain,Female,42,1,124422.31,1,1,1,150859.22,0
1731,15601730,Brown,562,France,Male,54,1,0.0,2,0,1,93920.38,0
1732,15601731,Lewis,534,Spain,Female,48,7,116167.42,1,1,1,168962.18,0
1733,15601732,Lewis,741,Spain,Female,34,10,0.0,2,0,1,86443.51,0
1734,15601733,Moore,612,France,Male,52,9,3618.51,1,1,0,188467.38,1
1735,15601734,Allen,688,France,Female,42,4,89242.66,2,1,1,74333.43,1
1736,15601735,White,656,Germany,Male,35,4,126652.65,1,1,1,87175.64,0
1737,15601736,Young,791,France,Male,42,10,92513.96,2,1,1,131475.7,0
1738,15601737,Wilson,737,France,Male,50,3,0.0,1,1,0,63547.81,0
1739,15601738,Taylor,685,France,Male,44,10,0.0,2,0,0,125535.33,0
1740,15601739,Brown,850,France,Female,57,9,0.0,2,1,1,2631.93,0
1741,15601740,Allen,582,Germany,Female,50,3,0.0,2,1,0,48938.18,1
1742,15601741,Moore,632,Spain,Female,44,7,0.0,1,1,0,46697.04,1
1743,15601742,Smith,713,Germany,Female,29,2,0.0,1,0,1,22205.14,0
1744,15601743,Hall,732,France,Male,37,10,0.0,2,0,1,185102.66,1
1745,15601744,Clark,565,France,Male,40,2,0.0,1,1,0,196792.87,0
1746,15601745,Anderson,647,France,Female,46,7,0.0,1,1,0,8064.46,1
1747,15601746,Allen,652,France,Female,45,2,0.0,1,1,1,88881.81,0
1748,15601747,King,850,France,Female,41,1,123982.52,1,1,1,33215.6,1
1749,15601748,Harris,714,Germany,Female,40,10,86109.81,2,1,1,165907.33,0
1750,15601749,Smith,755,France,Female,46,4,106551.74,1,1,0,29484.94,1
1751,15601750,Thomas,612,Spain,Male,30,10,40623.56,1,1,0,36784.61,0
1752,15601751,Harris,577,France,Male,56,2,46245.24,2,0,1,146985.36,1
1753,15601752,Jackson,609,France,Male,19,5,36428.23,1,1,1,17845.46,0
1754,15601753,Johnson,703,France,Female,54,10,44572.16,2,1,1,189858.43,0
1755,15601754,Johnson,793,Germany,Female,39,6,47434.64,1,0,1,146633.99,0
1756,15601755,Lewis,512,Germany,Male,49,2,14356.24,1,1,1,195437.09,0
1757,15601756,Wilson,842,Germany,Male,43,8,31900.37,1,0,0,89424.83,0
1758,15601757,Martin,736,France,Male,42,9,88081.52,1,1,0,46283.13,0
1759,15601758,Thomas,747,France,Male,45,0,13984.53,2,0,1,187179.25,0
1760,15601759,Thomas,741,Spain,Male,47,6,96273.61,1,1,1,101500.22,0
1761,15601760,Martin,611,France,Male,36,3,0.0,1,1,0,190000.88,0
1762,15601761,Young,638,Germany,Female,49,6,94822.31,2,0,1,190687.66,0
1763,15601762,Jackson,716,France,Male,28,8,71310.06,2,1,0,159855.86,0
1764,15601763,Wright,626,France,Female,39,8,95977.27,1,1,1,45174.31,1
1765,15601764,Harris,673,France,Female,47,0,96028.94,2,1,0,46822.88,1
1766,15601765,Thomas,586,France,Male,49,9,0.0,1,0,0,129340.04,1
1767,15601766,Martin,725,Spain,Female,44,3,79489.38,3,1,0,95434.17,0
1768,15601767,Walker,636,France,Female,35,6,5962.53,3,0,0,83315.19,0
1769,15601768,Wilson,611,France,Female,48,9,50508.76,2,1,0,40800.53,0
1770,15601769,Wilson,570,France,Female,32,5,134202.48,1,0,0,44386.62,1
1771,15601770,Wilson,585,France,Female,57,8,15034.17,2,1,1,72986.61,0
1772,15601771,Martin,522,Germany,Female,38,6,72494.89,1,0,1,126270.35,1
1773,15601772,Wilson,691,Germany,Female,24,2,25780.33,2,1,1,8419.5,0
1774,15601773,Smith,592,Germany,Female,27,6,0.0,1,1,1,78230.75,0
1775,15601774,King,646,Germany,Male,39,9,133223.44,1,0,0,149518.37,1
1776,15601775,Young,768,France,Female,40,4,0.0,1,1,1,84212.93,1
1777,15601776,Harris,638,Spain,Female,59,1,0.0,1,0,0,119388.31,0
1778,15601777,Hall,635,France,Male,29,9,62216.35,1,0,1,20114.45,0
1779,15601778,Johnson,645,France,Male,39,2,15530.75,2,0,0,187771.21,0
1780,15601779,Young,678,Germany,Male,28,5,97995.92,1,1,1,27808.33,0
1781,15601780,Martin,605,France,Female,34,5,0.0,2,1,0,129822.6,0
1782,15601781,Smith,733,Germany,Male,56,6,0.0,1,1,1,33309.68,0
1783,15601782,Jackson,663,France,Male,28,5,129547.68,1,1,0,196845.55,0
1784,15601783,Jackson,597,Spain,Male,45,8,0.0,2,1,1,126565.19,0
1785,15601784,Thomas,617,Spain,Male,43,4,0.0,2,1,0,104101.45,1
1786,15601785,Harris,761,Germany,Male,39,4,161466.63,1,1,1,169093.64,0
1787,15601786,Wright,586,Spain,Male,44,7,0.0,2,1,1,34175.62,0
1788,15601787,Allen,691,Spain,Male,27,7,0.0,2,1,0,84910.7,1
1789,15601788,Brown,696,France,Female,56,0,179115.81,2,0,1,195461.4,0
1790,15601789,Smith,546,Spain,Male,58,2,0.0,3,1,0,101365.5,1
1791,15601790,Taylor,510,France,Male,39,5,37350.03,2,1,1,125804.92,1
1792,15601791,Clark,619,Spain,Female,63,5,0.0,2,1,1,13634.47,1
1793,15601792,Harris,728,Spain,Male,35,0,0.0,2,1,1,14403.08,0
1794,15601793,White,507,Spain,Female,43,1,95547.17,1,1,1,12337.38,0
1795,15601794,Taylor,565,France,Male,53,9,73614.57,1,1,0,98095.09,0
1796,15601795,Moore,715,France,Male,34,6,0.0,1,1,0,143760.12,0
1797,15601796,King,546,Spain,Female,25,0,0.0,2,1,1,64947.13,1
1798,15601797,Wilson,749,France,Male,23,9,74518.25,1,1,1,115049.46,0
1799,15601798,King,850,France,Female,60,4,0.0,1,0,0,115413.66,1
1800,15601799,Johnson,571,France,Female,34,0,0.0,2,1,1,31686.09,0
1801,15601800,Walker,793,Germany,Female,37,5,91980.09,2,1,1,150181.61,0
1802,15601801,Hall,682,Spain,Female,28,6,17974.11,1,1,0,109263.78,1
1803,15601802,Martin,573,France,Female,48,7,106062.48,2,1,0,24018.72,1
1804,15601803,Allen,804,France,Male,31,2,0.0,2,1,1,189530.24,0
1805,15601804,Wilson,689,France,Male,34,2,0.0,2,1,0,49314.07,0
1806,15601805,Young,765,Germany,Female,42,10,131670.99,1,1,0,82612.66,1
1807,15601806,King,850,Spain,Male,28,0,0.0,2,1,1,188898.84,0
1808,15601807,King,640,France,Female,37,2,0.0,2,0,0,66502.93,0
1809,15601808,Wilson,704,France,Female,53,4,0.0,1,0,0,37024.06,1
1810,15601809,Lewis,542,France,Female,43,5,0.0,2,0,1,196497.55,0
1811,15601810,Smith,605,Spain,Male,40,2,0.0,1,1,1,199133.8,0
1812,15601811,Martin,642,Germany,Male,41,3,56202.86,1,1,0,137566.74,0
1813,15601812,Jackson,671,France,Female,35,4,147045.25,2,1,1,178827.18,0
1814,15601813,Anderson,444,France,Female,59,4,113635.61,1,1,1,199758.0,0
1815,15601814,Martin,800,France,Female,31,8,149490.4,2,0,0,29278.87,0
1816,15601815,Young,712,Germany,Male,41,7,137455.79,1,1,0,168366.12,1
1817,15601816,Walker,700,France,Male,40,0,0.0,2,0,1,9276.15,0
1818,15601817,Anderson,849,Germany,Female,49,1,34707.31,1,1,0,128841.81,0
1819,15601818,Taylor,807,Spain,Male,50,4,0.0,1,1,0,124826.54,1
1820,15601819,Smith,635,France,Female,39,2,0.0,1,1,0,97414.82,0
1821,15601820,Clark,595,France,Male,42,6,0.0,2,0,1,115121.41,0
1822,15601821,Wright,710,France,Male,42,10,0.0,1,1,1,55562.78,0
1823,15601822,Brown,801,Spain,Female,18,5,61246.55,2,0,1,1476.28,0
1824,15601823,Johnson,636,Germany,Male,23,1,0.0,1,1,1,37646.12,0
1825,15601824,Hall,736,Spain,Male,33,7,0.0,1,0,0,186810.79,1
1826,15601825,Wilson,816,Spain,Female,33,4,0.0,2,0,0,54314.77,0
1827,15601826,Hall,746,France,Female,27,5,79348.93,2,1,1,142568.69,0
1828,15601827,King,495,Germany,Male,46,7,84928.5,2,0,1,91026.98,0
1829,15601828,Harris,534,Germany,Female,39,5,0.0,1,1,0,196235.65,0
1830,15601829,Young,842,France,Female,37,9,0.0,1,0,0,195719.56,0
1831,15601830,Johnson,661,Germany,Male,26,2,83789.14,2,1,1,105842.75,0
1832,15601831,Martin,682,Spain,Male,39,6,0.0,1,1,0,68921.91,0
1833,15601832,Allen,705,Spain,Male,18,3,477.22,2,0,0,80733.97,1
1834,15601833,Walker,789,Spain,Male,37,5,68038.41,1,1,0,71478.32,0
1835,15601834,Young,574,Germany,Male,40,5,3109.17,1,0,0,11723.49,0
1836,15601835,Martin,610,Spain,Female,41,10,130579.85,1,0,0,9965.6,0
1837,15601836,Allen,552,France,Male,23,4,106306.79,2,1,1,112257.43,0
1838,15601837,Harris,450,France,Male,41,0,168365.51,2,1,0,115059.28,1
1839,15601838,Allen,690,Germany,Female,29,7,0.0,1,1,0,14558.35,0
1840,15601839,King,566,France,Female,31,9,0.0,1,1,0,77402.0,0
1841,15601840,Thomas,743,France,Female,46,1,0.0,1,1,1,184010.89,1
1842,15601841,Anderson,591,France,Male,59,3,173642.93,1,0,1,87347.94,1
1843,15601842,Young,519,France,Male,40,2,51401.43,2,1,0,71249.09,0
1844,15601843,Thomas,752,Spain,Male,31,5,0.0,2,1,1,14542.49,0
1845,15601844,Martin,701,Germany,Male,41,10,105161.44,2,0,0,165406.25,1
1846,15601845,Brown,634,France,Female,48,0,0.0,2,0,0,118145.25,0
1847,15601846,Moore,639,France,Male,45,8,0.0,2,1,1,33693.39,0
1848,15601847,Johnson,708,France,Male,66,4,0.0,1,0,1,83102.54,0
1849,15601848,Wilson,815,Germany,Female,32,4,67234.52,2,1,0,145855.27,0
1850,15601849,Hall,689,Spain,Male,42,3,111159.39,1,1,0,53009.84,0
1851,15601850,White,696,France,Female,54,3,102850.13,1,1,0,97324.41,1
1852,15601851,Johnson,606,Germany,Male,54,0,244420.44,2,0,1,108632.67,0
1853,15601852,Allen,627,Germany,Male,19,8,0.0,2,1,0,142827.06,0
1854,15601853,Clark,350,Germany,Male,39,8,14068.69,4,1,0,114536.9,0
1855,15601854,King,559,Germany,Male,54,3,33881.58,2,1,1,91280.89,0
1856,15601855,Wright,547,France,Female,68,9,0.0,2,1,0,34590.93,1
1857,15601856,Allen,544,Germany,Male,46,9,91535.29,2,0,1,62020.5,0
1858,15601857,Lewis,613,France,Female,35,3,0.0,2,1,1,77285.31,0
1859,15601858,Brown,623,Germany,Male,29,6,97265.84,1,1,1,182808.8,0
1860,15601859,Walker,547,Spain,Male,61,3,158363.32,1,1,1,131573.93,0
1861,15601860,Young,772,Germany,Male,46,0,178876.38,1,1,1,108227.59,0
1862,15601861,Walker,708,Spain,Female,31,10,98880.48,1,0,0,102017.45,1
1863,15601862,Young,670,France,Male,37,8,146382.04,2,1,1,131131.61,0
1864,15601863,Harris,713,Spain,Male,42,1,0.0,2,0,0,45900.74,0
1865,15601864,Moore,483,Germany,Male,44,4,114572.77,2,1,1,85638.66,0
1866,15601865,Johnson,480,Germany,Female,30,3,64807.01,1,1,0,112886.19,0
1867,15601866,Smith,768,France,Female,33,7,0.0,1,1,1,73550.03,0
1868,15601867,Hall,850,France,Female,22,5,18211.07,1,1,0,10433.23,0
1869,15601868,Jackson,655,France,Male,49,6,25390.56,1,1,1,85719.74,0
1870,15601869,Thomas,850,Spain,Male,36,1,0.0,1,1,1,27815.22,1
1871,15601870,Moore,650,Germany,Male,44,3,0.0,1,1,0,156801.38,1
1872,15601871,Harris,581,France,Female,53,3,119929.42,1,0,1,101101.61,0
1873,15601872,Allen,745,Spain,Female,41,1,135762.75,2,0,0,193285.73,0
1874,15601873,White,441,Germany,Male,38,9,0.0,3,1,1,73280.02,1
1875,15601874,Taylor,593,Spain,Male,41,3,0.0,1,1,0,53082.45,0
1876,15601875,King,570,Spain,Male,40,8,0.0,2,1,1,199516.85,0
1877,15601876,Hall,534,Spain,Male,51,7,0.0,2,1,1,64650.44,0
1878,15601877,Lewis,602,Spain,Female,42,10,166588.31,2,1,0,79909.69,0
1879,15601878,Lewis,678,France,Male,34,0,0.0,2,1,0,1963.79,1
1880,15601879,Anderson,777,Spain,Male,49,7,52006.8,2,1,0,42327.8,1
1881,15601880,Wilson,751,Spain,Male,51,10,0.0,2,1,0,155130.37,1
1882,15601881,Young,495,Germany,Female,26,8,111719.21,1,1,1,141118.54,0
1883,15601882,Harris,850,Spain,Female,54,7,0.0,1,0,0,80200.97,0
1884,15601883,Clark,771,Germany,Female,43,9,0.0,2,1,1,183675.31,1
1885,15601884,Moore,654,France,Male,42,0,85908.68,1,1,0,108663.18,0
1886,15601885,Allen,781,France,Female,49,7,100300.48,1,1,1,125801.14,0
1887,15601886,Jackson,561,France,Female,33,4,0.0,1,0,0,160705.29,0
1888,15601887,Wright,732,France,Female,49,8,85179.14,2,0,0,140685.98,1
1889,15601888,Taylor,462,Spain,Male,35,8,27505.79,1,1,0,29871.03,0
1890,15601889,Brown,620,Germany,Female,24,5,0.0,2,1,0,95633.37,1
1891,15601890,Young,782,France,Male,29,2,17236.86,1,0,1,120705.15,0
1892,15601891,Brown,606,France,Female,45,6,44031.22,1,0,1,10195.53,0
1893,15601892,Taylor,610,Germany,Female,30,2,0.0,2,0,0,49109.08,0
1894,15601893,Wright,591,France,Male,55,6,170985.76,2,1,1,156675.01,0
1895,15601894,Thomas,631,Spain,Female,51,7,77956.27,2,1,0,191022.09,0
1896,15601895,Walker,552,Spain,Female,52,4,201328.65,1,1,1,196068.18,1
1897,15601896,Smith,803,Spain,Female,40,4,161708.32,1,0,1,143619.66,1
1898,15601897,Young,534,France,Male,42,3,0.0,2,0,0,140472.86,1
1899,15601898,Taylor,681,France,Male,27,2,0.0,1,1,0,141247.17,0
1900,15601899,King,732,Germany,Female,49,7,0.0,1,1,1,59263.03,0
1901,15601900,Anderson,579,Spain,Female,43,10,0.0,2,0,0,82206.71,1
1902,15601901,King,509,France,Male,45,5,0.0,1,1,0,35874.49,0
1903,15601902,Harris,594,Germany,Male,56,5,0.0,2,1,0,94042.41,0
1904,15601903,Walker,612,France,Female,33,1,107743.86,1,0,1,8134.31,0
1905,15601904,Young,739,Spain,Male,38,3,0.0,2,1,0,165782.76,1
1906,15601905,Johnson,636,France,Male,42,4,6934.92,1,1,1,189491.35,0
1907,15601906,King,650,Germany,Male,30,10,225537.2,1,0,0,27638.74,0
1908,15601907,Thomas,514,France,Male,37,9,111154.52,1,1,0,96973.15,1
1909,15601908,Anderson,631,France,Female,44,4,139206.61,2,1,0,87910.69,1
1910,15601909,Thomas,789,France,Female,36,2,133844.26,2,1,1,149156.99,0
1911,15601910,Anderson,756,France,Male,52,9,0.0,2,0,1,102884.52,0
1912,15601911,Smith,601,Germany,Male,24,4,0.0,1,1,1,89367.8,0
1913,15601912,Lewis,731,Germany,Female,50,4,132009.03,1,1,0,27953.06,0
1914,15601913,Martin,636,France,Male,46,1,0.0,1,1,1,57185.57,0
1915,15601914,Taylor,699,France,Male,33,4,136325.67,2,1,0,117557.71,0
1916,15601915,Jackson,621,Spain,Male,30,2,0.0,1,1,1,8154.74,0
1917,15601916,Thomas,556,Germany,Male,18,2,112687.78,4,1,1,66738.34,1
1918,15601917,Taylor,551,Spain,Male,31,4,87052.63,2,1,1,28659.21,0
1919,15601918,Thomas,701,France,Female,49,8,21011.33,1,1,1,15228.1,1
1920,15601919,Wright,393,France,Male,38,1,0.0,1,1,1,85254.53,0
1921,15601920,King,753,Spain,Male,51,8,151710.93,1,1,0,61109.63,0
1922,15601921,Harris,627,France,Female,33,2,0.0,2,1,0,114381.21,1
1923,15601922,Brown,588,Spain,Female,46,6,144509.85,2,1,0,41000.38,1
1924,15601923,Smith,747,France,Male,32,0,134294.27,1,0,1,11103.1,0
1925,15601924,Thomas,382,Germany,Female,29,0,40688.04,1,0,0,7033.58,1
1926,15601925,Wright,695,France,Male,38,7,0.0,1,1,0,86361.18,0
1927,15601926,Wright,809,Spain,Female,32,8,0.0,2,0,0,1577.15,0
1928,15601927,Wright,517,France,Female,24,2,65464.84,2,1,0,11210.6,0
1929,15601928,Johnson,606,Spain,Male,37,5,0.0,2,1,1,68689.24,0
1930,15601929,Brown,694,France,Female,40,2,0.0,1,1,0,188123.06,0
1931,15601930,Johnson,498,Spain,Male,52,5,54040.95,2,1,1,143076.16,0
1932,15601931,Martin,674,Spain,Male,48,6,28738.05,2,0,0,147915.05,1
1933,15601932,King,850,Spain,Female,51,4,12679.72,1,1,0,34140.41,1
1934,15601933,Taylor,682,Spain,Female,46,2,74647.03,1,1,1,114078.13,1
1935,15601934,Hall,679,Spain,Female,42,7,0.0,1,1,0,46205.76,0
1936,15601935,Clark,533,Germany,Female,27,4,97855.04,2,0,0,103664.39,0
1937,15601936,Taylor,779,France,Male,40,0,0.0,2,1,0,162668.92,0
1938,15601937,Allen,386,Germany,Female,45,8,0.0,2,0,1,86335.31,0
1939,15601938,Hall,646,France,Female,54,2,0.0,1,1,1,45743.83,0
1940,15601939,Harris,739,France,Male,46,1,0.0,1,0,0,61615.27,0
1941,15601940,Walker,408,France,Female,51,2,83906.73,1,0,0,97955.87,0
1942,15601941,Clark,455,France,Female,29,6,48082.17,1,0,0,162005.26,0
1943,15601942,Young,507,Germany,Female,36,10,0.0,1,1,0,126757.99,0
1944,15601943,Thomas,783,Spain,Male,43,9,0.0,1,1,0,191103.91,1
1945,15601944,Young,588,Germany,Male,51,7,0.0,2,1,0,195331.14,0
1946,15601945,Smith,737,Spain,Male,38,1,72932.07,3,1,0,62624.58,0
1947,15601946,Harris,721,France,Female,38,6,38817.13,1,1,0,132038.61,0
1948,15601947,Anderson,489,France,Female,46,10,50017.46,1,1,1,141671.12,1
1949,15601948,King,612,France,Male,28,4,0.0,1,1,1,111996.08,0
1950,15601949,Clark,628,France,Male,55,8,22021.5,1,1,1,160720.01,0
1951,15601950,Clark,700,France,Male,30,6,0.0,1,1,0,55222.41,0
1952,15601951,Harris,672,France,Female,20,0,18649.24,1,0,1,152348.04,0
1953,15601952,Jackson,644,Spain,Female,39,0,150854.32,2,1,1,50246.69,1
1954,15601953,Thomas,763,Spain,Male,56,5,35575.93,2,1,0,108598.37,1
1955,15601954,Thomas,762,Germany,Male,45,8,218289.01,1,1,0,22626.79,0
1956,15601955,Allen,510,Germany,Male,47,0,126451.68,2,1,0,137100.78,0
1957,15601956,Harris,606,Spain,Male,39,2,64092.87,2,1,1,171340.29,0
1958,15601957,Smith,653,France,Male,37,4,0.0,2,0,0,148212.36,0
1959,15601958,Allen,658,Spain,Male,24,3,0.0,2,1,0,190712.0,0
1960,15601959,Young,703,Germany,Male,18,0,138886.12,2,1,1,197756.81,0
1961,15601960,Taylor,686,France,Male,41,9,114576.4,1,1,1,92178.97,0
1962,15601961,Walker,708,France,Male,52,3,40130.51,2,0,0,30970.69,0
1963,15601962,Hall,719,Germany,Female,42,3,164462.79,1,1,0,142510.07,0
1964,15601963,Jackson,623,France,Female,45,10,94051.95,1,1,0,84120.29,1
1965,15601964,Smith,617,Spain,Male,55,9,35668.45,1,1,1,76770.49,0
1966,15601965,Smith,785,Spain,Male,42,3,0.0,1,0,1,36339.82,0
1967,15601966,Wright,602,France,Male,38,2,116465.32,1,1,0,8117.63,0
1968,15601967,Allen,722,France,Female,31,6,0.0,2,1,1,152786.88,0
1969,15601968,Wright,577,France,Female,59,0,46024.77,2,0,1,96371.07,0
1970,15601969,Clark,682,France,Male,44,1,73804.85,2,0,1,79440.95,0
1971,15601970,Brown,689,France,Female,30,0,25560.95,2,1,1,73376.56,0
1972,15601971,Anderson,713,Germany,Female,27,3,87478.14,1,1,0,100865.23,0
1973,15601972,Johnson,804,France,Female,52,4,109984.68,1,1,0,148430.98,1
1974,15601973,Young,553,Spain,Male,29,10,0.0,2,1,0,86848.74,0
1975,15601974,Anderson,664,France,Female,58,9,0.0,2,1,1,19079.51,1
1976,15601975,King,714,Germany,Male,18,4,19541.62,2,1,1,51724.06,0
1977,15601976,Young,715,France,Female,53,1,0.0,1,1,1,26661.89,0
1978,15601977,Taylor,620,France,Male,44,10,0.0,2,1,1,38022.45,0
1979,15601978,Harris,687,Germany,Male,40,2,167379.1,1,1,0,174916.45,0
1980,15601979,Wright,648,Germany,Female,37,3,146772.16,2,0,0,34414.6,1
1981,15601980,Moore,722,France,Female,58,9,37533.84,1,1,0,145211.76,0
1982,15601981,Smith,642,Germany,Female,46,5,110278.84,1,1,0,60426.83,1
1983,15601982,King,644,France,Male,30,5,0.0,2,1,1,180266.38,0
1984,15601983,Thomas,676,France,Female,22,1,197285.81,2,0,0,124432.72,0
1985,15601984,Brown,602,France,Female,41,1,63800.15,1,1,1,134958.96,0
1986,15601985,Moore,576,France,Male,39,8,0.0,1,1,0,105062.75,0
1987,15601986,Smith,521,Spain,Female,24,1,214419.74,1,1,1,185419.69,0
1988,15601987,Taylor,637,France,Female,38,1,57422.1,4,1,0,31567.35,0
1989,15601988,Walker,579,France,Male,33,2,0.0,2,1,1,57277.77,0
1990,15601989,Allen,621,Spain,Male,39,8,132886.46,2,1,1,180910.32,1
1991,15601990,Wright,770,Germany,Female,46,5,0.0,2,0,1,197797.77,1
1992,15601991,Lewis,624,France,Female,54,10,0.0,2,0,1,154064.63,0
1993,15601992,Jackson,772,Spain,Male,48,5,82750.27,2,1,0,42512.49,0
1994,15601993,Brown,687,France,Female,32,9,0.0,2,0,0,181663.34,0
1995,15601994,Taylor,623,Germany,Male,43,4,0.0,1,0,1,33570.69,0
1996,15601995,Young,551,Spain,Female,40,6,0.0,1,1,0,174984.83,0
1997,15601996,Taylor,639,Germany,Male,26,10,158397.03,2,1,1,76618.93,1
1998,15601997,Anderson,611,France,Female,43,3,0.0,1,0,0,9607.21,0
1999,15601998,King,765,France,Male,58,9,0.0,1,1,1,122363.88,0
2000,15601999,Taylor,841,France,Female,39,9,0.0,2,1,0,73883.39,0
2001,15602000,Jackson,750,France,Male,23,2,25484.38,2,0,0,3857.97,0
2002,15602001,Jackson,578,France,Female,39,6,87060.46,1,1,1,30158.56,0
2003,15602002,Johnson,655,Germany,Female,27,9,0.0,1,1,0,91192.8,0
2004,15602003,Martin,628,France,Male,48,0,0.0,1,1,1,130459.01,0
2005,15602004,Walker,593,France,Male,44,5,104913.91,1,0,1,6578.74,0
2006,15602005,Lewis,641,Germany,Male,37,10,133812.66,2,0,1,104160.53,0
2007,15602006,Taylor,637,France,Female,36,10,15545.25,3,1,1,9424.57,0
2008,15602007,Clark,828,Germany,Male,37,10,0.0,2,0,1,180479.79,1
2009,15602008,Johnson,682,France,Female,39,1,107277.41,1,0,1,141404.6,1
2010,15602009,Anderson,730,France,Male,31,1,0.0,1,1,0,16795.83,0
2011,15602010,Thomas,752,France,Male,25,10,0.0,1,0,0,101534.61,0
2012,15602011,Young,723,France,Female,50,7,61411.71,2,1,1,147023.9,0
2013,15602012,Allen,782,Germany,Male,35,2,0.0,1,1,0,57600.37,1
2014,15602013,Johnson,614,France,Male,41,8,109172.52,1,0,1,37566.05,0
2015,15602014,Allen,743,Spain,Female,42,3,77165.37,4,1,0,135143.15,0
2016,15602015,White,840,France,Male,42,5,123620.57,2,1,0,155779.3,0
2017,15602016,Thomas,580,France,Female,27,0,0.0,2,1,0,80166.83,1
2018,15602017,Wilson,617,Germany,Male,22,10,0.0,2,1,0,48067.39,0
2019,15602018,Jackson,610,France,Female,33,9,0.0,2,1,0,188386.38,0
2020,15602019,Johnson,850,Spain,Female,43,9,0.0,1,1,1,107257.33,0
2021,15602020,Wright,547,Germany,Female,32,2,0.0,2,0,0,98050.2,1
2022,15602021,Moore,661,Spain,Male,35,3,0.0,2,1,1,146148.41,0
2023,15602022,Walker,698,Germany,Male,60,4,197074.0,1,1,0,179220.83,1
2024,15602023,Wright,597,France,Male,21,0,88887.24,3,0,0,61153.82,0
2025,15602024,Jackson,554,France,Female,31,3,0.0,3,1,0,162579.07,1
2026,15602025,Wilson,570,France,Female,58,4,13668.65,1,1,0,186681.72,0
2027,15602026,Walker,626,Spain,Male,39,3,0.0,2,0,0,192355.13,0
2028,15602027,Harris,598,Germany,Male,32,9,81939.53,2,0,1,137555.05,0
2029,15602028,Allen,790,France,Female,51,9,0.0,2,1,1,154173.47,0
2030,15602029,King,599,Spain,Female,40,6,113096.68,1,1,1,168502.4,1
2031,15602030,Wilson,598,France,Male,36,7,0.0,1,1,1,158475.59,0
2032,15602031,Lewis,688,Spain,Female,41,7,253867.26,2,1,1,37441.71,0
2033,15602032,Smith,678,France,Male,32,2,90384.97,3,1,1,465.08,0
2034,15602033,Walker,350,Germany,Male,29,4,0.0,2,1,1,114765.4,0
2035,15602034,Smith,566,Spain,Male,38,9,87738.28,2,1,0,124981.71,1
2036,15602035,Lewis,601,France,Male,29,7,53047.5,2,0,0,45174.49,0
2037,15602036,Martin,552,France,Female,39,6,120473.47,2,1,1,37486.26,0
2038,15602037,Smith,743,France,Male,43,8,76323.09,2,0,0,106459.71,0
2039,15602038,Lewis,505,France,Male,48,9,101713.78,1,1,1,178635.74,0
2040,15602039,Brown,752,France,Female,50,6,0.0,1,1,1,37569.68,1
2041,15602040,Young,445,Germany,Male,35,1,62838.76,1,1,0,175003.77,1
2042,15602041,Taylor,658,Spain,Female,44,3,121645.03,1,1,1,172599.36,0
2043,15602042,Moore,802,Spain,Male,44,7,0.0,2,1,0,50075.24,0
2044,15602043,Wright,592,France,Male,42,8,95348.9,1,0,0,159543.79,0
2045,15602044,King,652,Germany,Male,34,6,0.0,1,1,0,191734.71,0
2046,15602045,Hall,750,Spain,Female,29,4,124225.18,2,1,0,31555.43,0
2047,15602046,White,747,France,Female,44,0,0.0,1,1,0,109199.36,1
2048,15602047,Young,679,Spain,Male,22,8,181884.68,1,1,1,161329.58,0
2049,15602048,Smith,632,Spain,Male,36,5,0.0,3,0,0,66373.21,1
2050,15602049,Walker,631,France,Female,18,1,0.0,2,1,1,15233.76,0
2051,15602050,Brown,515,France,Female,26,10,81194.83,1,1,0,24566.54,0
2052,15602051,Brown,551,France,Female,30,9,130198.28,1,0,0,66682.36,0
2053,15602052,Martin,653,France,Male,50,9,107693.59,1,0,0,8524.66,1
2054,15602053,Moore,677,Germany,Male,46,1,136266.53,1,1,1,9120.22,0
2055,15602054,Allen,850,Germany,Male,33,9,0.0,1,1,0,194948.1,1
2056,15602055,Wilson,726,Spain,Male,46,0,0.0,1,1,1,24637.13,0
2057,15602056,Thomas,616,France,Male,48,3,101239.87,2,1,1,32677.71,0
2058,15602057,Walker,700,France,Female,37,9,79233.8,1,0,1,118179.07,1
2059,15602058,Lewis,479,Spain,Female,25,10,51107.57,2,1,0,162973.9,0
2060,15602059,Johnson,658,Spain,Male,37,1,0.0,1,1,1,31940.46,0
2061,15602060,Young,716,France,Male,38,9,62323.01,2,1,1,8616.48,0
2062,15602061,Walker,717,Spain,Male,27,10,212924.14,1,1,1,43958.22,0
2063,15602062,Walker,644,Germany,Male,43,8,0.0,2,1,1,100791.48,0
2064,15602063,Wilson,705,France,Male,42,1,0.0,2,1,0,198290.95,0
2065,15602064,Smith,624,France,Male,43,10,0.0,3,1,0,123619.79,0
2066,15602065,Clark,688,Germany,Female,42,8,106442.32,1,1,0,44364.67,1
2067,15602066,Taylor,559,France,Female,46,0,18079.87,1,1,1,2221.36,0
2068,15602067,White,540,France,Male,37,6,58683.97,2,1,1,33220.58,0
2069,15602068,Hall,773,France,Male,41,5,97847.47,2,0,1,131239.69,0
2070,15602069,Young,632,France,Female,35,5,85426.98,2,1,1,63741.87,1
2071,15602070,Smith,693,Germany,Male,33,1,0.0,3,1,0,111015.63,0
2072,15602071,White,574,Spain,Female,52,0,0.0,2,1,0,117169.73,0
2073,15602072,Clark,541,France,Female,19,9,0.0,2,0,1,31812.8,0
2074,15602073,Wilson,597,Germany,Male,48,7,196429.95,2,1,1,81720.06,0
2075,15602074,Brown,691,Germany,Female,33,7,124332.84,1,0,0,110742.79,0
2076,15602075,Wilson,450,Germany,Male,31,1,64199.0,2,0,1,173444.45,0
2077,15602076,Hall,670,France,Female,42,3,0.0,1,0,0,159901.62,1
2078,15602077,Anderson,716,France,Male,24,3,0.0,2,1,0,134708.73,0
2079,15602078,Young,564,Germany,Female,31,1,0.0,2,1,0,155438.82,0
2080,15602079,Smith,673,Germany,Male,31,10,46255.78,2,0,0,191689.39,1
2081,15602080,Lewis,666,France,Male,37,8,109087.16,2,0,1,152595.72,0
2082,15602081,Moore,566,France,Male,31,3,0.0,1,1,1,40804.91,0
2083,15602082,Wilson,636,France,Female,55,3,67311.2,4,1,1,67223.98,1
2084,15602083,Allen,649,Germany,Female,57,3,0.0,1,1,1,73588.55,0
2085,15602084,Thomas,566,Spain,Female,19,4,229064.39,1,0,0,87516.94,0
2086,15602085,Wilson,616,France,Female,44,9,67642.66,3,1,1,126717.9,0
2087,15602086,Walker,648,France,Male,48,7,12052.4,1,1,1,84030.7,1
2088,15602087,Wilson,678,Spain,Male,44,3,21106.9,2,0,1,93043.59,1
2089,15602088,Brown,833,Germany,Male,32,2,0.0,1,0,0,118631.63,0
2090,15602089,Smith,556,France,Male,37,10,180527.48,1,0,1,162094.36,0
2091,15602090,King,781,Germany,Female,32,0,0.0,2,0,1,89700.35,1
2092,15602091,Martin,563,Germany,Female,35,1,65193.63,2,1,1,126117.23,0
2093,15602092,Smith,650,France,Female,27,3,134314.25,2,1,1,93019.36,0
2094,15602093,Clark,739,Spain,Male,38,8,0.0,2,1,1,199512.21,0
2095,15602094,White,693,France,Male,24,0,76995.26,1,0,1,188702.04,0
2096,15602095,Johnson,422,Germany,Female,37,5,0.0,1,1,1,108163.42,0
2097,15602096,Jackson,755,Spain,Female,27,5,42413.62,1,1,1,163077.68,0
2098,15602097,Brown,681,Spain,Male,41,9,0.0,2,1,0,172650.62,0
2099,15602098,Taylor,596,Germany,Male,32,2,117483.64,2,0,1,5584.76,0
2100,15602099,Wright,637,France,Male,42,9,0.0,1,0,1,184023.09,0
2101,15602100,Allen,691,Germany,Female,50,8,70675.88,1,1,1,172086.02,0
2102,15602101,Anderson,707,Spain,Female,55,9,156167.89,1,1,1,163779.29,0
2103,15602102,Allen,703,France,Male,18,2,0.0,2,1,1,113532.02,0
2104,15602103,Taylor,581,Spain,Male,31,0,122140.72,2,1,1,45563.76,0
2105,15602104,Moore,649,Germany,Female,36,1,0.0,1,0,1,100309.04,0
2106,15602105,Walker,568,France,Male,44,3,43010.11,2,0,1,159871.09,0
2107,15602106,Anderson,724,Germany,Male,22,3,0.0,1,1,1,90338.69,1
2108,15602107,Harris,626,Germany,Female,29,1,0.0,2,1,1,197468.62,0
2109,15602108,Thomas,692,France,Female,40,9,28267.53,1,0,0,45342.16,1
2110,15602109,Allen,600,Germany,Female,40,5,0.0,2,1,1,182155.47,0
2111,15602110,Lewis,658,France,Female,43,5,84575.77,1,1,0,64565.2,0
2112,15602111,Wright,631,France,Male,43,2,0.0,1,0,0,167728.62,0
2113,15602112,Clark,532,France,Female,42,0,0.0,2,1,0,86905.8,0
2114,15602113,Young,756,Germany,Male,41,9,0.0,2,1,0,166523.83,1
2115,15602114,Brown,715,Spain,Male,40,8,124633.55,1,0,1,117849.66,0
2116,15602115,Brown,527,France,Female,46,3,31415.23,2,1,1,181430.31,0
2117,15602116,Jackson,571,France,Male,18,8,82790.88,2,1,1,95714.88,0
2118,15602117,King,592,Spain,Male,54,4,212326.31,2,1,0,186634.58,1
2119,15602118,Jackson,778,France,Male,18,6,85111.48,1,0,1,25490.19,0
2120,15602119,Brown,734,Germany,Male,28,2,0.0,1,1,0,161791.98,0
2121,15602120,Wright,671,Germany,Female,37,2,0.0,2,1,1,44166.88,0
2122,15602121,Martin,497,Spain,Male,46,7,0.0,1,1,0,46004.41,0
2123,15602122,Martin,694,Germany,Male,18,0,73675.4,2,1,1,13134.98,0
2124,15602123,Young,666,France,Male,39,7,122149.56,2,0,1,146363.69,0
2125,15602124,Anderson,617,Germany,Female,47,7,42601.82,1,1,1,128767.75,1
2126,15602125,Smith,778,Spain,Male,49,2,0.0,1,0,1,67025.08,0
2127,15602126,Allen,631,Spain,Female,32,0,65261.36,1,1,1,195156.93,0
2128,15602127,Brown,765,France,Male,36,8,106540.86,2,0,1,11634.97,0
2129,15602128,Wright,614,Germany,Male,33,3,184370.87,2,1,0,153974.04,0
2130,15602129,Wright,567,France,Male,35,6,142383.27,2,0,1,52790.56,0
2131,15602130,Moore,529,France,Male,29,8,0.0,1,1,0,13412.72,1
2132,15602131,Allen,642,France,Female,30,2,0.0,2,1,0,127352.9,0
2133,15602132,Jackson,654,Spain,Female,43,4,60759.29,2,1,0,65826.94,0
2134,15602133,Wilson,557,Spain,Female,40,9,130879.47,2,1,0,90107.52,0
2135,15602134,Lewis,562,Spain,Female,44,10,66167.89,1,1,1,94561.97,0
2136,15602135,Young,764,Germany,Female,41,2,122762.07,1,0,1,8146.86,0
2137,15602136,Wilson,722,France,Male,46,4,0.0,2,1,1,106361.66,0
2138,15602137,Wilson,828,Spain,Male,48,10,0.0,1,1,0,7874.98,0
2139,15602138,Hall,493,France,Female,22,1,0.0,1,1,1,36601.53,0
2140,15602139,Wright,816,Germany,Male,30,3,0.0,2,1,1,143353.14,0
2141,15602140,Wilson,574,Germany,Male,37,1,17926.39,1,1,0,144723.6,0
2142,15602141,Clark,522,Spain,Male,39,2,0.0,1,1,1,571.76,0
2143,15602142,Brown,674,Spain,Male,32,4,0.0,2,1,0,169776.42,0
2144,15602143,Allen,470,France,Female,48,8,153420.89,2,1,0,1749.94,1
2145,15602144,Thomas,755,France,Male,59,2,0.0,2,1,0,193789.93,1
2146,15602145,Smith,667,Germany,Male,41,9,6967.05,1,1,1,112092.16,0
2147,15602146,Taylor,582,France,Female,40,5,158905.96,2,1,0,73642.57,1
2148,15602147,Wright,747,France,Female,47,3,109713.2,2,0,0,121421.2,0
2149,15602148,King,637,France,Female,20,3,94438.0,2,0,0,29715.81,1
2150,15602149,Hall,653,Germany,Female,39,10,6967.57,1,1,0,95453.79,0
2151,15602150,Young,711,France,Female,49,9,0.0,1,1,1,137761.9,0
2152,15602151,Allen,589,France,Male,33,9,61751.61,2,1,1,130890.26,0
2153,15602152,Allen,548,Spain,Female,27,4,84395.15,2,1,1,181521.45,1
2154,15602153,Taylor,637,Germany,Male,37,10,97126.27,1,0,0,56881.54,0
2155,15602154,Johnson,519,France,Male,38,6,0.0,1,1,0,14114.42,0
2156,15602155,Wilson,608,France,Female,30,10,103531.02,1,1,1,74510.85,1
2157,15602156,Moore,553,France,Female,60,3,0.0,2,1,1,26569.75,0
2158,15602157,Lewis,620,France,Female,34,7,75599.38,2,1,0,178654.0,1
2159,15602158,Smith,563,France,Female,27,8,0.0,1,0,1,196264.56,0
2160,15602159,Smith,617,Spain,Female,38,8,181322.18,2,1,0,126904.93,0
2161,15602160,White,750,Spain,Female,48,8,50830.85,1,1,0,158750.02,0
2162,15602161,Wright,578,Spain,Male,39,1,45435.52,1,1,1,139341.97,1
2163,15602162,Walker,687,France,Male,44,2,123266.09,1,0,0,109597.46,0
2164,15602163,Brown,475,Germany,Female,30,4,21226.6,1,1,0,165651.73,1
2165,15602164,King,618,France,Female,54,0,0.0,2,1,1,178651.9,0
2166,15602165,Johnson,570,Germany,Male,45,3,77591.08,4,1,1,102537.13,1
2167,15602166,Wright,656,Spain,Male,49,10,103093.75,2,1,1,162229.29,1
2168,15602167,Thomas,596,France,Male,43,4,139164.55,2,1,0,78030.86,1
2169,15602168,Lewis,734,Spain,Male,47,8,0.0,1,1,0,46670.37,0
2170,15602169,Thomas,616,France,Female,30,7,81425.86,1,0,0,92602.44,1
2171,15602170,Young,759,Spain,Female,34,0,111506.4,1,1,0,49487.43,1
2172,15602171,Jackson,447,France,Male,52,2,0.0,2,1,0,78375.29,0
2173,15602172,Martin,654,France,Female,55,2,0.0,2,1,0,128133.81,1
2174,15602173,Thomas,663,Germany,Male,28,10,176016.23,1,1,1,34397.48,0
2175,15602174,Clark,559,France,Male,41,5,124519.52,1,0,1,144867.59,0
2176,15602175,Thomas,650,Germany,Male,35,3,74423.5,2,0,1,179246.5,0
2177,15602176,Anderson,697,France,Female,32,3,0.0,2,0,0,76512.32,0
2178,15602177,Wright,755,Spain,Male,42,0,0.0,2,1,0,194912.97,1
2179,15602178,Lewis,622,Spain,Male,50,9,0.0,1,1,0,137804.29,0
2180,15602179,Allen,607,Spain,Female,44,10,73875.47,1,0,0,115077.11,0
2181,15602180,Walker,592,France,Female,36,3,0.0,2,0,0,60795.99,1
2182,15602181,Wilson,655,France,Male,44,0,53114.28,1,1,0,3304.46,0
2183,15602182,King,559,France,Male,35,4,0.0,2,0,1,82673.91,0
2184,15602183,Smith,723,France,Female,43,2,0.0,1,1,1,182343.15,0
2185,15602184,Walker,493,Spain,Female,53,9,9987.44,2,1,1,160817.05,0
2186,15602185,Jackson,644,Germany,Male,18,4,0.0,1,1,0,196561.25,0
2187,15602186,Walker,516,Germany,Male,47,2,0.0,1,0,0,161522.63,0
2188,15602187,Clark,645,Germany,Male,24,4,89549.23,1,0,1,145907.07,0
2189,15602188,Walker,728,Germany,Male,51,3,27408.29,2,1,1,17386.79,1
2190,15602189,Lewis,668,Spain,Female,33,8,0.0,2,1,0,195937.2,0
2191,15602190,Jackson,592,France,Male,27,5,59659.14,2,1,0,58403.37,0
2192,15602191,Smith,720,Germany,Female,46,9,0.0,1,1,1,48770.19,0
2193,15602192,Clark,385,Spain,Male,43,1,0.0,1,0,1,5879.94,0
2194,15602193,Young,643,Spain,Male,29,0,84302.82,2,0,1,80316.94,0
2195,15602194,Hall,569,France,Female,26,0,0.0,2,1,0,178935.8,0
2196,15602195,Young,698,France,Female,37,0,0.0,1,1,1,153896.55,0
2197,15602196,White,405,France,Male,27,8,0.0,1,1,1,117245.99,0
2198,15602197,Hall,605,Germany,Female,28,4,14937.22,1,1,1,149356.69,0
2199,15602198,Harris,588,Spain,Female,40,3,42086.32,2,0,1,10572.26,0
2200,15602199,Lewis,738,France,Male,29,9,0.0,2,1,0,37615.5,0
2201,15602200,Hall,573,Germany,Female,43,4,0.0,2,1,0,93629.23,1
2202,15602201,Hall,628,France,Male,54,8,97134.93,2,1,0,133809.67,0
2203,15602202,White,657,France,Female,38,2,37668.98,1,0,0,113794.12,0
2204,15602203,Brown,648,France,Male,40,2,100857.95,1,1,1,30746.3,0
2205,15602204,Johnson,646,Spain,Female,59,1,0.0,1,1,0,164334.19,1
2206,15602205,Wilson,656,Germany,Female,27,7,0.0,2,1,0,27151.57,0
2207,15602206,Hall,650,France,Male,51,6,0.0,2,1,1,50220.1,0
2208,15602207,Young,850,Germany,Male,50,1,0.0,4,1,1,189381.83,0
2209,15602208,Hall,476,France,Female,48,3,0.0,1,1,0,187572.76,1
2210,15602209,Jackson,573,Germany,Female,52,6,0.0,2,1,1,33094.96,0
2211,15602210,Harris,645,Germany,Male,42,0,84477.65,2,1,0,45799.95,0
2212,15602211,Johnson,758,Germany,Male,33,0,0.0,2,0,0,128681.96,1
2213,15602212,King,743,France,Male,50,7,0.0,2,1,1,167694.31,0
2214,15602213,Brown,751,Germany,Male,50,5,96823.8,1,1,0,111523.29,0
2215,15602214,Brown,647,Spain,Male,50,1,14698.89,2,1,1,56078.01,0
2216,15602215,Wright,770,France,Female,39,9,0.0,3,1,0,56950.87,1
2217,15602216,Moore,592,Germany,Male,32,9,80234.32,2,0,0,7231.4,1
2218,15602217,Moore,739,France,Male,41,0,0.0,1,1,1,1129.41,0
2219,15602218,Johnson,668,Germany,Female,48,2,0.0,1,1,1,25653.53,0
2220,15602219,Taylor,670,France,Female,49,3,105341.73,2,1,1,198598.05,0
2221,15602220,Clark,522,Spain,Female,35,4,189307.18,1,1,1,39254.98,0
2222,15602221,Jackson,478,Spain,Female,42,10,0.0,1,0,0,109856.35,0
2223,15602222,Young,622,France,Female,26,9,192968.35,2,0,0,34400.04,1
2224,15602223,Brown,641,France,Male,49,2,16076.96,2,0,1,173252.86,0
2225,15602224,King,541,France,Male,31,4,0.0,2,1,0,132352.79,1
2226,15602225,Smith,740,France,Male,47,6,0.0,1,0,0,148408.22,0
2227,15602226,Taylor,570,France,Female,28,10,0.0,1,1,1,163202.61,0
2228,15602227,King,706,Spain,Female,49,8,85002.72,1,1,0,162210.78,1
2229,15602228,Wilson,621,France,Male,42,4,74156.72,1,0,1,1456.08,0
2230,15602229,Lewis,726,France,Female,31,3,0.0,2,0,1,134381.44,0
2231,15602230,Walker,534,Spain,Male,46,9,17879.55,1,1,1,164508.21,1
2232,15602231,Lewis,494,France,Male,33,10,0.0,4,1,0,11040.83,1
2233,15602232,Smith,702,Germany,Female,46,8,20599.16,1,1,0,106525.52,1
2234,15602233,Johnson,733,Germany,Female,36,7,15135.28,1,0,1,34402.97,0
2235,15602234,Walker,681,Spain,Male,22,4,0.0,1,0,0,42565.94,0
2236,15602235,Taylor,564,Spain,Male,29,8,0.0,1,1,1,168426.98,0
2237,15602236,Clark,716,Germany,Male,35,10,43475.98,1,1,0,91980.09,1
2238,15602237,Wright,705,France,Male,53,8,162814.37,2,0,0,36922.09,0
2239,15602238,Young,539,France,Female,48,0,105654.25,1,1,1,149224.28,0
2240,15602239,Hall,694,France,Male,55,5,0.0,1,0,0,178290.36,0
2241,15602240,Wright,664,Germany,Female,56,10,145559.51,2,1,1,135778.44,1
2242,15602241,Moore,660,France,Female,34,4,0.0,1,0,1,184163.45,0
2243,15602242,Young,516,Spain,Male,37,5,75255.18,2,0,0,57304.43,0
2244,15602243,Anderson,730,Germany,Male,35,9,92976.71,1,1,0,86555.71,0
2245,15602244,Thomas,597,Germany,Female,32,2,44007.39,2,1,0,21077.87,1
2246,15602245,Thomas,587,Spain,Female,21,2,23985.97,1,1,1,14684.24,0
2247,15602246,Wilson,694,France,Female,39,9,0.0,2,1,1,80644.86,0
2248,15602247,White,629,Germany,Female,26,4,13180.51,1,1,1,136433.09,0
2249,15602248,Wright,511,Spain,Female,39,6,43484.17,1,1,0,150860.15,1
2250,15602249,Brown,798,France,Male,60,3,88385.62,2,0,1,30179.23,0
2251,15602250,Wright,672,France,Male,34,5,5230.2,1,1,1,122751.77,0
2252,15602251,Anderson,648,Germany,Male,41,4,15723.05,1,1,0,104998.63,0
2253,15602252,Anderson,647,Spain,Male,48,1,0.0,1,1,0,161579.79,0
2254,15602253,Allen,651,Germany,Male,42,10,33405.42,1,1,0,145740.94,1
2255,15602254,Thomas,659,Germany,Male,42,0,0.0,2,1,1,100007.49,1
2256,15602255,Hall,761,Spain,Male,35,5,0.0,1,0,0,49259.16,1
2257,15602256,White,803,Spain,Female,37,4,56022.05,2,1,0,175414.76,0
2258,15602257,Thomas,622,France,Male,29,8,60504.84,1,0,1,33456.74,0
2259,15602258,Johnson,716,France,Male,47,6,0.0,1,0,1,52014.92,0
2260,15602259,White,711,France,Male,22,0,153208.26,2,1,0,134854.71,0
2261,15602260,Martin,717,Germany,Male,49,9,53741.39,1,1,0,105674.88,1
2262,15602261,Young,773,Spain,Female,25,5,0.0,1,0,1,20886.25,0
2263,15602262,Smith,733,Germany,Male,49,10,0.0,2,1,0,96943.31,1
2264,15602263,Young,690,France,Female,35,6,105167.46,2,1,1,23598.25,0
2265,15602264,Thomas,588,Spain,Male,27,2,72075.4,1,0,1,21791.26,0
2266,15602265,Wilson,679,Spain,Female,45,8,43125.24,1,1,0,51215.91,1
2267,15602266,Wright,549,Spain,Female,48,10,2907.71,1,0,1,34372.46,0
2268,15602267,King,695,Spain,Female,35,10,97605.31,1,0,1,198354.22,1
2269,15602268,Martin,681,France,Male,46,1,8355.65,1,1,0,191567.15,1
2270,15602269,Lewis,511,Spain,Female,18,0,108930.09,1,1,1,144859.41,0
2271,15602270,Brown,604,France,Male,26,9,0.0,1,1,0,167904.08,0
2272,15602271,Anderson,578,France,Female,52,9,0.0,2,0,1,179643.38,0
2273,15602272,Lewis,718,France,Male,37,8,77873.21,1,1,1,105940.8,0
2274,15602273,White,621,Spain,Male,20,6,0.0,1,0,0,161656.01,1
2275,15602274,Smith,512,Germany,Female,32,9,0.0,1,0,0,180511.98,1
2276,15602275,Anderson,693,Spain,Female,30,10,0.0,2,1,0,10099.0,0
2277,15602276,Smith,670,Spain,Male,37,0,84235.62,2,1,0,161241.26,0
2278,15602277,Walker,662,Spain,Male,35,3,38775.86,1,1,1,16595.95,0
2279,15602278,Moore,543,Spain,Male,41,9,0.0,2,1,0,188829.18,0
2280,15602279,Lewis,707,France,Female,38,2,0.0,2,1,1,134512.81,0
2281,15602280,Anderson,639,France,Male,53,10,57402.86,2,1,0,199666.4,0
2282,15602281,King,633,France,Male,43,6,137573.45,2,0,0,80545.32,0
2283,15602282,Johnson,528,France,Female,44,4,66279.22,2,1,0,171908.51,1
2284,15602283,Brown,531,France,Female,51,8,63355.73,2,1,1,191252.54,0
2285,15602284,Martin,850,France,Female,35,10,72731.62,2,1,0,58801.22,0
2286,15602285,Moore,538,France,Male,26,2,0.0,2,1,0,172220.5,0
2287,15602286,Young,446,Germany,Male,51,10,48727.44,2,0,1,74830.06,0
2288,15602287,Thomas,613,France,Female,40,5,153711.83,2,1,1,83672.45,0
2289,15602288,Hall,632,France,Female,40,9,0.0,1,1,0,174268.72,0
2290,15602289,Brown,561,France,Female,33,1,0.0,2,0,1,107876.14,0
2291,15602290,Martin,570,Spain,Female,33,2,123747.11,2,0,0,80933.82,0
2292,15602291,Jackson,638,France,Female,47,3,0.0,2,0,1,30385.39,1
2293,15602292,White,685,France,Male,49,5,8529.38,2,1,1,87434.56,0
2294,15602293,Thomas,514,Spain,Male,47,10,0.0,2,1,0,146072.32,1
2295,15602294,Young,612,France,Female,47,0,0.0,2,0,1,137967.97,1
2296,15602295,Allen,650,France,Male,45,5,55853.95,2,1,1,156504.23,0
2297,15602296,Smith,627,France,Male,40,3,0.0,1,0,1,151111.65,0
2298,15602297,Young,583,France,Male,37,7,122643.12,2,1,1,72176.65,0
2299,15602298,Young,551,France,Female,51,8,3638.12,1,1,1,167719.67,0
2300,15602299,Martin,818,France,Female,35,7,10289.58,2,0,0,7769.31,1
2301,15602300,Johnson,423,Germany,Male,43,7,0.0,1,1,1,5705.63,0
2302,15602301,Young,749,Spain,Male,31,1,0.0,1,1,1,191221.6,0
2303,15602302,Wright,539,Spain,Female,32,9,0.0,1,0,1,175293.58,0
2304,15602303,King,673,France,Male,37,1,47100.09,2,1,0,80534.2,0
2305,15602304,Clark,658,Germany,Male,31,5,0.0,2,1,0,168611.69,0
2306,15602305,Lewis,549,France,Female,47,4,131385.08,1,1,0,130018.29,1
2307,15602306,Moore,631,France,Male,26,5,0.0,1,1,1,34014.54,0
2308,15602307,White,611,Spain,Male,40,8,89251.23,1,0,0,91233.89,0
2309,15602308,Martin,653,France,Female,40,9,0.0,2,1,0,12674.29,0
2310,15602309,White,774,France,Male,21,6,65856.95,1,1,0,66993.13,0
2311,15602310,Taylor,788,Spain,Male,35,4,38950.29,2,1,1,41404.89,0
2312,15602311,Allen,576,Germany,Male,42,9,123096.95,2,1,1,164283.65,0
2313,15602312,Allen,684,France,Female,43,6,77950.93,2,1,0,147474.78,0
2314,15602313,Clark,749,Spain,Female,37,7,114606.27,3,0,1,12226.05,0
2315,15602314,Martin,608,Germany,Male,46,10,0.0,2,1,0,107593.18,1
2316,15602315,Brown,708,France,Female,38,0,0.0,1,1,0,145195.76,0
2317,15602316,Harris,850,France,Female,39,9,71945.99,1,1,1,124656.72,0
2318,15602317,Thomas,539,France,Female,42,10,0.0,1,1,0,10806.17,1
2319,15602318,Allen,696,France,Female,48,10,0.0,1,0,1,39479.76,1
2320,15602319,Smith,552,France,Male,32,6,24181.4,2,1,0,76882.76,0
2321,15602320,Walker,589,Germany,Female,34,3,54527.73,1,1,1,25608.31,1
2322,15602321,Wright,604,Spain,Male,32,4,111218.65,1,1,1,29302.44,0
2323,15602322,Walker,693,Spain,Female,36,1,0.0,2,1,0,77270.69,0
2324,15602323,Lewis,847,France,Male,53,9,102632.53,1,0,0,98122.18,0
2325,15602324,Johnson,592,Germany,Female,45,4,0.0,2,1,0,13383.44,1
2326,15602325,White,748,Germany,Male,28,8,0.0,2,1,1,145932.16,0
2327,15602326,Young,563,Germany,Male,33,0,0.0,2,1,0,108611.77,0
2328,15602327,Allen,607,France,Female,43,2,0.0,2,1,0,192237.15,0
2329,15602328,Moore,777,Spain,Male,30,3,240233.35,2,1,1,56124.97,0
2330,15602329,Anderson,743,France,Female,32,8,0.0,2,0,0,52160.34,0
2331,15602330,White,610,France,Male,52,1,0.0,2,1,0,67868.38,1
2332,15602331,Smith,591,France,Male,33,6,0.0,1,1,0,108816.13,0
2333,15602332,Clark,695,Spain,Male,49,8,107790.43,1,0,0,61091.66,0
2334,15602333,Clark,587,Spain,Male,52,9,0.0,2,1,0,60711.97,0
2335,15602334,Hall,603,France,Female,32,3,118594.56,1,1,0,171902.76,0
2336,15602335,Taylor,611,France,Female,30,4,44105.51,1,1,0,19441.43,0
2337,15602336,Allen,633,France,Female,36,9,67401.78,2,1,0,99968.6,0
2338,15602337,Martin,593,France,Male,28,3,20839.3,2,1,0,150843.58,0
2339,15602338,Thomas,491,France,Male,40,6,143010.11,1,1,1,191363.08,0
2340,15602339,Hall,801,France,Female,37,7,0.0,2,1,1,176338.19,0
2341,15602340,Hall,730,Germany,Male,43,7,57916.16,2,1,1,42444.5,0
2342,15602341,Wilson,642,France,Female,53,2,0.0,1,1,1,92136.02,0
2343,15602342,Martin,578,France,Female,47,1,81670.87,2,1,0,116290.43,0
2344,15602343,Jackson,767,France,Male,44,5,95118.89,1,1,0,64989.33,0
2345,15602344,King,695,Germany,Male,19,0,0.0,2,1,1,63675.85,0
2346,15602345,Smith,587,Spain,Male,43,8,95546.61,1,1,0,37051.63,0
2347,15602346,Moore,699,Spain,Female,56,6,25173.97,1,1,0,10091.46,0
2348,15602347,Clark,658,France,Male,18,7,0.0,1,1,0,155735.79,0
2349,15602348,Allen,663,Spain,Female,46,6,0.0,1,1,0,89587.26,1
2350,15602349,Young,734,France,Female,37,4,0.0,2,1,0,174364.22,0
2351,15602350,Clark,699,Spain,Male,31,4,0.0,4,0,1,38401.14,0
2352,15602351,Wright,733,Germany,Male,47,6,0.0,1,0,0,74273.69,0
2353,15602352,White,828,Spain,Female,56,6,0.0,1,0,0,71075.5,1
2354,15602353,Thomas,707,Germany,Female,47,1,68358.83,1,0,1,121071.8,0
2355,15602354,Harris,850,Spain,Male,35,1,0.0,1,0,0,97610.04,0
2356,15602355,Taylor,766,France,Female,30,6,134864.2,2,1,0,121473.03,0
2357,15602356,Lewis,626,Germany,Male,40,4,140905.8,1,1,0,70944.89,0
2358,15602357,Wright,503,France,Male,48,1,72889.13,2,1,0,188297.88,1
2359,15602358,Hall,767,Spain,Female,35,0,122705.17,2,1,0,186653.75,0
2360,15602359,Lewis,525,France,Male,36,8,0.0,1,1,1,155612.47,0
2361,15602360,Smith,665,France,Male,67,10,55429.73,1,0,0,199143.31,1
2362,15602361,Young,720,France,Female,50,7,126048.07,1,1,0,41728.33,1
2363,15602362,Young,546,France,Male,51,1,80420.11,2,1,1,86529.85,0
2364,15602363,Lewis,589,France,Female,24,1,0.0,2,1,1,126296.1,0
2365,15602364,Johnson,547,Spain,Male,32,2,0.0,1,1,0,77927.43,0
2366,15602365,Johnson,850,France,Female,40,3,131358.71,1,0,0,45575.51,0
2367,15602366,Smith,721,France,Male,29,8,0.0,2,1,1,8659.23,0
2368,15602367,Wilson,580,Spain,Female,55,5,106665.52,1,1,1,189112.75,0
2369,15602368,Thomas,501,France,Female,53,2,0.0,1,1,1,46113.64,0
2370,15602369,Clark,565,Spain,Male,34,7,84973.57,1,0,1,94266.09,0
2371,15602370,Allen,589,Spain,Female,57,5,0.0,1,1,0,4450.4,1
2372,15602371,Anderson,596,Germany,Female,39,7,124120.04,1,1,0,107562.3,1
2373,15602372,Johnson,727,Spain,Female,65,9,83491.88,1,1,1,167458.76,0
2374,15602373,Jackson,513,France,Female,40,1,126859.23,1,1,1,91617.7,0
2375,15602374,Allen,755,Spain,Male,45,7,115900.77,1,1,0,182322.05,1
2376,15602375,Martin,475,France,Male,53,10,0.0,1,1,1,42801.0,0
2377,15602376,Wilson,643,France,Female,52,4,87688.73,2,1,0,40538.04,0
2378,15602377,Hall,582,Germany,Male,44,9,130723.93,2,1,1,119723.94,0
2379,15602378,Anderson,746,France,Male,38,3,0.0,1,0,0,162043.74,1
2380,15602379,Young,790,Germany,Male,44,2,0.0,1,1,1,987.45,1
2381,15602380,Martin,728,Germany,Female,31,8,4587.24,1,0,0,50740.04,0
2382,15602381,Lewis,693,Germany,Male,41,9,100924.78,1,1,1,49715.21,0
2383,15602382,Wilson,624,Germany,Male,28,6,190363.33,1,1,0,102381.55,0
2384,15602383,Clark,780,France,Male,21,6,35796.5,1,0,1,123405.26,0
2385,15602384,Brown,553,France,Male,40,5,0.0,1,1,0,108545.57,0
2386,15602385,Moore,693,Spain,Female,52,8,107415.55,1,1,0,48831.65,1
2387,15602386,Brown,755,France,Male,48,2,79747.06,2,1,0,174163.96,0
2388,15602387,Smith,739,Spain,Male,38,0,0.0,1,0,1,154868.42,1
2389,15602388,King,701,Spain,Male,56,6,0.0,1,0,0,127161.71,1
2390,15602389,Jackson,699,Spain,Female,33,8,41821.52,1,1,0,74417.01,0
2391,15602390,Walker,737,France,Male,20,5,0.0,2,0,1,65625.64,1
2392,15602391,Anderson,637,France,Male,18,9,94032.64,1,1,0,148387.4,0
2393,15602392,Moore,788,France,Male,27,1,0.0,1,1,0,24618.32,0
2394,15602393,Anderson,850,France,Male,47,7,54033.64,2,0,1,6780.26,0
2395,15602394,Walker,471,Germany,Male,33,8,157261.27,2,1,1,193583.05,0
2396,15602395,Jackson,612,France,Female,44,9,78634.32,2,1,0,189876.55,1
2397,15602396,King,542,France,Male,55,7,123550.93,2,1,1,188556.0,0
2398,15602397,Clark,587,France,Female,28,8,49630.23,2,0,1,109511.21,0
2399,15602398,King,662,Spain,Male,44,0,85226.31,2,0,1,19359.54,0
2400,15602399,Martin,696,Spain,Female,44,2,97836.34,1,1,0,100043.07,1
2401,15602400,Anderson,634,France,Male,30,2,69496.62,2,0,1,72018.38,1
2402,15602401,Allen,712,France,Male,53,8,0.0,2,1,0,115838.43,0
2403,15602402,Smith,579,France,Female,36,2,154834.86,2,1,0,179937.61,0
2404,15602403,Martin,611,France,Female,35,9,0.0,2,1,0,93429.24,1
2405,15602404,Jackson,713,Spain,Male,60,0,0.0,2,1,0,163443.37,1
2406,15602405,Wright,618,Spain,Female,44,2,46653.44,2,0,1,98068.98,0
2407,15602406,Clark,525,France,Female,48,1,0.0,2,1,1,190297.87,1
2408,15602407,Allen,850,France,Female,53,8,150737.03,2,1,1,94354.06,0
2409,15602408,Young,741,Germany,Male,32,0,93069.01,1,1,0,142249.92,0
2410,15602409,Young,666,France,Male,51,10,128524.96,1,1,0,91487.79,0
2411,15602410,Jackson,737,Spain,Male,34,1,163705.36,2,1,1,80596.88,0
2412,15602411,Lewis,690,France,Male,34,0,83069.38,2,1,0,149733.56,0
2413,15602412,Wilson,496,France,Female,36,8,141772.22,2,1,1,149019.51,0
2414,15602413,Anderson,665,France,Male,33,6,26731.5,1,1,1,43457.91,0
2415,15602414,Hall,580,Spain,Female,47,0,9931.76,1,0,1,81869.27,1
2416,15602415,Anderson,661,Germany,Female,42,9,0.0,1,1,1,1726.07,1
2417,15602416,Wright,689,France,Female,34,5,121864.32,2,1,1,3696.55,0
2418,15602417,Thomas,742,France,Male,46,4,154113.89,2,1,0,28993.93,0
2419,15602418,Young,554,France,Male,36,9,69910.54,2,1,0,152579.41,0
2420,15602419,Moore,558,France,Female,36,10,24765.98,1,1,1,15085.57,0
2421,15602420,Young,604,France,Male,39,4,210008.05,1,1,1,188120.07,0
2422,15602421,King,792,France,Female,44,3,64210.59,2,1,0,38719.31,0
2423,15602422,Walker,615,Germany,Female,43,2,0.0,2,0,0,177283.27,1
2424,15602423,Young,702,France,Male,35,7,0.0,1,1,1,190089.61,0
2425,15602424,Jackson,645,France,Male,47,6,285228.58,2,1,0,85486.84,0
2426,15602425,Walker,612,Germany,Male,37,4,0.0,1,0,1,104549.63,1
2427,15602426,White,663,France,Male,32,8,80803.55,2,1,0,64145.72,0
2428,15602427,Clark,727,Germany,Male,24,6,0.0,1,0,0,179910.97,0
2429,15602428,Taylor,715,France,Female,49,9,134102.35,1,1,1,101993.6,0
2430,15602429,Wilson,533,Germany,Male,39,1,3258.68,2,1,1,196310.31,1
2431,15602430,Brown,682,Spain,Male,41,6,0.0,1,1,1,193788.3,0
2432,15602431,Smith,808,Germany,Female,49,6,68606.74,1,1,0,190432.16,0
2433,15602432,Clark,680,Germany,Male,34,3,80128.66,1,0,0,71258.69,0
2434,15602433,Lewis,760,France,Male,25,7,5895.8,2,1,0,16481.99,0
2435,15602434,Thomas,819,Germany,Female,40,3,55866.48,2,0,1,133823.98,0
2436,15602435,Walker,666,France,Male,42,6,0.0,1,0,1,174678.51,0
2437,15602436,Smith,644,France,Male,36,3,0.0,2,1,1,70918.35,0
2438,15602437,Taylor,692,France,Female,54,7,0.0,2,1,0,192543.97,1
2439,15602438,Lewis,775,Spain,Female,18,2,0.0,1,1,0,182149.81,0
2440,15602439,Harris,635,France,Female,50,1,31509.53,2,0,1,125930.46,1
2441,15602440,Wright,539,Spain,Male,47,9,103017.31,1,1,1,23350.98,0
2442,15602441,Young,685,Spain,Male,44,5,0.0,1,1,0,178519.78,0
2443,15602442,Anderson,740,Germany,Male,18,6,116677.46,1,0,1,24571.35,0
2444,15602443,Walker,689,Germany,Female,52,6,125481.86,2,0,1,104603.16,0
2445,15602444,King,693,France,Female,29,5,163180.5,2,1,1,3857.54,0
2446,15602445,King,646,France,Female,34,10,0.0,1,0,0,30925.09,0
2447,15602446,Martin,627,France,Male,37,7,0.0,2,0,1,112750.63,0
2448,15602447,Thomas,773,France,Male,43,5,0.0,2,1,1,313.09,0
2449,15602448,Thomas,477,France,Male,45,5,0.0,1,0,1,30285.63,0
2450,15602449,Allen,659,France,Female,48,2,71057.34,2,1,1,44146.7,0
2451,15602450,Walker,555,France,Male,47,1,91194.07,1,1,1,8560.95,0
2452,15602451,Wright,647,Germany,Male,42,6,116703.07,2,1,0,115938.75,0
2453,15602452,Smith,676,Spain,Female,43,5,28109.74,2,0,0,152785.33,0
2454,15602453,Harris,699,France,Male,28,0,56048.16,2,0,0,7518.6,0
2455,15602454,Wilson,664,Spain,Female,31,1,83813.46,1,0,0,83257.63,0
2456,15602455,Allen,785,France,Female,48,1,80379.6,1,0,1,108550.27,0
2457,15602456,Taylor,660,France,Female,47,0,40689.0,1,1,1,104471.32,0
2458,15602457,Taylor,547,Spain,Male,46,2,0.0,1,1,0,96988.09,0
2459,15602458,Lewis,750,France,Female,34,4,0.0,1,1,1,19121.36,0
2460,15602459,Wilson,683,France,Female,48,3,0.0,2,1,0,49773.02,0
2461,15602460,Martin,557,Germany,Female,27,1,0.0,2,1,1,185549.19,0
2462,15602461,Brown,721,Germany,Male,50,7,64627.09,2,1,0,36647.42,0
2463,15602462,Johnson,596,Spain,Male,36,8,80627.86,1,1,0,156829.44,0
2464,15602463,King,741,Spain,Male,56,7,148700.6,1,1,1,29410.25,0
2465,15602464,White,528,Spain,Female,24,6,0.0,2,1,1,148289.82,0
2466,15602465,Jackson,638,France,Female,57,9,103261.22,2,1,1,135769.05,0
2467,15602466,Jackson,692,France,Female,35,1,163303.01,1,1,0,198440.2,0
2468,15602467,Smith,547,France,Female,35,5,0.0,1,1,1,30756.32,1
2469,15602468,Anderson,701,France,Male,41,10,34046.98,2,0,0,55203.76,0
2470,15602469,Harris,750,Spain,Male,32,3,0.0,1,1,0,168535.88,0
2471,15602470,Johnson,630,France,Male,38,4,0.0,2,1,0,111415.88,0
2472,15602471,Wright,688,Germany,Male,32,8,0.0,2,1,1,65916.73,0
2473,15602472,Brown,573,Germany,Female,32,8,36116.68,1,0,1,30107.2,0
2474,15602473,Young,850,Spain,Female,44,3,28789.46,1,0,0,111508.5,0
2475,15602474,Brown,651,Spain,Male,30,7,101136.27,2,1,1,96529.26,0
2476,15602475,Allen,682,Germany,Female,31,10,104197.22,2,0,0,49292.23,0
2477,15602476,Thomas,624,France,Female,25,4,0.0,1,1,1,125756.95,0
2478,15602477,Walker,586,Germany,Female,34,8,0.0,2,1,0,136528.63,1
2479,15602478,Moore,744,France,Female,52,1,0.0,1,0,1,110856.75,0
2480,15602479,Johnson,417,Germany,Female,31,3,0.0,1,0,0,133160.41,1
2481,15602480,King,473,France,Male,32,2,0.0,1,0,0,51121.45,0
2482,15602481,Lewis,681,Germany,Male,41,6,0.0,1,1,1,180914.37,1
2483,15602482,Thomas,614,Germany,Female,35,1,58937.8,2,1,0,10607.85,0
2484,15602483,Moore,732,France,Female,61,2,0.0,1,0,1,34087.2,0
2485,15602484,White,600,France,Male,37,8,0.0,1,1,0,44509.47,0
2486,15602485,Wilson,488,Germany,Female,42,7,55862.75,2,1,1,190670.68,0
2487,15602486,Brown,644,France,Female,48,1,0.0,1,0,0,57355.04,1
2488,15602487,Anderson,624,Germany,Female,48,5,0.0,2,1,1,186368.49,1
2489,15602488,Thomas,545,Spain,Female,41,2,42442.68,1,1,1,95376.05,0
2490,15602489,Clark,726,France,Male,37,5,0.0,1,1,0,143594.33,0
2491,15602490,Walker,685,France,Male,59,4,0.0,1,1,1,55577.23,0
2492,15602491,King,554,France,Female,38,9,122722.23,1,1,0,140651.07,0
2493,15602492,Walker,501,Germany,Female,35,3,30999.57,1,0,0,174071.79,0
2494,15602493,Taylor,684,France,Female,33,6,25399.42,1,1,0,115449.96,1
2495,15602494,Hall,557,Spain,Female,22,10,166605.74,2,0,0,182566.43,1
2496,15602495,Moore,557,France,Male,47,9,0.0,4,1,1,77782.99,1
2497,15602496,Wilson,639,Spain,Male,18,6,30492.84,1,1,1,124046.14,0
2498,15602497,Jackson,655,Germany,Male,39,3,81719.38,2,0,1,55696.85,0
2499,15602498,Martin,699,Germany,Male,37,2,0.0,1,1,0,29700.44,0
2500,15602499,Smith,753,France,Male,61,3,0.0,2,0,0,32453.2,0
2501,15602500,Allen,605,Germany,Male,21,1,0.0,2,1,1,88812.76,1
2502,15602501,Anderson,707,Germany,Female,30,3,131499.94,2,1,1,187458.38,1
2503,15602502,Taylor,633,Spain,Female,38,3,58228.74,1,1,1,59444.34,0
2504,15602503,Thomas,764,Germany,Male,37,4,0.0,1,1,1,18728.79,0
2505,15602504,Allen,568,France,Female,34,0,87156.54,2,1,1,89310.85,1
2506,15602505,Brown,701,France,Male,38,1,0.0,2,1,1,28464.97,0
2507,15602506,Anderson,570,Germany,Male,26,7,173642.73,1,0,0,42038.7,0
2508,15602507,Wilson,562,France,Male,43,7,836.16,2,0,1,182322.98,0
2509,15602508,Wright,606,Germany,Female,18,7,39709.4,2,0,0,128543.77,1
2510,15602509,Martin,446,Germany,Male,39,4,0.0,1,1,0,104069.78,0
2511,15602510,Jackson,746,France,Female,33,7,125443.32,1,0,1,44939.1,0
2512,15602511,Smith,565,Germany,Male,49,8,37359.69,2,1,1,18696.72,0
2513,15602512,Lewis,605,France,Female,57,3,0.0,2,0,0,188453.82,1
2514,15602513,Moore,556,Spain,Male,36,3,128873.6,2,0,0,107146.04,0
2515,15602514,Johnson,742,Spain,Male,53,6,0.0,2,1,0,26021.87,0
2516,15602515,Moore,676,Germany,Female,36,4,0.0,1,1,1,92360.83,1
2517,15602516,Jackson,703,France,Male,29,10,0.0,1,1,1,122942.59,0
2518,15602517,Smith,666,France,Male,56,9,0.0,2,1,0,137510.45,1
2519,15602518,Smith,666,Spain,Female,44,0,0.0,2,0,0,18249.53,1
2520,15602519,Taylor,682,Spain,Male,39,7,0.0,1,1,1,141242.24,0
2521,15602520,Moore,742,Spain,Female,46,3,39760.86,3,1,1,155239.17,1
2522,15602521,Brown,539,France,Male,42,7,0.0,2,1,1,73529.04,0
2523,15602522,Thomas,595,France,Male,38,1,164934.73,1,0,1,133879.41,1
2524,15602523,Anderson,548,France,Female,26,3,0.0,2,1,0,19746.78,0
2525,15602524,Allen,708,Germany,Female,36,1,99651.68,1,0,0,198800.07,1
2526,15602525,Smith,693,France,Male,45,4,0.0,1,1,0,14441.89,1
2527,15602526,White,720,France,Female,38,9,57976.04,1,1,1,40603.66,0
2528,15602527,Wright,403,Germany,Female,48,9,0.0,1,1,0,151764.37,1
2529,15602528,Wright,608,France,Male,43,7,29016.06,2,1,0,191979.78,0
2530,15602529,Allen,419,Germany,Female,30,10,86916.76,1,1,0,50967.83,0
2531,15602530,Wright,839,Spain,Female,26,6,13632.85,2,1,0,19711.95,0
2532,15602531,King,662,Germany,Male,37,10,0.0,2,1,0,28273.1,1
2533,15602532,Wright,571,France,Female,34,4,48920.7,2,1,1,136649.86,0
2534,15602533,Moore,638,France,Female,42,10,0.0,2,1,1,102029.58,0
2535,15602534,Taylor,648,Spain,Female,32,6,0.0,1,1,1,176637.93,0
2536,15602535,Smith,842,Germany,Male,33,4,25954.35,1,1,0,20177.77,1
2537,15602536,Young,631,Spain,Male,50,6,0.0,2,1,0,100290.08,0
2538,15602537,Johnson,668,France,Male,40,3,111232.19,2,1,0,122511.01,0
2539,15602538,King,592,Germany,Female,32,3,0.0,1,0,1,172520.73,1
2540,15602539,Wilson,850,Germany,Female,39,9,149026.12,1,0,1,110750.81,0
2541,15602540,Martin,803,Spain,Female,53,3,116564.78,2,0,1,36515.7,0
2542,15602541,Martin,460,Germany,Female,42,10,46742.12,1,0,0,177763.2,1
2543,15602542,Jackson,733,Germany,Male,45,7,67303.71,2,0,1,173153.38,0
2544,15602543,Moore,693,Spain,Female,31,0,134123.31,1,1,1,174644.73,0
2545,15602544,Smith,575,France,Female,49,9,47403.65,2,0,1,117387.43,1
2546,15602545,Wilson,554,France,Female,62,4,0.0,2,1,1,192664.05,0
2547,15602546,Walker,453,France,Male,31,9,0.0,1,0,1,111122.65,0
2548,15602547,Jackson,712,France,Male,27,1,0.0,1,0,0,29743.23,0
2549,15602548,Jackson,518,France,Male,41,9,111667.55,1,1,0,79901.21,0
2550,15602549,White,680,France,Male,48,3,37957.41,1,0,1,164980.2,0
2551,15602550,Anderson,544,France,Male,38,4,0.0,2,1,1,195676.3,0
2552,15602551,Moore,534,France,Female,28,7,127166.3,1,1,0,166184.17,1
2553,15602552,Clark,655,Germany,Female,38,1,0.0,2,1,1,72653.68,0
2554,15602553,Wright,771,Germany,Male,45,1,0.0,1,1,0,1968.96,0
2555,15602554,Taylor,576,France,Male,35,1,61710.6,2,1,1,35648.43,0
2556,15602555,Young,644,Germany,Male,45,7,166104.49,1,1,0,7406.67,0
2557,15602556,Anderson,660,Spain,Male,51,2,96774.06,2,1,0,164365.95,0
2558,15602557,Brown,642,France,Male,41,4,178710.19,2,1,1,61310.63,0
2559,15602558,Allen,680,France,Male,39,1,2788.83,2,1,0,139019.35,1
2560,15602559,Martin,652,Spain,Male,47,5,0.0,1,1,0,81721.44,1
2561,15602560,Walker,481,Germany,Male,30,9,0.0,1,1,0,54573.08,0
2562,15602561,Harris,777,Spain,Female,29,5,127451.5,1,0,0,104918.46,0
2563,15602562,Jackson,688,France,Male,36,1,27366.69,1,0,1,97849.56,0
2564,15602563,Allen,629,France,Male,34,3,26851.44,2,1,1,164612.4,0
2565,15602564,Hall,553,France,Female,31,10,135291.36,1,1,1,139247.6,0
2566,15602565,Wilson,615,France,Male,57,1,0.0,2,1,0,62092.54,0
2567,15602566,Johnson,735,France,Male,61,9,111113.37,1,0,1,161224.2,0
2568,15602567,Smith,521,France,Female,35,3,0.0,2,0,1,119622.37,0
2569,15602568,Wright,569,Germany,Male,40,10,119325.12,2,1,0,67922.48,1
2570,15602569,White,642,Germany,Female,37,6,128577.93,1,1,1,162099.66,0
2571,15602570,Taylor,494,France,Male,50,4,154805.33,1,1,1,74035.38,0
2572,15602571,Brown,556,Germany,Male,52,9,0.0,2,1,1,10580.62,1
2573,15602572,Brown,623,France,Female,21,3,1827.48,2,0,1,175775.74,0
2574,15602573,Anderson,412,France,Female,44,9,70236.48,4,1,0,88937.6,1
2575,15602574,King,627,France,Male,26,9,151255.04,2,1,1,64521.18,1
2576,15602575,Brown,522,Spain,Female,57,2,20536.58,2,0,1,182712.27,0
2577,15602576,Allen,765,Germany,Female,43,5,8918.57,1,1,1,50377.35,0
2578,15602577,Martin,596,Spain,Male,31,1,45098.64,1,1,0,194032.6,1
2579,15602578,White,722,France,Female,37,3,87494.8,2,1,1,5719.12,0
2580,15602579,Smith,687,Spain,Female,36,7,83147.19,1,1,0,133944.92,0
2581,15602580,Taylor,573,France,Male,44,1,20958.65,1,1,0,11946.76,1
2582,15602581,Hall,684,Germany,Male,49,8,30584.04,1,0,0,18186.28,1
2583,15602582,Anderson,815,Spain,Male,28,1,70245.07,2,1,1,192152.74,0
2584,15602583,Lewis,655,France,Male,57,7,29737.95,1,1,1,184069.49,0
2585,15602584,Wright,616,Spain,Female,55,7,10687.06,1,0,0,168763.11,0
2586,15602585,Brown,687,Spain,Female,30,6,108833.27,1,1,1,135795.13,0
2587,15602586,King,697,France,Female,40,9,0.0,2,1,0,93353.6,0
2588,15602587,Clark,614,Spain,Male,56,5,0.0,2,1,1,135624.71,0
2589,15602588,Lewis,368,France,Male,51,0,54544.53,1,1,0,111464.63,0
2590,15602589,White,564,Spain,Male,36,1,0.0,1,1,0,170439.65,0
2591,15602590,Smith,523,Germany,Male,47,6,79510.04,2,1,0,148698.91,0
2592,15602591,Johnson,648,Germany,Male,69,10,0.0,1,1,0,136200.62,1
2593,15602592,Wright,764,Spain,Female,40,3,0.0,2,1,1,38657.32,0
2594,15602593,Thomas,697,Spain,Female,33,8,62859.54,1,1,1,131792.09,0
2595,15602594,Brown,602,France,Female,41,2,0.0,2,1,1,97298.35,0
2596,15602595,Clark,675,Germany,Female,41,3,0.0,2,1,1,155599.99,0
2597,15602596,Anderson,648,France,Male,34,2,25250.92,2,1,1,90938.71,0
2598,15602597,Walker,700,France,Female,43,6,0.0,1,1,0,99566.25,1
2599,15602598,Harris,706,France,Male,26,1,134677.04,1,1,1,83029.64,0
2600,15602599,Clark,776,France,Male,32,9,0.0,1,1,1,196835.41,0
2601,15602600,Wilson,636,Spain,Female,47,1,95689.51,3,1,1,118747.02,0
2602,15602601,Wright,476,France,Male,21,1,124346.49,1,1,1,182278.54,0
2603,15602602,Moore,521,Spain,Male,48,3,0.0,1,1,1,174363.99,1
2604,15602603,Moore,652,France,Female,19,7,0.0,2,1,1,150555.44,0
2605,15602604,Taylor,624,France,Male,22,7,79681.07,2,1,1,100906.49,0
2606,15602605,Harris,720,Spain,Male,34,7,219140.33,1,1,1,107696.2,0
2607,15602606,Walker,751,France,Male,42,7,31429.21,1,0,1,186856.42,0
2608,15602607,Wilson,654,France,Male,52,6,43560.0,1,0,1,46147.41,0
2609,15602608,Moore,529,Spain,Male,40,5,0.0,2,0,0,156759.36,0
2610,15602609,Brown,705,France,Male,37,6,112855.33,1,1,0,59491.3,0
2611,15602610,Thomas,677,Germany,Female,45,4,45044.72,1,1,1,11675.33,0
2612,15602611,Martin,712,France,Female,30,7,0.0,1,1,1,78984.45,0
2613,15602612,Clark,580,France,Female,40,1,0.0,1,1,0,104484.17,0
2614,15602613,Anderson,850,Spain,Female,27,4,188532.73,1,1,0,26382.8,0
2615,15602614,Thomas,481,France,Male,40,6,48503.98,2,1,0,149435.77,0
2616,15602615,Wilson,659,France,Male,38,8,0.0,2,1,0,148453.51,0
2617,15602616,Brown,719,France,Female,31,9,7556.28,2,1,1,146136.94,0
2618,15602617,Taylor,730,France,Female,41,0,0.0,2,1,1,64204.35,1
2619,15602618,Thomas,651,Germany,Female,41,10,0.0,2,1,0,99564.44,0
2620,15602619,Jackson,710,France,Male,51,8,0.0,2,0,0,34787.6,0
2621,15602620,Martin,738,Germany,Male,23,2,152213.84,2,0,1,87600.1,1
2622,15602621,Taylor,660,Germany,Male,38,0,0.0,1,0,0,191061.27,1
2623,15602622,White,672,France,Male,31,6,198832.37,1,0,0,60505.96,0
2624,15602623,Young,712,Germany,Female,48,2,68625.22,1,0,0,9796.52,1
2625,15602624,Wright,652,France,Female,47,7,55229.97,2,1,0,62484.6,0
2626,15602625,King,779,Germany,Female,44,10,0.0,2,0,1,167024.23,0
2627,15602626,Allen,747,France,Female,32,1,1509.67,2,1,1,181361.69,0
2628,15602627,King,620,Spain,Male,48,3,90758.72,1,1,0,1919.12,1
2629,15602628,Young,580,France,Male,24,1,25240.13,2,1,0,96066.23,1
2630,15602629,Allen,725,France,Male,22,10,0.0,2,0,0,189622.95,0
2631,15602630,Clark,658,Spain,Male,26,3,131037.55,1,1,0,25147.73,0
2632,15602631,Wilson,592,Spain,Female,39,0,28840.61,1,1,1,12535.11,1
2633,15602632,White,603,France,Female,46,9,0.0,2,1,1,151617.79,1
2634,15602633,Jackson,713,France,Male,18,4,136135.13,1,1,0,128009.88,0
2635,15602634,Jackson,605,Spain,Male,52,2,0.0,1,0,1,144240.03,0
2636,15602635,Hall,790,Spain,Female,40,8,76688.58,1,1,0,54373.5,1
2637,15602636,Jackson,553,Germany,Male,23,3,127556.46,2,1,1,80673.66,0
2638,15602637,King,601,Germany,Male,40,5,122794.76,1,1,0,114729.33,1
2639,15602638,Allen,560,Germany,Female,50,8,123240.86,1,1,1,152229.93,1
2640,15602639,White,532,Spain,Male,45,1,0.0,2,1,0,63744.46,1
2641,15602640,Hall,573,France,Female,50,6,19646.47,1,0,1,81100.65,0
2642,15602641,Moore,601,France,Male,25,2,0.0,1,1,1,107290.57,0
2643,15602642,Johnson,609,Germany,Male,35,0,27431.55,2,0,1,1267.21,0
2644,15602643,Anderson,440,Spain,Male,30,8,0.0,1,1,1,169393.71,0
2645,15602644,Walker,534,France,Female,56,8,198184.22,2,0,0,124801.44,1
2646,15602645,Walker,667,France,Female,45,10,0.0,1,1,1,16487.36,0
2647,15602646,White,582,Germany,Female,67,3,0.0,1,0,0,70692.84,1
2648,15602647,Wright,751,Spain,Female,34,8,102139.88,1,1,0,35829.08,1
2649,15602648,Martin,627,France,Male,32,6,148371.65,1,0,0,7958.41,1
2650,15602649,Jackson,707,France,Male,38,3,114082.08,1,1,0,62220.8,1
2651,15602650,Allen,614,France,Female,53,1,0.0,2,0,0,174607.51,1
2652,15602651,Thomas,739,France,Female,35,4,0.0,2,1,1,13483.3,0
2653,15602652,Lewis,424,France,Female,40,7,61934.08,1,0,1,175462.72,0
2654,15602653,Hall,660,France,Male,40,9,132226.62,2,1,0,43645.56,0
2655,15602654,Wilson,798,Germany,Female,39,9,73335.77,2,1,1,191064.62,0
2656,15602655,Taylor,509,France,Female,32,5,89792.24,1,1,0,43944.32,1
2657,15602656,Hall,723,Germany,Male,38,10,0.0,2,1,0,171199.87,0
2658,15602657,Martin,688,Germany,Female,37,4,0.0,2,1,0,183530.18,0
2659,15602658,Anderson,512,France,Male,39,3,0.0,2,1,1,184421.13,0
2660,15602659,Anderson,684,Spain,Male,48,10,207685.27,2,1,1,24759.93,0
2661,15602660,Taylor,683,France,Female,57,5,64931.86,2,1,1,134219.66,1
2662,15602661,Wilson,641,Germany,Male,31,10,0.0,2,1,0,164677.58,0
2663,15602662,Anderson,761,France,Male,35,2,83291.63,1,1,0,147189.98,0
2664,15602663,Hall,747,Spain,Male,31,1,2263.4,1,0,0,94702.19,0
2665,15602664,Moore,729,Spain,Female,41,0,45919.97,1,1,0,188271.74,1
2666,15602665,Wright,786,France,Female,34,8,145601.13,2,0,0,35972.75,1
2667,15602666,Harris,571,France,Male,41,0,0.0,2,0,1,175518.26,0
2668,15602667,Thomas,599,Spain,Male,50,10,0.0,2,0,1,48227.96,0
2669,15602668,Smith,586,Spain,Female,18,3,0.0,1,1,1,90113.78,0
2670,15602669,Clark,600,France,Female,44,5,0.0,2,1,1,92513.6,0
2671,15602670,White,602,Spain,Female,34,8,15128.71,2,1,1,57890.75,0
2672,15602671,Smith,637,France,Female,44,3,79622.6,1,1,1,56831.09,0
2673,15602672,Clark,613,Spain,Male,30,6,112603.34,2,1,1,74718.19,0
2674,15602673,Allen,545,France,Female,51,6,115063.5,1,1,1,2599.27,0
2675,15602674,Harris,727,Germany,Female,48,5,99266.11,1,0,0,48399.67,0
2676,15602675,Wright,565,France,Male,45,8,0.0,1,1,1,190245.85,0
2677,15602676,Thomas,803,France,Female,47,10,0.0,3,0,1,143827.63,0
2678,15602677,Brown,728,France,Male,32,9,16905.43,2,1,0,88940.65,0
2679,15602678,Johnson,536,France,Male,33,6,114775.14,2,1,0,206.87,1
2680,15602679,Johnson,648,Spain,Female,47,2,0.0,2,1,0,141621.57,0
2681,15602680,Thomas,513,France,Male,31,5,7570.19,2,1,0,98589.22,0
2682,15602681,Jackson,774,Germany,Male,53,6,41920.67,1,1,0,131261.9,0
2683,15602682,Johnson,650,France,Female,36,6,0.0,2,1,0,78871.95,1
2684,15602683,Allen,647,France,Female,44,5,41820.2,1,0,0,166.47,0
2685,15602684,Moore,671,France,Male,60,2,115955.88,1,0,1,116731.96,0
2686,15602685,Taylor,633,France,Male,32,5,142292.8,1,1,0,157669.51,0
2687,15602686,Harris,586,France,Male,40,1,0.0,1,0,1,43334.12,1
2688,15602687,Clark,641,France,Female,50,9,0.0,1,1,1,132543.06,0
2689,15602688,Jackson,772,France,Male,49,0,0.0,1,1,0,70309.49,0
2690,15602689,Lewis,596,France,Female,36,7,189717.51,1,1,0,166633.14,0
2691,15602690,Taylor,785,Spain,Male,34,2,172289.69,2,1,1,87578.79,0
2692,15602691,Moore,604,Spain,Male,37,7,0.0,1,1,1,12548.03,0
2693,15602692,Anderson,667,France,Male,53,2,68365.32,2,0,1,105850.1,0
2694,15602693,Young,840,France,Male,36,1,119055.6,1,1,1,121532.2,0
2695,15602694,Moore,705,Germany,Male,40,7,0.0,2,1,1,63937.93,0
2696,15602695,Clark,684,Spain,Male,35,2,0.0,1,1,1,15531.95,0
2697,15602696,Anderson,713,Spain,Female,46,7,103202.12,2,1,1,150630.19,0
2698,15602697,Jackson,747,France,Male,41,1,121539.3,2,0,0,108181.46,0
2699,15602698,White,569,Germany,Male,29,3,0.0,3,1,1,41955.13,0
2700,15602699,Anderson,698,Germany,Female,29,8,54943.01,1,1,0,37486.7,0
2701,15602700,Moore,675,Spain,Male,19,0,0.0,2,1,1,109195.47,0
2702,15602701,Johnson,440,Germany,Female,31,1,50303.84,1,0,0,61934.03,0
2703,15602702,Clark,674,France,Male,47,1,135461.66,1,1,1,138248.02,0
2704,15602703,Thomas,554,France,Male,52,8,0.0,2,0,0,69760.67,0
2705,15602704,Jackson,661,Germany,Female,46,9,136111.17,1,1,1,94099.3,0
2706,15602705,Hall,745,Germany,Male,45,4,0.0,2,1,0,11954.44,0
2707,15602706,Allen,559,France,Female,38,10,0.0,2,1,0,92197.33,0
2708,15602707,Wilson,638,France,Male,47,3,95831.08,1,0,1,2036.71,0
2709,15602708,Allen,609,France,Male,42,9,0.0,2,1,0,72142.45,0
2710,15602709,Young,761,France,Female,57,9,138808.53,1,1,1,62054.34,0
2711,15602710,Clark,597,Germany,Female,38,3,139297.77,2,1,1,151247.27,0
2712,15602711,White,671,Spain,Female,52,6,0.0,1,0,0,153756.66,0
2713,15602712,Harris,711,France,Male,48,2,0.0,2,1,1,83756.33,0
2714,15602713,Harris,724,France,Male,46,8,54443.99,1,0,0,195174.44,0
2715,15602714,Young,556,France,Female,19,4,131517.24,2,1,0,50024.07,1
2716,15602715,Walker,625,France,Female,48,10,0.0,2,0,1,33160.97,1
2717,15602716,Young,805,Spain,Female,38,8,22599.07,2,1,0,162864.35,1
2718,15602717,White,648,Germany,Male,35,0,0.0,1,1,0,102026.8,1
2719,15602718,Smith,750,Germany,Male,24,9,0.0,2,0,0,39072.5,0
2720,15602719,Walker,850,France,Female,39,7,0.0,2,1,1,66593.76,0
2721,15602720,Walker,643,Germany,Male,39,1,0.0,2,1,1,18940.12,0
2722,15602721,Hall,731,Germany,Female,26,7,0.0,2,1,0,139246.35,0
2723,15602722,Clark,743,Germany,Male,24,3,52877.08,1,0,0,99363.25,0
2724,15602723,Johnson,518,France,Male,44,1,48602.55,1,1,1,112856.45,0
2725,15602724,Moore,689,France,Male,48,1,913.13,1,1,1,14878.39,1
2726,15602725,Lewis,796,France,Male,41,5,82696.53,1,1,1,139865.92,0
2727,15602726,Taylor,497,France,Male,51,2,0.0,2,1,1,58772.68,0
2728,15602727,Thomas,639,France,Male,38,10,124318.57,1,0,0,32011.76,0
2729,15602728,Brown,661,France,Male,38,9,0.0,2,0,0,84941.69,0
2730,15602729,Young,640,France,Female,30,2,157954.63,3,0,0,170913.5,0
2731,15602730,Brown,631,Spain,Female,23,8,0.0,2,1,1,74312.75,0
2732,15602731,Johnson,542,France,Female,58,4,0.0,2,0,1,21815.48,0
2733,15602732,Lewis,687,France,Male,50,6,82860.23,1,1,0,188435.4,1
2734,15602733,Smith,578,Germany,Female,25,4,0.0,3,1,1,127844.83,0
2735,15602734,Hall,580,Germany,Female,41,1,0.0,1,0,0,60324.24,1
2736,15602735,Smith,467,Germany,Male,38,10,0.0,2,1,1,116592.49,0
2737,15602736,Taylor,512,Germany,Female,36,10,102585.67,1,0,1,18073.91,0
2738,15602737,Lewis,793,Spain,Male,35,7,0.0,1,1,0,112858.14,0
2739,15602738,Walker,658,Germany,Male,43,8,112790.85,2,1,1,163866.79,1
2740,15602739,Wright,722,France,Male,47,10,0.0,1,0,0,27683.78,0
2741,15602740,Smith,564,France,Male,43,1,148287.77,1,1,0,166924.76,0
2742,15602741,Anderson,461,France,Male,38,1,220031.08,1,1,0,110584.1,0
2743,15602742,Anderson,586,France,Male,37,3,91443.63,2,1,0,38482.74,0
2744,15602743,White,464,France,Female,48,7,0.0,2,1,1,42266.91,1
2745,15602744,Wilson,582,Spain,Male,44,4,80766.65,2,1,1,176626.32,0
2746,15602745,Hall,762,Germany,Female,40,4,0.0,2,1,1,95156.48,1
2747,15602746,Harris,640,Spain,Female,39,6,146271.49,1,1,0,56577.14,0
2748,15602747,Jackson,791,France,Male,42,3,95040.9,1,1,1,50502.96,0
2749,15602748,Wilson,705,Germany,Female,34,8,43321.65,2,1,0,80031.99,1
2750,15602749,White,753,Spain,Female,47,3,0.0,1,1,1,155544.17,0
2751,15602750,Brown,626,France,Female,28,7,0.0,1,1,0,5357.8,0
2752,15602751,Hall,515,Spain,Female,35,2,63946.2,1,1,0,21547.65,0
2753,15602752,Jackson,551,France,Female,45,5,76114.06,1,0,0,88941.83,0
2754,15602753,Brown,769,France,Female,28,0,188053.93,1,1,1,181546.84,0
2755,15602754,Clark,667,Germany,Male,23,6,6135.67,1,0,1,176720.51,0
2756,15602755,Allen,517,France,Male,40,10,0.0,1,1,0,156248.27,0
2757,15602756,Moore,713,France,Female,22,6,32373.18,2,1,1,195767.29,0
2758,15602757,Taylor,499,Germany,Male,26,1,0.0,1,1,1,21522.85,0
2759,15602758,Allen,695,Spain,Female,47,4,19163.73,2,1,0,176688.18,0
2760,15602759,Young,625,France,Female,37,3,0.0,4,1,1,4012.85,0
2761,15602760,Harris,717,France,Female,52,9,123599.47,1,1,0,83018.68,1
2762,15602761,Smith,624,France,Male,27,8,76088.62,1,1,0,45113.59,0
2763,15602762,Brown,720,Spain,Female,38,1,0.0,1,1,1,72579.65,0
2764,15602763,Taylor,501,France,Male,43,2,0.0,1,1,1,194792.88,0
2765,15602764,Martin,682,France,Male,27,0,0.0,2,1,0,65813.26,0
2766,15602765,Walker,607,Germany,Male,49,9,0.0,2,0,1,125913.41,0
2767,15602766,Wilson,686,Spain,Male,44,4,0.0,2,1,0,137674.63,1
2768,15602767,Jackson,620,France,Male,23,2,98674.48,1,1,0,109915.39,1
2769,15602768,Lewis,563,Spain,Female,39,3,63898.29,2,0,0,18207.88,0
2770,15602769,Anderson,640,Spain,Female,43,3,0.0,2,0,0,171204.24,0
2771,15602770,Martin,770,France,Male,33,5,0.0,2,1,1,157463.05,1
2772,15602771,Moore,591,France,Male,24,9,30722.67,1,1,0,149904.99,1
2773,15602772,Moore,669,Germany,Female,42,6,0.0,2,1,1,182093.61,0
2774,15602773,Walker,585,France,Female,61,6,89320.76,2,1,0,69481.68,1
2775,15602774,Clark,459,Spain,Male,35,10,0.0,2,1,1,115217.96,0
2776,15602775,Smith,657,France,Female,55,7,78335.7,1,0,0,156657.26,0
2777,15602776,Taylor,850,France,Female,31,2,125769.83,1,0,0,88893.95,0
2778,15602777,Walker,520,France,Male,41,4,144448.82,2,1,0,192607.37,1
2779,15602778,Hall,743,France,Male,47,9,0.0,1,1,1,169738.14,0
2780,15602779,Anderson,420,France,Male,39,5,0.0,1,1,1,106129.59,0
2781,15602780,Anderson,645,France,Male,36,5,41552.04,2,1,0,29474.29,0
2782,15602781,Smith,515,Germany,Male,46,7,0.0,1,0,0,100741.08,1
2783,15602782,Young,692,Germany,Female,58,4,0.0,1,1,0,41398.17,1
2784,15602783,Jackson,596,Germany,Female,42,4,36110.19,2,1,1,81321.92,1
2785,15602784,Hall,593,Germany,Male,34,0,140224.91,2,0,1,53115.05,0
2786,15602785,Clark,540,France,Male,37,0,112626.42,2,0,1,162588.96,0
2787,15602786,Jackson,442,Germany,Female,64,5,139366.32,1,0,0,51888.33,1
2788,15602787,Walker,621,France,Male,40,9,99587.39,2,1,1,118297.4,0
2789,15602788,Walker,581,Germany,Male,33,9,0.0,2,1,0,10444.29,0
2790,15602789,Brown,610,Germany,Female,28,4,0.0,1,0,1,150789.26,0
2791,15602790,White,617,Spain,Female,21,10,118323.3,2,1,0,89783.62,0
2792,15602791,Johnson,568,Germany,Female,43,9,109121.64,1,1,1,83196.79,0
2793,15602792,Young,662,Spain,Male,46,5,0.0,1,1,1,87054.96,0
2794,15602793,Jackson,629,France,Male,35,8,59849.34,2,1,0,142559.59,0
2795,15602794,Taylor,730,France,Female,39,7,111481.27,1,0,0,86238.7,0
2796,15602795,Walker,850,Spain,Male,27,6,69364.69,1,1,0,147493.66,1
2797,15602796,Moore,672,France,Male,40,6,30322.39,1,0,0,56597.46,0
2798,15602797,King,757,Spain,Male,44,5,0.0,2,0,1,192111.41,0
2799,15602798,King,662,Germany,Male,34,5,0.0,2,1,1,102100.03,0
2800,15602799,Jackson,695,France,Female,56,0,99827.5,1,1,0,116721.04,1
2801,15602800,King,618,Germany,Male,31,6,30126.39,1,1,1,139006.44,1
2802,15602801,Taylor,640,Germany,Female,42,4,44903.11,1,1,1,116935.79,0
2803,15602802,Clark,573,Germany,Male,47,6,28270.81,2,1,0,112824.45,1
2804,15602803,Smith,788,Germany,Female,38,5,0.0,1,1,0,494.73,1
2805,15602804,Hall,744,Spain,Male,37,7,142161.33,2,0,0,91920.41,0
2806,15602805,Thomas,675,Germany,Male,25,2,201741.02,2,1,0,173358.25,1
2807,15602806,Taylor,551,Germany,Female,53,7,0.0,2,1,1,184766.48,1
2808,15602807,Allen,633,France,Female,37,6,100012.85,1,1,1,57656.28,0
2809,15602808,Walker,744,France,Male,44,0,0.0,2,1,1,141659.75,0
2810,15602809,Lewis,850,Spain,Male,46,2,126156.22,1,1,1,171701.88,0
2811,15602810,Allen,657,France,Female,33,9,163570.77,1,1,0,88069.72,0
2812,15602811,Brown,769,Spain,Male,37,3,0.0,1,1,0,119576.62,1
2813,15602812,White,667,Spain,Female,52,8,18934.95,1,0,0,127985.98,0
2814,15602813,Hall,774,France,Female,28,5,32385.37,2,0,1,189801.34,0
2815,15602814,Jackson,447,Spain,Female,60,6,48996.88,1,1,1,96410.85,0
2816,15602815,Thomas,566,Germany,Female,32,4,119009.87,2,1,1,155658.99,0
2817,15602816,Harris,680,France,Male,27,2,62309.53,2,1,0,37394.38,0
2818,15602817,Thomas,532,France,Male,40,4,118864.52,1,1,1,117154.33,0
2819,15602818,Clark,691,France,Female,61,6,76772.82,1,1,0,91151.3,1
2820,15602819,Smith,654,France,Male,20,8,71884.01,2,0,1,45952.54,0
2821,15602820,White,494,Germany,Female,38,8,0.0,1,1,1,2731.54,1
2822,15602821,Harris,476,France,Male,44,7,73676.34,2,1,0,118230.15,1
2823,15602822,Hall,682,Spain,Female,39,4,0.0,2,1,1,161836.24,0
2824,15602823,Brown,539,France,Male,43,6,17024.36,2,1,1,161432.85,0
2825,15602824,Clark,606,France,Male,32,3,178269.54,2,1,1,77913.32,0
2826,15602825,Hall,711,Germany,Female,33,9,105536.82,1,0,0,36174.5,0
2827,15602826,Martin,642,Spain,Male,38,4,187740.11,1,1,1,188665.31,0
2828,15602827,Walker,609,France,Female,28,3,0.0,1,1,0,76349.21,0
2829,15602828,Hall,503,France,Female,39,2,75728.92,3,1,0,69563.31,0
2830,15602829,Young,795,France,Female,35,10,0.0,2,1,0,122971.28,0
2831,15602830,Johnson,728,France,Female,34,0,0.0,1,1,0,88021.74,0
2832,15602831,Harris,588,Spain,Female,42,4,0.0,2,1,0,68777.46,0
2833,15602832,Taylor,562,France,Female,21,1,14650.61,2,1,1,64998.01,0
2834,15602833,Jackson,595,France,Female,37,5,0.0,2,1,0,78455.84,0
2835,15602834,Martin,555,France,Female,62,4,46376.83,1,1,1,137068.67,0
2836,15602835,Lewis,621,Germany,Male,28,10,56451.42,1,1,1,2313.35,0
2837,15602836,Johnson,758,Germany,Male,52,1,0.0,2,1,1,40590.32,0
2838,15602837,Brown,748,France,Female,40,7,86091.89,1,1,0,51135.45,0
2839,15602838,Martin,748,Germany,Female,33,4,57320.14,2,1,1,199911.21,0
2840,15602839,Brown,524,France,Female,26,1,51890.27,2,1,1,176814.22,0
2841,15602840,Harris,550,France,Male,40,0,0.0,1,0,0,84244.78,1
2842,15602841,Anderson,743,Germany,Male,54,1,0.0,1,1,1,140247.33,1
2843,15602842,Johnson,694,Germany,Male,35,0,0.0,1,1,1,47153.5,0
2844,15602843,Wright,608,Germany,Female,38,9,0.0,1,1,1,187816.92,1
2845,15602844,Smith,719,Spain,Female,49,9,37115.95,1,0,0,185607.33,1
2846,15602845,Wilson,699,France,Female,42,2,0.0,4,0,0,32400.09,0
2847,15602846,Harris,501,Germany,Male,23,2,0.0,2,1,1,185678.69,0
2848,15602847,Taylor,431,France,Male,40,9,0.0,1,1,0,82094.25,1
2849,15602848,Taylor,649,Spain,Female,54,0,0.0,1,0,0,98464.98,0
2850,15602849,Anderson,441,France,Male,39,6,0.0,1,0,1,138495.89,0
2851,15602850,Allen,756,Spain,Female,18,9,57682.22,2,0,1,95732.97,0
2852,15602851,Hall,700,France,Female,43,6,117979.61,2,0,1,114588.69,0
2853,15602852,White,614,France,Male,37,8,74028.28,1,0,1,89518.63,0
2854,15602853,Clark,530,Germany,Male,21,4,85723.46,1,0,0,13451.21,0
2855,15602854,Brown,559,France,Female,22,3,0.0,1,1,1,110099.52,0
2856,15602855,Clark,356,Spain,Female,49,4,81631.04,1,1,1,9859.05,1
2857,15602856,Wright,785,France,Male,32,7,0.0,2,1,0,20105.46,0
2858,15602857,Allen,669,France,Male,30,7,111637.68,1,1,1,137446.99,0
2859,15602858,Thomas,633,France,Male,39,3,0.0,2,1,1,93911.89,0
2860,15602859,Taylor,828,France,Female,33,7,86268.23,2,1,1,107973.95,0
2861,15602860,Martin,558,Germany,Female,40,3,0.0,1,1,0,33667.99,1
2862,15602861,Thomas,630,France,Male,37,3,79026.38,2,1,1,137040.67,0
2863,15602862,Harris,583,Germany,Male,27,10,0.0,2,1,0,14394.08,0
2864,15602863,Hall,850,Spain,Female,34,7,12669.94,2,1,0,50672.39,0
2865,15602864,Thomas,622,France,Male,43,1,69866.65,1,1,1,180598.11,1
2866,15602865,White,668,Spain,Male,39,3,26836.01,2,1,0,5144.89,0
2867,15602866,Lewis,807,Spain,Female,38,0,176533.36,2,1,0,149179.98,0
2868,15602867,Harris,755,Germany,Female,58,0,10055.92,2,0,1,31724.38,1
2869,15602868,King,492,France,Male,46,10,0.0,1,0,1,166643.55,0
2870,15602869,Young,619,France,Male,48,7,75646.53,1,0,1,121562.55,0
2871,15602870,Martin,643,Germany,Male,37,3,0.0,1,1,0,6766.04,0
2872,15602871,Anderson,666,Germany,Male,41,5,0.0,1,0,0,1710.64,0
2873,15602872,White,681,Germany,Female,35,4,146540.34,1,1,0,115084.87,0
2874,15602873,White,562,France,Female,47,9,60273.49,1,1,1,158766.42,1
2875,15602874,Thomas,798,Germany,Male,38,5,68420.17,2,1,1,142819.96,1
2876,15602875,Jackson,693,France,Female,41,3,0.0,1,0,1,59111.18,0
2877,15602876,Thomas,713,France,Male,41,3,0.0,1,1,1,144795.99,0
2878,15602877,Lewis,783,France,Male,39,6,0.0,2,1,0,55592.16,0
2879,15602878,King,677,Spain,Male,68,0,120622.03,1,1,0,99016.99,0
2880,15602879,Jackson,630,France,Female,32,8,74921.44,1,1,0,44245.1,0
2881,15602880,Harris,615,France,Male,32,9,47015.14,1,1,1,23135.91,0
2882,15602881,Allen,628,Germany,Male,46,2,0.0,2,1,0,192046.75,1
2883,15602882,Hall,634,France,Male,33,3,0.0,1,1,0,129654.35,0
2884,15602883,Walker,465,France,Male,36,8,73874.93,1,1,0,44836.99,0
2885,15602884,Allen,590,France,Female,28,4,95586.21,1,0,0,24636.36,0
2886,15602885,Johnson,544,Germany,Female,44,3,104976.43,1,1,0,51496.36,1
2887,15602886,Johnson,453,Spain,Female,44,5,0.0,2,0,0,74272.21,1
2888,15602887,Wilson,665,France,Female,36,0,0.0,1,1,1,173094.5,0
2889,15602888,Wilson,693,Germany,Male,46,9,71502.26,1,0,1,136481.54,0
2890,15602889,Harris,566,Germany,Male,20,0,0.0,2,1,1,72031.08,1
2891,15602890,Brown,623,France,Male,32,4,117957.85,1,1,1,65217.84,0
2892,15602891,Jackson,705,Spain,Male,37,4,0.0,2,1,0,47550.45,0
2893,15602892,Hall,621,Germany,Female,27,10,0.0,1,1,0,22540.22,1
2894,15602893,Martin,637,Spain,Male,22,8,79747.91,2,1,1,172258.12,0
2895,15602894,Allen,626,France,Female,36,0,0.0,2,1,1,94341.99,0
2896,15602895,Martin,708,Germany,Female,46,2,95934.82,1,0,1,189240.01,0
2897,15602896,Anderson,648,Spain,Male,52,2,0.0,2,1,0,155968.28,0
2898,15602897,Thomas,618,France,Male,34,3,0.0,2,1,0,138642.68,1
2899,15602898,Lewis,604,France,Male,46,6,196826.78,1,1,0,69236.96,0
2900,15602899,Smith,569,France,Female,45,6,73323.66,2,1,1,94176.09,0
2901,15602900,Smith,708,France,Male,51,9,104578.08,2,1,1,47473.99,0
2902,15602901,King,705,Germany,Female,35,4,0.0,1,1,1,159910.92,0
2903,15602902,Thomas,649,France,Female,21,8,0.0,1,0,1,93262.69,0
2904,15602903,Harris,741,France,Male,40,6,43642.84,1,0,1,157829.06,0
2905,15602904,Martin,651,Spain,Male,29,1,81716.49,2,1,1,16436.53,0
2906,15602905,Allen,681,France,Male,32,2,76228.22,1,0,1,62937.73,0
2907,15602906,Wright,595,Germany,Male,36,10,93610.82,1,1,0,17577.07,0
2908,15602907,Johnson,766,France,Male,36,6,170922.78,2,1,1,118010.42,0
2909,15602908,Clark,666,France,Male,40,4,57105.7,2,1,0,144745.09,0
2910,15602909,Anderson,688,France,Male,46,6,19087.81,2,1,0,156958.91,1
2911,15602910,Lewis,656,France,Male,35,8,78765.68,1,0,0,74085.72,0
2912,15602911,King,658,France,Male,43,8,0.0,3,1,1,27373.15,0
2913,15602912,Wilson,675,Spain,Male,39,2,0.0,2,1,1,193689.51,0
2914,15602913,Harris,451,Germany,Female,48,7,0.0,1,1,1,38000.04,0
2915,15602914,Clark,691,France,Male,37,5,0.0,1,1,1,64592.14,0
2916,15602915,Young,581,Spain,Male,38,3,0.0,2,1,1,60953.66,1
2917,15602916,Johnson,628,Spain,Female,35,3,0.0,2,0,0,153998.37,0
2918,15602917,Martin,586,Germany,Male,37,3,0.0,1,0,1,167300.72,0
2919,15602918,King,731,France,Female,31,6,0.0,2,1,0,57094.73,0
2920,15602919,Hall,573,France,Male,30,5,8849.86,1,1,0,56669.48,0
2921,15602920,Jackson,621,France,Male,47,1,0.0,2,1,0,137957.64,1
2922,15602921,Wilson,587,Spain,Female,28,4,58496.06,1,0,0,171791.59,0
2923,15602922,Martin,578,Germany,Female,36,4,0.0,2,0,1,30275.53,0
2924,15602923,Lewis,579,France,Male,49,5,68526.27,1,1,1,196759.85,0
2925,15602924,Wilson,529,France,Female,35,6,0.0,1,0,0,136640.22,0
2926,15602925,Smith,595,Germany,Female,47,10,49395.75,2,1,0,60329.28,1
2927,15602926,Smith,669,Germany,Female,33,7,58129.17,1,1,1,153101.43,1
2928,15602927,Johnson,562,Germany,Male,28,9,109377.53,1,1,0,9409.4,1
2929,15602928,Anderson,662,Germany,Male,23,7,0.0,1,1,0,182002.71,0
2930,15602929,Wilson,701,France,Male,52,10,0.0,2,0,0,95404.63,0
2931,15602930,Wilson,637,Spain,Male,28,4,85507.53,2,0,1,42519.6,0
2932,15602931,Thomas,535,Spain,Male,46,1,0.0,1,1,0,135225.51,0
2933,15602932,Hall,479,France,Male,29,9,158998.71,1,1,0,18625.04,0
2934,15602933,Clark,729,Spain,Female,52,7,118719.53,2,1,1,94970.73,0
2935,15602934,Walker,800,Spain,Male,61,5,0.0,1,0,1,187780.24,0
2936,15602935,Johnson,787,France,Male,22,2,52349.07,1,0,1,127713.93,0
2937,15602936,Wright,679,Germany,Male,28,3,32791.71,1,1,1,18906.25,0
2938,15602937,Clark,680,Spain,Female,47,0,68737.55,1,1,0,175264.08,1
2939,15602938,King,629,Germany,Female,44,2,0.0,2,0,1,165887.25,0
2940,15602939,Lewis,627,France,Female,47,3,10516.27,3,1,1,147927.61,0
2941,15602940,Thomas,579,France,Female,33,1,65599.47,1,0,1,32687.9,1
2942,15602941,Wright,568,Spain,Male,59,5,0.0,1,1,0,123553.27,0
2943,15602942,Wright,468,France,Female,40,7,0.0,1,0,0,157110.31,0
2944,15602943,Martin,718,Spain,Male,27,5,17840.1,2,1,0,142705.36,1
2945,15602944,Wright,703,Germany,Female,36,9,0.0,2,0,0,66727.08,1
2946,15602945,Walker,613,France,Female,27,2,0.0,1,0,0,189990.53,0
2947,15602946,Hall,772,Spain,Male,55,8,0.0,1,1,1,39875.03,0
2948,15602947,Moore,850,Spain,Female,32,3,0.0,2,1,0,87621.89,0
2949,15602948,Anderson,506,France,Male,44,5,0.0,1,1,1,82015.4,0
2950,15602949,Moore,705,Germany,Female,34,3,0.0,2,1,0,179281.47,1
2951,15602950,Clark,648,Germany,Female,33,3,108564.02,2,0,0,41742.88,0
2952,15602951,Wilson,806,Spain,Male,20,10,0.0,1,1,1,154220.36,0
2953,15602952,Walker,600,Spain,Male,45,1,0.0,3,0,1,106443.73,0
2954,15602953,Taylor,753,France,Female,52,9,0.0,2,1,1,121585.42,0
2955,15602954,Johnson,717,Germany,Female,30,1,0.0,2,1,0,3736.85,0
2956,15602955,King,762,Spain,Male,24,1,1277.57,2,1,0,135059.81,1
2957,15602956,Moore,580,Spain,Male,47,1,138020.72,1,1,1,44977.32,0
2958,15602957,Anderson,613,Germany,Male,23,7,59308.48,1,1,0,90764.08,0
2959,15602958,Wright,701,France,Female,51,9,0.0,4,1,1,95151.7,0
2960,15602959,Lewis,760,Germany,Male,30,3,0.0,2,1,0,192403.86,1
2961,15602960,Young,672,France,Female,28,3,57829.09,2,1,1,93100.4,0
2962,15602961,Thomas,466,France,Female,41,9,0.0,1,1,0,83515.04,1
2963,15602962,Allen,765,France,Male,29,9,0.0,1,1,1,152069.36,0
2964,15602963,Lewis,776,Germany,Female,32,10,82780.79,1,1,0,84066.56,1
2965,15602964,Johnson,597,Germany,Female,43,2,0.0,1,1,1,175115.35,0
2966,15602965,Martin,733,Spain,Female,18,4,0.0,2,0,0,105857.31,0
2967,15602966,Wilson,698,Spain,Female,55,3,0.0,1,0,1,174311.6,1
2968,15602967,Young,564,Spain,Male,39,6,0.0,1,0,1,133193.66,0
2969,15602968,Martin,736,Germany,Male,26,9,0.0,2,0,0,130209.78,1
2970,15602969,Harris,646,France,Female,29,6,160801.07,2,0,0,113067.36,1
2971,15602970,Taylor,518,France,Male,49,5,0.0,1,1,0,99258.32,1
2972,15602971,Clark,737,France,Male,45,6,0.0,2,1,0,72715.26,0
2973,15602972,Anderson,850,Germany,Male,53,6,85411.82,2,0,1,160187.52,1
2974,15602973,Wright,427,Spain,Female,32,7,0.0,1,1,1,127965.83,0
2975,15602974,Wilson,680,France,Male,42,10,58772.81,1,1,0,19121.79,1
2976,15602975,Harris,676,France,Male,43,0,119314.92,2,1,1,135403.51,0
2977,15602976,Wilson,538,Germany,Female,46,2,71774.27,2,1,1,9710.08,0
2978,15602977,Harris,750,France,Female,50,2,40773.61,1,1,1,195199.06,0
2979,15602978,Smith,544,Spain,Female,32,4,85280.47,1,0,1,64213.28,0
2980,15602979,Walker,658,Germany,Male,38,9,0.0,1,1,0,23567.24,0
2981,15602980,King,577,France,Female,33,6,0.0,2,0,1,46371.89,0
2982,15602981,Allen,550,France,Male,38,9,0.0,1,0,1,190080.84,0
2983,15602982,Allen,686,Spain,Female,46,5,111836.61,2,0,0,98772.91,0
2984,15602983,Clark,581,Germany,Male,22,3,5556.96,1,0,0,195415.16,0
2985,15602984,King,774,Spain,Female,50,5,194754.55,1,1,1,65180.6,0
2986,15602985,Moore,652,Germany,Male,28,6,12566.4,1,1,0,8646.02,0
2987,15602986,Smith,733,France,Male,36,3,129115.46,1,1,0,183781.11,0
2988,15602987,Clark,727,Spain,Female,51,10,66732.03,2,1,1,183589.72,1
2989,15602988,Young,765,Spain,Male,42,7,108286.81,2,0,1,70613.11,0
2990,15602989,Johnson,622,Germany,Female,42,4,121412.71,2,1,0,132060.34,0
2991,15602990,Johnson,638,France,Male,27,2,63611.9,1,1,1,51448.78,0
2992,15602991,Brown,564,Germany,Male,29,1,0.0,1,0,0,125007.78,0
2993,15602992,King,664,Spain,Female,48,0,64323.66,2,1,0,12862.03,1
2994,15602993,Taylor,572,France,Female,33,3,0.0,1,1,0,69255.83,0
2995,15602994,Clark,760,France,Female,34,1,127710.35,1,1,0,77518.44,0
2996,15602995,Harris,561,Germany,Male,49,2,78582.86,2,0,0,62278.91,1
2997,15602996,Anderson,608,France,Male,29,0,54919.94,1,1,1,98114.75,0
2998,15602997,Clark,703,France,Male,42,5,0.0,1,1,0,131619.01,1
2999,15602998,Johnson,699,France,Female,39,3,48556.03,1,0,0,100002.99,0
3000,15602999,Walker,539,Germany,Female,39,4,0.0,1,0,0,89412.88,1
3001,15603000,Jackson,592,Spain,Male,34,7,0.0,2,1,0,132457.09,0
3002,15603001,Smith,620,Germany,Female,33,10,0.0,1,0,0,169175.39,1
3003,15603002,Clark,634,France,Male,28,3,25683.05,1,1,1,88851.33,0
3004,15603003,Moore,669,Spain,Female,44,5,79181.28,2,0,1,94603.9,0
3005,15603004,Brown,723,Spain,Female,32,2,0.0,1,1,1,173831.08,0
3006,15603005,Wright,636,Germany,Male,49,7,0.0,2,0,1,1643.65,1
3007,15603006,Wright,659,Germany,Male,37,2,0.0,2,1,1,82467.35,0
3008,15603007,Taylor,574,France,Male,28,6,79093.61,2,1,1,4456.84,1
3009,15603008,Anderson,796,Spain,Female,37,6,102444.01,1,1,1,75315.36,0
3010,15603009,Thomas,690,France,Female,35,2,182437.25,1,1,0,51841.85,0
3011,15603010,Brown,622,Spain,Male,49,2,45902.46,1,0,0,111389.93,1
3012,15603011,Harris,769,France,Male,35,9,78114.93,1,0,1,93079.9,0
3013,15603012,Smith,686,France,Male,36,9,151271.63,1,1,1,20531.13,1
3014,15603013,Johnson,671,France,Female,53,10,22713.29,1,0,1,106506.77,0
3015,15603014,Smith,650,Spain,Male,44,7,110488.57,1,1,1,138733.5,0
3016,15603015,Thomas,749,France,Male,56,10,108437.68,2,1,1,11214.92,1
3017,15603016,Thomas,806,Spain,Male,52,2,114318.35,1,0,1,6524.82,0
3018,15603017,Brown,747,France,Male,30,1,0.0,1,1,1,176919.51,0
3019,15603018,Allen,653,France,Female,49,4,18995.74,1,1,1,113368.45,0
3020,15603019,Lewis,780,Germany,Male,54,10,60167.93,2,0,0,21750.52,0
3021,15603020,Johnson,625,France,Male,54,6,75215.48,1,0,1,143653.39,0
3022,15603021,Jackson,564,France,Male,49,7,0.0,1,1,1,171329.69,1
3023,15603022,Young,729,Spain,Male,49,0,0.0,2,0,0,193408.55,0
3024,15603023,Wilson,790,France,Male,36,1,0.0,2,0,1,165997.15,0
3025,15603024,Wilson,650,France,Male,31,6,0.0,1,1,1,150028.79,0
3026,15603025,Wilson,810,France,Female,35,8,131732.17,2,0,0,175673.08,0
3027,15603026,White,509,Germany,Female,22,2,0.0,1,0,0,97507.93,0
3028,15603027,King,641,Spain,Female,52,7,30813.24,2,1,1,97270.37,0
3029,15603028,Lewis,567,Spain,Female,36,9,0.0,1,1,0,135192.87,0
3030,15603029,Wright,565,Spain,Female,52,2,82004.86,1,1,0,175083.82,0
3031,15603030,Moore,647,France,Female,27,3,159960.59,1,0,0,41756.03,0
3032,15603031,Walker,817,France,Female,50,1,115300.09,1,1,1,86276.2,0
3033,15603032,Allen,778,Germany,Female,34,8,93140.98,1,1,1,150980.44,1
3034,15603033,Johnson,785,France,Female,26,4,34394.04,1,1,1,56539.22,0
3035,15603034,Taylor,693,France,Female,55,4,45044.06,2,1,1,11131.97,0
3036,15603035,Allen,622,France,Male,50,3,16412.32,2,0,1,82391.35,1
3037,15603036,Clark,683,France,Male,41,4,46335.78,1,0,1,194512.2,0
3038,15603037,Young,513,Germany,Female,39,0,182982.28,1,0,1,129219.44,0
3039,15603038,Harris,800,France,Male,43,9,69061.76,1,1,1,155552.29,0
3040,15603039,Thomas,477,Spain,Male,41,9,87291.13,1,1,0,20249.89,1
3041,15603040,Jackson,638,France,Female,31,5,0.0,2,1,1,105791.14,0
3042,15603041,Jackson,650,Germany,Male,35,10,17950.96,1,1,1,175346.57,0
3043,15603042,Johnson,732,France,Male,59,3,85142.07,2,1,0,175970.76,1
3044,15603043,Young,693,France,Male,66,3,0.0,2,1,1,195909.0,0
3045,15603044,Harris,699,Spain,Female,55,4,147957.63,1,1,0,164944.03,1
3046,15603045,Young,422,Spain,Male,44,0,45647.59,1,1,1,174806.88,1
3047,15603046,Walker,634,France,Female,36,3,0.0,1,0,1,41065.07,0
3048,15603047,Moore,589,France,Male,31,9,27947.0,1,1,1,5226.33,0
3049,15603048,Wilson,664,France,Male,32,2,89665.63,1,1,1,131109.75,0
3050,15603049,Anderson,637,France,Male,33,4,0.0,2,1,0,137970.21,1
3051,15603050,Lewis,671,France,Male,61,9,140072.76,1,0,1,183478.41,1
3052,15603051,King,534,France,Female,57,4,0.0,1,1,1,111438.61,1
3053,15603052,Young,660,France,Male,46,7,0.0,1,0,1,84822.86,0
3054,15603053,White,820,France,Male,29,0,96589.01,2,0,0,186874.43,0
3055,15603054,Allen,850,Spain,Female,48,2,0.0,1,0,1,39799.54,0
3056,15603055,Thomas,781,Germany,Male,37,4,0.0,1,0,1,93739.96,0
3057,15603056,Brown,473,Spain,Female,18,10,135493.7,1,1,1,8708.27,0
3058,15603057,Johnson,622,France,Female,42,2,0.0,2,1,1,158925.44,0
3059,15603058,Thomas,602,France,Male,31,5,60985.68,2,0,1,124743.56,0
3060,15603059,Walker,665,Germany,Female,31,9,0.0,2,1,0,58016.77,1
3061,15603060,Allen,779,France,Male,36,2,0.0,2,1,1,107831.63,0
3062,15603061,Taylor,646,France,Female,34,5,0.0,2,1,1,137438.55,1
3063,15603062,Anderson,561,Spain,Female,39,7,134890.85,1,1,1,158273.05,1
3064,15603063,Taylor,763,Spain,Male,38,3,77649.99,2,0,1,20647.78,0
3065,15603064,Taylor,686,Spain,Female,20,7,32135.32,1,1,1,38522.54,0
3066,15603065,Harris,725,France,Male,54,6,0.0,2,1,1,104556.26,0
3067,15603066,Young,748,France,Male,29,10,0.0,2,1,1,142060.26,0
3068,15603067,Moore,617,Germany,Male,29,10,2671.89,1,1,1,176001.28,1
3069,15603068,Allen,535,France,Male,36,3,36753.57,2,1,0,108933.5,1
3070,15603069,Moore,671,Spain,Male,38,2,0.0,2,1,0,60940.19,0
3071,15603070,Lewis,617,Spain,Female,54,4,70464.8,1,1,0,171563.15,0
3072,15603071,King,657,Spain,Male,42,4,0.0,2,0,1,192164.03,0
3073,15603072,Martin,787,France,Female,45,6,63154.0,1,1,1,49820.03,1
3074,15603073,Martin,669,France,Male,42,10,0.0,2,1,1,120437.61,0
3075,15603074,Wright,828,Spain,Male,41,0,0.0,1,0,0,64304.48,1
3076,15603075,Young,679,Germany,Male,42,8,80580.3,1,0,1,171912.11,0
3077,15603076,Thomas,622,Germany,Male,20,1,0.0,1,0,0,81733.14,0
3078,15603077,Young,528,France,Male,37,8,216451.53,2,1,0,182781.44,0
3079,15603078,Johnson,672,France,Male,51,8,167571.12,2,1,1,94987.15,0
3080,15603079,Young,561,Germany,Male,75,2,0.0,1,1,0,146414.37,1
3081,15603080,Clark,702,Spain,Female,27,6,84512.48,1,0,1,68942.53,0
3082,15603081,Wilson,639,Germany,Female,43,2,100506.27,2,0,0,105370.27,1
3083,15603082,Harris,636,France,Male,33,7,0.0,2,1,1,138085.53,0
3084,15603083,Johnson,658,Spain,Male,59,7,0.0,1,1,1,38072.63,0
3085,15603084,Wilson,673,Spain,Female,25,2,0.0,2,1,1,34863.61,0
3086,15603085,Young,647,Spain,Female,45,4,165513.83,2,0,0,17403.06,1
3087,15603086,Walker,850,France,Female,25,6,0.0,1,1,1,70458.91,0
3088,15603087,Anderson,575,France,Male,36,0,21651.89,2,1,1,117861.87,0
3089,15603088,Martin,749,Spain,Male,39,2,34799.88,2,0,0,21640.81,0
3090,15603089,Martin,772,France,Female,50,0,17870.88,1,0,1,29954.81,1
3091,15603090,King,543,France,Female,28,1,94867.43,2,0,0,157410.02,0
3092,15603091,Young,655,Germany,Female,46,6,122184.97,2,0,0,87395.15,1
3093,15603092,Brown,685,France,Female,39,6,12818.04,2,0,0,17839.88,0
3094,15603093,King,667,Germany,Female,42,2,0.0,1,1,1,63812.03,1
3095,15603094,Hall,663,France,Male,49,5,3138.62,2,0,1,92516.31,0
3096,15603095,Johnson,711,Spain,Male,26,5,47874.98,1,1,1,47310.21,0
3097,15603096,Wilson,447,Germany,Female,47,1,0.0,1,1,1,135507.03,0
3098,15603097,Clark,640,France,Female,33,8,0.0,1,1,1,161397.17,0
3099,15603098,Wright,609,France,Female,50,7,195593.24,2,1,0,154957.24,0
3100,15603099,Walker,580,France,Male,42,1,125128.13,2,0,1,113549.44,0
3101,15603100,Hall,735,France,Female,37,3,37202.13,1,1,1,91205.19,0
3102,15603101,Jackson,750,Spain,Female,33,8,84389.82,2,0,1,185330.6,0
3103,15603102,Thomas,760,Germany,Female,47,3,43453.07,2,0,1,22910.23,0
3104,15603103,Smith,733,France,Male,52,6,0.0,2,1,0,102183.39,1
3105,15603104,Smith,534,France,Male,34,4,0.0,1,1,1,64224.77,1
3106,15603105,Hall,664,France,Male,28,9,0.0,1,1,0,89079.21,0
3107,15603106,Jackson,758,Spain,Female,46,5,40241.94,1,1,0,127983.81,1
3108,15603107,Hall,406,France,Male,25,0,61260.46,2,1,0,115593.9,1
3109,15603108,Wilson,808,Spain,Male,26,3,39358.69,1,1,0,142705.71,0
3110,15603109,Brown,528,Spain,Female,28,4,0.0,2,0,0,3675.28,1
3111,15603110,Allen,564,Spain,Female,35,5,64860.95,2,1,0,96076.03,0
3112,15603111,Smith,724,France,Male,26,5,56139.68,1,1,0,138324.75,0
3113,15603112,Jackson,839,Spain,Female,20,4,57606.77,2,1,1,158893.8,1
3114,15603113,Martin,559,France,Female,28,2,96303.16,1,0,1,22809.68,0
3115,15603114,Young,574,France,Male,45,10,0.0,1,1,0,63411.18,1
3116,15603115,Anderson,772,Germany,Male,26,1,135677.81,1,0,0,117028.7,0
3117,15603116,Anderson,666,Spain,Female,36,6,52235.83,2,1,0,77071.42,1
3118,15603117,Clark,626,France,Male,58,0,185974.89,2,1,1,78040.56,0
3119,15603118,Moore,670,France,Male,39,4,31097.27,2,1,0,32354.73,1
3120,15603119,White,850,France,Female,42,3,83548.34,1,0,0,43830.27,0
3121,15603120,Harris,725,France,Male,30,6,105124.37,2,0,1,56191.1,1
3122,15603121,Brown,684,France,Female,61,1,74794.1,2,1,1,143499.2,0
3123,15603122,Johnson,706,France,Female,34,10,76890.87,1,1,0,83067.74,1
3124,15603123,Young,690,France,Male,37,7,0.0,2,1,0,42075.74,1
3125,15603124,Wilson,739,Spain,Female,52,8,117702.57,1,1,1,12558.19,0
3126,15603125,White,588,Spain,Female,37,9,85881.82,1,1,1,112290.33,0
3127,15603126,King,643,Spain,Female,39,0,0.0,1,0,1,41109.5,0
3128,15603127,Jackson,648,France,Male,36,4,0.0,2,1,0,117978.03,0
3129,15603128,Brown,560,Germany,Male,36,3,111096.81,2,1,1,109052.06,0
3130,15603129,King,543,Germany,Female,43,4,114838.23,1,1,0,67324.2,1
3131,15603130,Clark,785,Germany,Male,45,8,0.0,2,1,0,46875.96,0
3132,15603131,Moore,719,Germany,Female,33,2,115662.96,2,1,0,87342.98,0
3133,15603132,Young,822,Germany,Male,31,0,61705.31,2,0,0,67141.23,0
3134,15603133,Taylor,699,Spain,Female,33,10,0.0,2,1,0,66739.3,0
3135,15603134,Clark,681,France,Male,25,2,0.0,2,0,1,188415.53,0
3136,15603135,Taylor,630,Spain,Male,23,3,0.0,1,0,1,118108.41,0
3137,15603136,Johnson,748,Spain,Male,42,1,23337.16,2,0,0,132065.68,1
3138,15603137,Johnson,527,Spain,Female,48,0,109278.12,2,1,0,38741.26,0
3139,15603138,Clark,680,Spain,Male,48,0,112449.15,2,1,1,80058.62,1
3140,15603139,White,740,France,Female,18,7,0.0,2,0,0,51693.77,0
3141,15603140,Wright,642,France,Male,37,3,0.0,2,1,1,185201.08,1
3142,15603141,Clark,693,Germany,Female,28,1,238956.72,2,1,0,91744.66,0
3143,15603142,Young,804,Spain,Female,40,9,0.0,1,1,1,182973.79,0
3144,15603143,Clark,628,Spain,Female,35,2,0.0,2,0,1,100466.87,1
3145,15603144,Johnson,691,France,Female,45,7,91695.73,2,1,1,194995.93,1
3146,15603145,Wilson,749,France,Male,39,5,0.0,3,0,1,137956.09,0
3147,15603146,Harris,619,Germany,Male,20,7,58917.43,2,0,1,116285.44,0
3148,15603147,Young,545,Spain,Male,29,9,0.0,1,1,1,130020.53,0
3149,15603148,Young,721,Germany,Male,39,4,57684.46,3,0,0,20067.93,1
3150,15603149,Thomas,661,France,Male,40,2,0.0,1,1,1,125129.42,0
3151,15603150,Lewis,647,Spain,Female,25,5,0.0,1,1,1,60524.83,0
3152,15603151,Moore,666,France,Female,24,9,127722.07,1,1,1,154991.68,0
3153,15603152,Thomas,535,Spain,Female,40,7,173812.41,1,0,0,80408.27,0
3154,15603153,Lewis,626,France,Female,25,4,0.0,1,1,0,174421.74,0
3155,15603154,Allen,719,France,Female,22,4,123705.97,1,1,1,72817.14,1
3156,15603155,Walker,650,Spain,Female,35,2,22478.64,1,1,1,56771.94,0
3157,15603156,Hall,600,Germany,Female,34,2,0.0,1,1,1,101020.0,1
3158,15603157,Johnson,578,France,Female,30,7,35585.48,1,0,0,91674.73,0
3159,15603158,Lewis,676,Germany,Male,32,10,0.0,2,0,1,11324.52,0
3160,15603159,Wright,732,France,Female,39,0,114547.34,2,0,1,153680.45,0
3161,15603160,Wright,750,France,Male,32,3,180139.43,3,1,1,78188.66,0
3162,15603161,Martin,596,France,Male,40,8,0.0,1,1,0,91789.49,0
3163,15603162,Harris,808,France,Male,35,5,0.0,2,0,0,142152.99,0
3164,15603163,Johnson,661,Spain,Female,41,5,6872.44,1,0,0,9670.18,0
3165,15603164,Allen,491,France,Female,48,9,67944.98,2,0,1,50333.89,1
3166,15603165,Wright,662,France,Female,47,10,0.0,2,0,0,44069.2,1
3167,15603166,Martin,553,Germany,Female,52,10,0.0,1,0,1,105399.81,1
3168,15603167,Walker,690,France,Female,47,6,121558.08,2,1,1,171063.23,0
3169,15603168,Thomas,677,Germany,Male,41,10,0.0,1,1,0,95468.73,1
3170,15603169,Anderson,502,France,Male,35,6,153560.64,1,0,0,61432.44,1
3171,15603170,Young,789,Spain,Male,35,5,221908.33,2,1,1,20449.22,0
3172,15603171,Taylor,587,France,Female,30,8,0.0,2,1,1,549.53,0
3173,15603172,King,474,France,Female,39,7,0.0,2,1,1,56561.27,1
3174,15603173,Lewis,774,France,Male,46,7,142621.95,2,0,1,92875.54,0
3175,15603174,Taylor,709,France,Female,32,1,145004.09,1,1,1,71356.53,1
3176,15603175,Young,625,France,Male,39,6,119121.72,1,1,1,91839.52,0
3177,15603176,Jackson,655,Spain,Male,32,0,0.0,1,1,0,87954.7,0
3178,15603177,Anderson,639,Germany,Female,41,9,163140.83,1,1,0,90039.49,0
3179,15603178,Smith,496,Germany,Female,34,7,0.0,1,1,0,134176.33,0
3180,15603179,Thomas,514,Spain,Male,32,2,0.0,2,1,1,74388.03,0
3181,15603180,Young,742,France,Female,32,10,194060.21,4,1,0,163992.08,0
3182,15603181,Johnson,690,France,Female,44,8,74669.96,2,1,0,160197.75,0
3183,15603182,Johnson,739,France,Female,38,4,77694.41,1,1,1,46304.92,1
3184,15603183,Harris,767,France,Female,35,6,0.0,2,0,1,22573.72,0
3185,15603184,Wilson,350,Spain,Male,42,6,19591.47,1,1,1,180973.02,0
3186,15603185,Allen,610,Spain,Male,35,8,5081.96,2,1,1,34276.82,0
3187,15603186,Young,538,France,Female,50,1,0.0,1,1,1,129697.44,0
3188,15603187,Harris,638,France,Male,29,3,0.0,1,1,1,173167.44,0
3189,15603188,Wilson,470,Germany,Male,37,7,0.0,2,1,1,1039.9,0
3190,15603189,Jackson,708,Germany,Male,25,4,92277.42,2,1,0,53275.89,1
3191,15603190,Taylor,714,France,Male,36,10,0.0,1,1,0,57673.67,0
3192,15603191,Moore,850,Germany,Female,22,4,109282.94,2,0,0,138010.98,0
3193,15603192,Smith,640,Germany,Female,46,2,129660.79,2,1,1,129090.41,0
3194,15603193,Harris,716,France,Male,47,4,115196.96,2,1,1,110619.48,0
3195,15603194,Taylor,744,France,Male,47,6,0.0,2,0,0,182570.16,0
3196,15603195,Taylor,817,Spain,Male,39,3,79672.7,2,1,1,197402.14,0
3197,15603196,Moore,540,Germany,Male,30,7,81759.61,1,0,0,13593.98,1
3198,15603197,Allen,737,Germany,Male,31,10,10146.67,1,0,1,174318.62,0
3199,15603198,Lewis,689,France,Female,54,5,131352.72,2,0,0,42672.72,1
3200,15603199,Jackson,493,France,Female,53,5,45628.19,2,1,1,30838.58,1
3201,15603200,Allen,695,Spain,Female,40,5,0.0,2,0,1,156205.79,1
3202,15603201,Hall,722,Spain,Male,34,3,87929.34,2,1,0,126611.72,0
3203,15603202,King,486,France,Male,53,2,4793.09,1,1,1,11971.61,0
3204,15603203,Lewis,643,Germany,Male,32,9,0.0,1,1,1,43066.84,0
3205,15603204,Anderson,658,Spain,Male,41,5,49458.49,2,0,0,142401.51,0
3206,15603205,Smith,655,Germany,Male,53,5,0.0,2,1,0,2150.71,0
3207,15603206,Wright,711,Germany,Male,31,1,96803.92,2,1,0,57005.07,0
3208,15603207,White,592,Spain,Male,47,9,0.0,2,1,1,90259.71,0
3209,15603208,Moore,544,France,Female,44,8,0.0,2,1,1,182520.46,0
3210,15603209,Allen,697,Spain,Male,39,3,0.0,2,0,1,170075.6,0
3211,15603210,Taylor,802,France,Male,29,3,202404.24,2,1,0,43390.61,0
3212,15603211,Jackson,795,Spain,Female,32,9,0.0,1,1,0,61224.07,1
3213,15603212,King,850,France,Female,42,10,0.0,2,1,1,103681.74,0
3214,15603213,Lewis,614,Spain,Male,25,7,0.0,1,1,0,87249.91,0
3215,15603214,White,634,France,Female,40,2,81163.54,1,0,1,153859.71,0
3216,15603215,Anderson,441,France,Male,44,9,36209.4,2,1,0,190249.02,0
3217,15603216,Lewis,590,France,Female,49,6,0.0,1,1,1,124314.36,1
3218,15603217,Hall,497,France,Male,25,6,86089.16,2,1,1,22437.69,0
3219,15603218,Johnson,617,Spain,Male,52,1,190235.63,2,0,0,88332.0,0
3220,15603219,Allen,782,Spain,Female,56,2,109452.34,2,1,0,109436.98,1
3221,15603220,Wilson,753,Spain,Female,43,3,0.0,1,1,0,191033.86,1
3222,15603221,Allen,618,France,Male,29,1,125951.51,1,1,1,69030.49,0
3223,15603222,Johnson,594,France,Male,36,8,158142.43,2,1,0,133911.15,0
3224,15603223,Hall,571,France,Male,39,9,0.0,2,1,0,2266.01,1
3225,15603224,Wright,734,France,Female,42,10,72516.35,2,1,0,87345.71,1
3226,15603225,Walker,620,Germany,Female,39,5,0.0,1,1,0,8107.03,0
3227,15603226,Harris,676,France,Female,42,0,0.0,2,1,1,47412.62,1
3228,15603227,Wright,715,France,Male,38,0,69000.89,1,0,1,93863.59,0
3229,15603228,Clark,722,France,Female,42,7,13884.61,2,1,1,116273.32,0
3230,15603229,Lewis,380,France,Female,34,10,50688.49,2,1,0,175333.97,0
3231,15603230,Walker,704,Spain,Female,36,5,0.0,1,1,0,36969.77,0
3232,15603231,Smith,660,Spain,Female,33,9,108797.13,2,1,1,61732.83,0
3233,15603232,Allen,475,France,Male,58,6,160966.6,1,1,0,111447.72,0
3234,15603233,Anderson,784,France,Female,54,5,91749.86,1,0,1,42541.24,0
3235,15603234,Martin,669,France,Male,45,1,106075.96,1,1,0,181504.02,0
3236,15603235,Allen,500,France,Male,52,2,0.0,2,1,0,174787.62,0
3237,15603236,Harris,594,France,Female,47,7,76472.28,2,1,1,177374.18,0
3238,15603237,Martin,630,Germany,Male,41,3,80762.99,2,0,1,144059.23,1
3239,15603238,Martin,850,Spain,Male,24,7,0.0,1,1,1,199248.72,0
3240,15603239,Wright,565,Spain,Male,36,2,0.0,1,1,1,165240.87,0
3241,15603240,Anderson,583,France,Female,36,1,0.0,1,1,1,99202.49,0
3242,15603241,Brown,667,France,Female,28,6,90429.26,1,1,1,147753.51,0
3243,15603242,Clark,850,Spain,Female,24,0,23467.63,1,0,1,19181.11,1
3244,15603243,Allen,628,Spain,Male,44,10,35678.93,2,1,1,183610.0,0
3245,15603244,King,607,Spain,Male,42,2,79212.51,2,0,0,196833.15,0
3246,15603245,King,667,France,Male,27,1,0.0,2,1,0,171402.33,1
3247,15603246,Johnson,618,Spain,Female,32,4,99737.56,2,1,0,7129.21,0
3248,15603247,Martin,617,France,Female,51,1,34327.84,1,1,1,33050.58,0
3249,15603248,Johnson,743,Germany,Male,30,9,0.0,2,1,1,21110.33,0
3250,15603249,Young,602,Spain,Male,41,4,67977.48,2,1,1,85136.28,0
3251,15603250,Taylor,616,Spain,Male,37,2,0.0,1,1,1,7635.08,0
3252,15603251,Hall,747,France,Female,44,8,70515.87,1,0,1,188669.64,0
3253,15603252,Jackson,511,Spain,Female,30,9,0.0,1,0,1,117013.83,0
3254,15603253,Johnson,616,France,Female,40,8,49577.14,3,1,0,113509.82,1
3255,15603254,Anderson,489,France,Female,41,7,132670.15,1,1,0,89207.32,0
3256,15603255,White,602,France,Female,41,4,117658.6,2,0,1,67578.63,0
3257,15603256,Anderson,616,Spain,Female,40,9,0.0,2,1,1,96863.29,1
3258,15603257,Wilson,618,France,Female,42,10,0.0,2,1,0,103510.81,0
3259,15603258,Clark,612,France,Female,61,6,0.0,2,1,1,139158.37,0
3260,15603259,Allen,677,Germany,Female,65,1,79327.09,1,1,1,33059.05,1
3261,15603260,Young,542,France,Male,33,2,69789.9,2,1,0,115049.85,0
3262,15603261,Smith,688,Spain,Female,18,10,119599.94,1,0,0,115830.1,0
3263,15603262,Wilson,601,France,Male,45,1,80768.63,1,1,0,73404.47,0
3264,15603263,Brown,724,France,Male,41,9,0.0,2,1,1,192857.31,0
3265,15603264,Thomas,644,Germany,Male,50,10,39143.96,2,1,1,149022.62,0
3266,15603265,Lewis,593,France,Male,42,0,167575.99,2,1,0,142156.07,0
3267,15603266,White,523,France,Female,40,2,0.0,1,0,0,174625.98,1
3268,15603267,Young,679,Spain,Male,50,3,97311.88,2,0,0,67788.98,0
3269,15603268,Anderson,631,Spain,Male,52,8,109972.22,1,1,1,42542.48,0
3270,15603269,Brown,792,Spain,Male,25,1,70629.2,2,0,1,87663.06,0
3271,15603270,Anderson,799,France,Female,31,8,34232.71,4,1,1,119513.31,0
3272,15603271,Walker,603,France,Female,38,0,10272.72,2,1,1,111524.42,1
3273,15603272,Hall,421,Spain,Female,40,8,0.0,2,1,1,44089.39,0
3274,15603273,Lewis,736,Spain,Male,37,5,0.0,2,1,0,53746.57,0
3275,15603274,Hall,598,Germany,Male,43,7,0.0,2,1,1,185147.3,0
3276,15603275,Martin,616,Germany,Female,49,2,105656.93,1,0,1,16230.51,0
3277,15603276,Jackson,766,Germany,Male,56,7,51524.8,1,1,0,100815.01,1
3278,15603277,King,684,France,Male,45,10,94448.09,1,1,0,94938.86,0
3279,15603278,Smith,732,France,Female,30,8,0.0,2,1,1,76680.49,0
3280,15603279,Johnson,753,Germany,Male,38,6,0.0,2,1,1,156723.42,0
3281,15603280,Clark,634,France,Male,38,3,0.0,1,0,1,184516.3,0
3282,15603281,Allen,716,France,Female,44,5,53780.64,1,0,1,199453.74,1
3283,15603282,Johnson,660,Germany,Male,43,5,109787.39,3,1,0,24557.62,1
3284,15603283,Johnson,702,Germany,Female,60,1,65552.68,1,1,1,8581.66,0
3285,15603284,Walker,665,France,Male,34,1,131351.56,2,0,1,55067.74,1
3286,15603285,Anderson,782,France,Male,43,10,0.0,2,1,1,136503.31,0
3287,15603286,Smith,526,France,Male,63,4,0.0,2,1,0,80912.05,0
3288,15603287,White,608,Germany,Female,33,0,199411.05,1,1,0,93186.45,1
3289,15603288,Harris,641,Germany,Female,40,4,140181.54,2,1,0,199883.4,0
3290,15603289,Wilson,662,France,Female,30,9,0.0,1,0,1,98272.25,1
3291,15603290,Martin,526,France,Male,40,2,0.0,2,0,0,183069.31,0
3292,15603291,Thomas,578,Germany,Female,31,2,0.0,1,1,1,82340.24,0
3293,15603292,Wilson,654,France,Male,49,7,32040.39,1,1,1,88036.14,0
3294,15603293,Martin,597,Spain,Female,40,10,96558.96,1,1,1,154296.11,0
3295,15603294,Wright,484,Germany,Female,30,2,0.0,2,0,0,180290.0,0
3296,15603295,Johnson,615,France,Female,47,2,0.0,2,0,0,162588.88,0
3297,15603296,Thomas,532,Spain,Male,41,0,125478.41,2,1,0,94294.47,0
3298,15603297,Young,708,France,Male,49,7,0.0,2,1,1,139609.69,0
3299,15603298,Thomas,679,France,Female,28,9,0.0,2,0,1,52762.69,0
3300,15603299,Lewis,737,Germany,Female,43,9,0.0,2,0,0,15446.87,0
3301,15603300,Allen,670,France,Male,47,5,0.0,2,0,1,31612.78,1
3302,15603301,Lewis,546,Germany,Female,35,10,5120.85,1,0,1,4824.64,1
3303,15603302,Jackson,350,Spain,Male,26,7,42750.2,2,1,1,88908.35,0
3304,15603303,Jackson,761,France,Male,39,2,26102.8,1,1,1,131134.72,0
3305,15603304,Thomas,609,France,Male,51,10,36157.26,2,0,1,6695.6,0
3306,15603305,Walker,433,France,Male,50,5,0.0,2,1,1,10373.48,0
3307,15603306,Johnson,802,France,Male,35,1,50053.34,2,0,1,104168.07,0
3308,15603307,Martin,706,France,Male,26,2,0.0,1,1,0,187915.31,1
3309,15603308,Young,801,France,Male,35,3,173946.54,1,0,1,28285.88,0
3310,15603309,Brown,691,France,Male,34,8,0.0,1,1,0,135704.0,0
3311,15603310,Wilson,714,Spain,Female,43,3,0.0,2,1,1,130894.01,1
3312,15603311,Thomas,601,Spain,Male,38,6,89722.11,1,0,1,61196.75,0
3313,15603312,Johnson,719,Spain,Female,31,7,0.0,1,1,0,15188.99,1
3314,15603313,Walker,838,France,Male,50,4,80738.96,1,1,1,121840.86,0
3315,15603314,Lewis,730,France,Male,40,1,0.0,1,1,0,88657.05,0
3316,15603315,Brown,615,Spain,Female,43,10,83881.94,2,1,0,62398.98,0
3317,15603316,Wilson,523,France,Female,22,7,104603.87,2,1,1,156024.01,0
3318,15603317,Walker,761,France,Male,18,4,41773.86,1,0,0,80992.18,0
3319,15603318,Brown,656,Germany,Male,25,4,0.0,2,1,1,123420.31,0
3320,15603319,King,660,Germany,Male,34,6,33133.15,1,1,1,51255.76,0
3321,15603320,Young,458,Spain,Male,45,5,10545.04,2,1,0,15671.15,0
3322,15603321,Thomas,451,France,Female,18,2,132771.72,1,0,1,31036.88,0
3323,15603322,Lewis,658,Germany,Male,55,6,0.0,2,1,0,73532.04,1
3324,15603323,Martin,563,Spain,Female,41,0,88819.73,2,1,0,146763.91,0
3325,15603324,Young,670,Germany,Male,53,3,124423.13,1,1,1,117131.8,0
3326,15603325,Harris,742,Germany,Female,30,3,0.0,1,1,1,75247.48,0
3327,15603326,Smith,595,Germany,Male,44,5,126944.69,1,0,1,94862.59,0
3328,15603327,Smith,673,Spain,Female,40,5,164458.09,2,1,0,116336.61,0
3329,15603328,King,639,France,Female,47,9,113435.67,2,0,1,33851.34,0
3330,15603329,Allen,850,Spain,Male,37,7,68084.93,2,0,0,54367.94,0
3331,15603330,Walker,599,Spain,Female,44,0,0.0,1,1,0,55308.81,0
3332,15603331,Allen,582,Spain,Female,50,6,109698.51,1,1,1,20618.62,0
3333,15603332,King,606,France,Male,32,3,110470.71,2,1,0,39964.15,0
3334,15603333,Lewis,763,France,Male,41,5,143696.97,1,0,0,111861.64,0
3335,15603334,Wright,602,Germany,Female,20,9,0.0,2,1,1,45270.66,0
3336,15603335,Brown,722,Spain,Male,46,8,40677.01,1,1,1,116403.68,0
3337,15603336,Wright,653,Germany,Male,59,2,0.0,1,1,1,4814.04,0
3338,15603337,Moore,656,Germany,Female,27,7,18641.36,2,1,0,34770.51,1
3339,15603338,Jackson,805,Spain,Female,38,2,106524.78,2,0,1,122313.73,0
3340,15603339,Anderson,475,Spain,Female,48,5,0.0,2,1,1,116887.69,1
3341,15603340,Johnson,663,Germany,Male,39,1,104979.18,1,0,1,55145.25,0
3342,15603341,Jackson,718,Spain,Female,41,8,85492.6,1,0,1,124654.86,0
3343,15603342,Johnson,688,Spain,Female,35,1,0.0,2,0,1,33191.66,1
3344,15603343,Young,508,France,Male,35,4,21833.93,2,0,0,163507.73,1
3345,15603344,Johnson,539,France,Male,38,5,158116.4,1,1,0,50073.93,0
3346,15603345,Brown,677,Spain,Female,39,3,89948.9,3,1,1,93466.92,1
3347,15603346,Wilson,423,France,Male,27,6,149449.31,1,0,1,189464.09,0
3348,15603347,Anderson,599,France,Female,38,6,105436.55,1,0,0,115563.79,0
3349,15603348,Smith,531,France,Female,55,6,0.0,2,1,1,150456.81,1
3350,15603349,Smith,669,France,Male,35,10,50418.04,1,1,0,149105.79,0
3351,15603350,Wilson,635,France,Male,27,6,26320.42,1,1,0,76283.57,0
3352,15603351,Harris,687,France,Female,37,9,154789.74,2,1,0,20043.07,1
3353,15603352,Johnson,566,Germany,Male,32,10,162971.78,1,1,0,68117.26,0
3354,15603353,King,676,Spain,Male,26,9,0.0,1,1,0,6768.2,1
3355,15603354,Young,650,France,Female,40,8,0.0,2,1,1,52845.84,0
3356,15603355,Martin,567,France,Male,32,1,54156.45,1,1,0,7267.63,0
3357,15603356,Thomas,756,Spain,Female,33,4,0.0,2,1,0,83916.38,1
3358,15603357,Young,718,France,Male,41,9,40658.61,2,1,0,1814.51,0
3359,15603358,Jackson,588,Germany,Male,24,8,0.0,2,1,1,152138.71,0
3360,15603359,Harris,574,Spain,Female,22,10,0.0,1,0,1,192610.09,0
3361,15603360,Taylor,740,Germany,Female,46,10,75812.32,2,1,1,6342.96,1
3362,15603361,Clark,494,France,Female,20,1,33638.28,2,0,0,115571.29,0
3363,15603362,Jackson,525,Spain,Female,29,2,6138.87,1,1,1,54098.06,0
3364,15603363,Allen,697,France,Female,21,6,56412.61,1,1,1,104747.74,0
3365,15603364,Martin,826,Germany,Female,34,8,60795.81,1,0,1,188623.92,0
3366,15603365,Walker,591,Spain,Male,43,2,60520.47,4,1,0,153058.6,1
3367,15603366,White,602,France,Female,40,9,0.0,1,1,1,149265.93,0
3368,15603367,Johnson,629,France,Male,63,7,0.0,1,0,1,58688.74,0
3369,15603368,Moore,604,France,Male,50,10,82167.16,1,1,1,159296.13,0
3370,15603369,Smith,609,Spain,Male,30,7,0.0,3,1,1,20506.45,0
3371,15603370,Taylor,591,France,Male,27,3,76165.93,1,1,0,141501.43,0
3372,15603371,Hall,668,Spain,Female,66,10,109037.0,1,1,0,80839.28,1
3373,15603372,Wilson,717,France,Female,50,5,110300.34,1,1,1,87452.81,0
3374,15603373,Young,665,Spain,Male,45,10,0.0,2,1,0,97972.47,0
3375,15603374,Jackson,634,Germany,Male,40,7,155070.33,1,1,0,153650.59,0
3376,15603375,Johnson,591,Germany,Male,42,8,107996.04,2,1,1,62309.04,0
3377,15603376,Clark,536,Germany,Male,24,1,0.0,2,0,0,64706.66,1
3378,15603377,Allen,524,France,Male,41,0,35985.89,1,1,1,104070.81,0
3379,15603378,Clark,505,France,Male,40,4,129225.03,2,1,1,53567.13,0
3380,15603379,Hall,711,Spain,Male,30,9,0.0,1,0,1,89228.87,0
3381,15603380,King,594,France,Female,34,2,0.0,1,0,1,132071.91,0
3382,15603381,Walker,689,France,Female,54,10,18077.2,1,1,0,197970.27,0
3383,15603382,Walker,581,France,Male,38,5,136561.0,2,0,1,52406.74,1
3384,15603383,Hall,643,France,Female,60,10,126197.76,2,1,1,52438.08,0
3385,15603384,Martin,617,France,Female,22,0,0.0,1,0,0,78829.91,1
3386,15603385,Young,803,Germany,Female,34,10,0.0,1,0,1,131817.49,1
3387,15603386,Harris,604,France,Male,24,3,0.0,2,1,0,185249.49,0
3388,15603387,Clark,732,Spain,Female,27,5,103732.77,2,1,1,189804.27,0
3389,15603388,Wilson,515,France,Male,31,1,110377.88,2,0,0,67610.55,0
3390,15603389,Thomas,781,Spain,Female,42,10,90802.37,2,0,1,83460.98,0
3391,15603390,Smith,730,France,Female,42,10,58794.95,2,1,0,87272.87,0
3392,15603391,Walker,593,Germany,Female,32,7,0.0,1,1,0,69789.31,0
3393,15603392,King,592,Germany,Female,18,3,186349.67,3,0,0,63090.55,1
3394,15603393,Brown,766,France,Male,54,1,78919.33,2,1,0,14288.5,0
3395,15603394,King,740,Germany,Female,36,0,116486.83,2,1,1,109023.54,0
3396,15603395,Wilson,627,Germany,Female,28,7,0.0,1,0,0,132470.72,0
3397,15603396,Martin,567,Germany,Male,42,9,67019.53,3,1,0,198314.57,0
3398,15603397,Taylor,754,Germany,Male,41,0,217733.79,1,1,1,123837.57,1
3399,15603398,Wright,604,France,Female,36,6,0.0,2,1,1,122090.47,1
3400,15603399,Jackson,683,Spain,Female,40,6,41599.99,1,1,1,74084.03,1
3401,15603400,Brown,595,France,Male,27,5,183722.78,2,1,1,11512.66,0
3402,15603401,Allen,629,France,Male,47,7,0.0,2,1,1,122836.76,0
3403,15603402,Jackson,835,Germany,Female,29,9,30940.29,1,0,1,25117.5,0
3404,15603403,Smith,643,France,Male,33,0,119635.69,2,1,0,148784.93,0
3405,15603404,Moore,790,Spain,Female,45,0,223545.98,2,1,1,150832.77,1
3406,15603405,Wright,502,Germany,Female,51,0,0.0,1,0,0,21029.29,1
3407,15603406,Taylor,482,Germany,Male,55,5,80375.78,1,0,0,55532.67,1
3408,15603407,White,707,Germany,Male,50,6,0.0,2,0,1,163980.7,0
3409,15603408,King,575,France,Female,36,9,64179.97,2,1,0,192435.91,0
3410,15603409,Moore,648,France,Male,24,8,44943.17,2,1,0,146115.71,0
3411,15603410,Harris,444,France,Female,53,9,0.0,2,1,1,80271.5,1
3412,15603411,Thomas,453,France,Female,53,4,0.0,1,1,0,165443.28,1
3413,15603412,Jackson,651,France,Female,32,0,53712.19,1,1,1,58586.89,0
3414,15603413,Walker,603,France,Female,48,8,140508.15,1,0,1,173252.63,0
3415,15603414,Smith,617,Germany,Male,36,4,0.0,1,1,1,8577.7,0
3416,15603415,Taylor,812,Spain,Male,54,5,66571.21,1,1,0,198584.16,1
3417,15603416,Hall,696,France,Female,34,8,86230.58,1,1,1,22116.41,0
3418,15603417,Hall,850,Spain,Male,59,1,0.0,1,1,0,183033.27,0
3419,15603418,Taylor,657,France,Male,47,2,75251.82,2,0,1,170508.66,0
3420,15603419,Hall,795,France,Male,57,6,39542.19,1,1,0,58648.42,0
3421,15603420,Thomas,745,Germany,Male,34,2,63303.6,2,1,1,92475.9,0
3422,15603421,King,601,Spain,Female,43,1,0.0,4,1,1,42903.18,0
3423,15603422,Young,633,Germany,Male,29,6,0.0,2,1,0,96218.99,0
3424,15603423,Jackson,616,France,Male,47,7,0.0,1,0,0,36169.89,0
3425,15603424,Taylor,754,Germany,Male,48,8,0.0,1,1,0,58530.16,0
3426,15603425,Johnson,677,Spain,Male,63,1,78435.35,2,1,1,7842.18,1
3427,15603426,Anderson,561,Spain,Female,44,1,56695.34,2,0,1,110378.5,0
3428,15603427,Walker,525,Spain,Male,46,10,0.0,1,1,0,144710.93,0
3429,15603428,White,528,Germany,Female,34,6,0.0,2,1,0,40468.25,0
3430,15603429,Brown,563,Spain,Female,44,3,0.0,1,0,0,122430.62,1
3431,15603430,Jackson,558,Spain,Female,35,4,87427.54,2,0,0,9627.26,1
3432,15603431,Taylor,533,Germany,Male,40,0,83161.26,2,1,1,16702.34,0
3433,15603432,Thomas,759,Germany,Female,41,5,125579.39,1,1,0,108895.91,0
3434,15603433,Young,502,France,Male,35,9,0.0,2,1,0,11867.4,1
3435,15603434,Young,689,Spain,Female,40,7,0.0,1,0,1,91447.13,0
3436,15603435,Smith,850,France,Male,35,10,0.0,4,1,1,12824.27,0
3437,15603436,King,658,France,Female,35,0,104735.31,2,1,1,69862.04,0
3438,15603437,Martin,659,Spain,Male,50,1,115606.34,1,1,1,176133.72,0
3439,15603438,Hall,672,Germany,Male,41,6,133869.41,1,1,1,149282.0,0
3440,15603439,Moore,507,Germany,Female,42,1,240606.85,2,1,1,82717.16,0
3441,15603440,Young,692,France,Female,24,8,54016.07,1,1,1,70064.51,0
3442,15603441,Thomas,683,Spain,Male,43,5,147796.68,2,1,1,72950.92,0
3443,15603442,Thomas,646,France,Male,44,4,103286.43,2,0,1,26362.89,1
3444,15603443,Johnson,486,Germany,Male,35,6,0.0,1,1,1,78136.44,0
3445,15603444,Thomas,834,Germany,Female,60,9,148091.41,1,0,1,117500.52,1
3446,15603445,Smith,673,Spain,Male,18,7,0.0,1,0,1,169589.18,0
3447,15603446,Brown,531,Germany,Female,47,8,0.0,2,1,0,136509.91,0
3448,15603447,Brown,553,Spain,Male,46,5,92313.55,1,0,1,127595.2,0
3449,15603448,Johnson,575,Spain,Male,44,4,106217.83,2,1,0,13448.67,0
3450,15603449,Anderson,804,France,Female,41,6,131082.78,2,0,0,28556.51,0
3451,15603450,Johnson,638,France,Male,45,1,0.0,2,1,1,18897.08,0
3452,15603451,Wilson,638,Spain,Male,48,7,74252.92,2,1,0,38183.33,0
3453,15603452,Hall,599,Spain,Male,32,3,144119.94,1,1,1,154798.3,0
3454,15603453,White,749,France,Female,42,0,18393.74,1,0,1,124076.59,1
3455,15603454,Anderson,755,Germany,Female,37,2,144538.46,2,0,0,88474.84,0
3456,15603455,Taylor,503,France,Male,28,8,79053.14,1,1,0,2329.16,0
3457,15603456,Lewis,640,Spain,Female,46,3,144263.32,1,0,1,133625.06,1
3458,15603457,Johnson,629,Spain,Female,33,9,0.0,1,1,0,107882.48,0
3459,15603458,Clark,557,Spain,Male,24,9,0.0,2,0,1,16575.52,0
3460,15603459,Jackson,594,Spain,Female,34,10,0.0,2,1,0,140152.77,0
3461,15603460,Allen,622,France,Male,31,2,36572.05,2,1,1,53972.4,0
3462,15603461,Brown,552,France,Female,49,3,7662.34,1,0,1,96806.45,1
3463,15603462,King,678,Spain,Female,41,2,86534.0,2,1,1,63761.54,1
3464,15603463,Taylor,676,Spain,Male,53,2,91530.89,2,1,1,64521.9,0
3465,15603464,Taylor,700,France,Male,32,1,118247.82,1,1,1,11815.72,1
3466,15603465,Lewis,605,Spain,Male,48,5,0.0,1,1,1,9561.47,0
3467,15603466,Anderson,441,France,Male,67,9,116501.57,1,1,0,155561.08,1
3468,15603467,Smith,581,Spain,Male,43,5,148389.61,1,0,1,667.72,0
3469,15603468,Martin,548,Germany,Female,48,9,196652.4,2,1,0,57529.9,1
3470,15603469,Johnson,634,France,Female,46,3,25535.94,2,0,1,190254.4,0
3471,15603470,Taylor,706,France,Female,25,7,0.0,1,1,1,159757.56,0
3472,15603471,Walker,833,Germany,Male,45,5,0.0,1,1,0,103683.2,0
3473,15603472,Young,562,Spain,Female,42,7,99683.85,2,1,0,148439.53,0
3474,15603473,Jackson,662,Spain,Female,36,5,59143.91,1,1,0,188757.25,1
3475,15603474,Harris,667,Germany,Male,30,8,155294.34,1,1,1,187974.18,0
3476,15603475,Young,790,Germany,Female,46,2,99747.56,2,1,1,89171.27,0
3477,15603476,Thomas,671,Germany,Female,29,2,4967.85,1,1,0,64489.61,1
3478,15603477,Clark,615,Spain,Male,60,1,0.0,1,1,0,149628.66,1
3479,15603478,Walker,646,France,Female,40,9,0.0,1,1,0,82043.23,0
3480,15603479,Jackson,684,France,Male,27,5,0.0,1,0,1,30969.41,0
3481,15603480,Young,722,France,Male,34,6,0.0,2,1,1,38760.72,1
3482,15603481,Hall,815,Spain,Female,36,6,60928.65,1,1,0,108627.84,0
3483,15603482,Wilson,805,France,Male,63,4,147258.77,2,0,0,101840.86,1
3484,15603483,Thomas,576,Germany,Female,30,5,62599.35,2,1,1,92672.6,0
3485,15603484,Allen,504,Spain,Male,38,6,0.0,1,0,1,74017.03,0
3486,15603485,Harris,529,Spain,Male,34,10,0.0,1,1,1,65027.52,0
3487,15603486,Clark,673,France,Male,44,1,0.0,1,1,1,37655.61,0
3488,15603487,Wright,759,France,Male,34,9,0.0,2,1,1,136371.82,0
3489,15603488,Harris,626,France,Female,28,6,0.0,2,0,1,100625.74,1
3490,15603489,Johnson,557,France,Female,37,0,168312.34,1,1,0,73875.65,1
3491,15603490,Johnson,508,France,Male,36,5,0.0,2,1,0,155479.98,0
3492,15603491,King,804,Spain,Female,33,7,0.0,2,1,0,126485.94,0
3493,15603492,Jackson,603,Germany,Female,34,0,0.0,2,1,0,151126.33,1
3494,15603493,Anderson,500,Germany,Female,51,0,0.0,2,1,1,128891.19,1
3495,15603494,Young,647,Spain,Male,36,5,89030.82,1,0,1,125005.36,1
3496,15603495,Lewis,650,France,Female,28,4,107348.79,2,1,0,82368.98,0
3497,15603496,Moore,736,Germany,Male,34,2,0.0,2,1,1,56215.72,0
3498,15603497,Johnson,534,Germany,Female,40,9,100764.21,1,0,1,46226.13,1
3499,15603498,Young,763,France,Female,26,9,0.0,1,1,0,179733.17,0
3500,15603499,Hall,778,Spain,Male,55,6,48140.45,2,0,1,40179.65,1
3501,15603500,Thomas,659,France,Female,48,6,44290.76,2,1,1,134565.3,0
3502,15603501,Hall,709,Germany,Male,53,6,53735.89,1,0,1,37887.61,0
3503,15603502,White,729,Germany,Female,43,5,0.0,2,1,1,187784.66,0
3504,15603503,Jackson,592,France,Female,18,3,0.0,1,0,1,39215.55,0
3505,15603504,Young,515,Germany,Female,54,8,0.0,1,1,1,170972.21,1
3506,15603505,Johnson,593,Spain,Male,30,8,135517.58,1,0,0,187024.29,0
3507,15603506,Wilson,480,Germany,Male,31,6,0.0,1,1,0,41387.85,0
3508,15603507,Harris,696,France,Male,41,6,145271.34,1,0,0,177410.96,1
3509,15603508,Hall,805,Germany,Female,53,7,50884.32,1,1,0,21901.72,1
3510,15603509,Clark,567,France,Male,50,10,0.0,2,1,0,140000.04,0
3511,15603510,Anderson,605,France,Male,48,4,138683.41,2,1,0,101381.9,0
3512,15603511,Brown,626,France,Male,36,10,136758.84,1,1,0,192222.75,0
3513,15603512,King,850,Germany,Male,36,8,0.0,2,1,0,96194.24,1
3514,15603513,King,606,Germany,Male,42,5,0.0,1,1,1,13696.43,0
3515,15603514,Wright,759,Germany,Female,38,6,0.0,2,1,1,25257.08,0
3516,15603515,Allen,654,Germany,Male,48,6,0.0,1,0,1,64296.52,0
3517,15603516,Johnson,350,France,Male,47,8,110509.63,2,1,1,93800.25,0
3518,15603517,Johnson,601,France,Male,45,6,0.0,2,0,1,191584.86,0
3519,15603518,Johnson,735,France,Female,18,2,38415.91,2,1,1,96865.24,0
3520,15603519,Taylor,602,France,Female,40,5,1659.98,1,1,0,186003.38,0
3521,15603520,Harris,700,France,Female,38,5,120005.63,2,0,1,182669.43,0
3522,15603521,Wright,818,France,Female,41,10,0.0,2,0,1,33754.23,0
3523,15603522,Walker,700,France,Female,31,6,21153.02,1,1,1,183856.31,0
3524,15603523,King,588,France,Male,26,5,122983.94,1,1,0,51044.19,0
3525,15603524,Smith,719,France,Male,44,3,106151.08,1,1,1,167362.06,0
3526,15603525,Wilson,697,France,Male,35,5,0.0,1,0,0,195056.17,0
3527,15603526,King,744,Germany,Male,45,2,50732.62,1,1,0,14405.16,1
3528,15603527,King,641,Germany,Female,32,0,157663.45,1,1,1,136285.1,1
3529,15603528,Harris,572,Germany,Male,53,0,0.0,1,0,1,85256.37,0
3530,15603529,Brown,702,France,Female,49,4,0.0,1,0,1,91033.23,1
3531,15603530,Clark,705,France,Male,42,10,0.0,1,1,1,111757.81,0
3532,15603531,Lewis,599,Germany,Female,37,7,87127.37,1,1,0,189087.11,0
3533,15603532,Walker,500,France,Female,48,2,76447.68,2,1,1,126428.64,1
3534,15603533,Harris,606,France,Female,43,1,123537.01,1,1,1,198363.88,0
3535,15603534,Lewis,536,France,Male,41,7,0.0,2,1,0,193048.61,0
3536,15603535,Clark,624,France,Female,49,8,0.0,4,0,0,171261.73,1
3537,15603536,King,725,France,Female,53,8,0.0,1,0,1,139830.24,0
3538,15603537,Taylor,456,France,Male,26,1,42787.09,2,1,0,46372.51,0
3539,15603538,Martin,680,Spain,Male,28,7,47404.46,1,1,0,114599.26,0
3540,15603539,King,690,France,Female,31,1,0.0,2,0,1,46770.25,0
3541,15603540,Wilson,560,France,Male,24,6,70069.15,2,1,1,190848.6,0
3542,15603541,Clark,684,Germany,Male,38,7,139712.85,1,1,1,191759.55,0
3543,15603542,White,763,France,Female,45,0,88997.91,1,0,0,66523.84,0
3544,15603543,Young,692,France,Male,39,7,71497.47,2,1,1,9632.13,0
3545,15603544,Martin,850,Germany,Female,34,2,0.0,2,1,1,165557.23,0
3546,15603545,White,658,France,Male,50,0,108353.43,1,1,0,70425.04,0
3547,15603546,Taylor,747,France,Male,40,6,13214.64,1,1,0,63909.7,0
3548,15603547,King,847,France,Male,42,9,74190.43,2,0,1,115994.12,0
3549,15603548,Brown,699,France,Male,51,2,82879.94,1,1,0,106.31,0
3550,15603549,Jackson,820,Spain,Female,38,7,88439.41,2,0,0,75001.09,1
3551,15603550,Young,694,Germany,Female,60,8,0.0,2,1,1,83279.21,0
3552,15603551,Anderson,791,France,Male,35,1,0.0,1,1,1,194157.09,0
3553,15603552,Young,542,Spain,Male,59,0,0.0,1,1,1,31686.84,0
3554,15603553,Lewis,656,Spain,Female,29,7,90052.4,1,1,0,30132.52,1
3555,15603554,Walker,850,France,Male,44,9,153932.57,2,1,0,123875.72,0
3556,15603555,Taylor,473,Spain,Female,33,5,63481.39,1,1,0,15647.53,1
3557,15603556,Lewis,575,France,Female,50,9,0.0,2,1,1,124218.43,0
3558,15603557,Jackson,850,France,Male,34,0,0.0,2,1,1,81494.77,1
3559,15603558,Clark,640,France,Female,42,2,11150.96,2,1,0,536.68,1
3560,15603559,Harris,639,France,Male,32,8,173876.53,1,0,0,88134.62,0
3561,15603560,Moore,739,France,Female,48,8,0.0,2,1,0,147754.25,0
3562,15603561,Young,772,Germany,Female,32,5,0.0,4,0,1,26529.78,0
3563,15603562,Allen,614,France,Male,56,2,100685.64,3,0,0,36720.42,1
3564,15603563,Walker,491,France,Male,29,7,0.0,2,1,1,46901.41,0
3565,15603564,Smith,560,France,Female,26,5,0.0,1,1,0,77983.37,0
3566,15603565,Lewis,596,Spain,Female,49,0,49091.55,2,1,1,189832.17,0
3567,15603566,Martin,536,Spain,Female,33,5,0.0,1,1,1,14120.58,0
3568,15603567,Martin,567,Spain,Male,39,4,119121.82,1,1,1,164335.9,0
3569,15603568,King,651,Germany,Male,36,7,0.0,1,1,0,160147.9,0
3570,15603569,Allen,568,Germany,Male,26,1,0.0,2,1,0,93142.84,0
3571,15603570,Jackson,821,France,Female,38,6,0.0,2,0,1,27216.98,0
3572,15603571,White,611,Spain,Female,52,5,69911.87,1,0,0,122433.67,1
3573,15603572,Clark,502,Germany,Male,49,0,0.0,1,1,0,144669.95,1
3574,15603573,Young,764,Germany,Male,41,7,100539.51,2,1,0,31058.89,0
3575,15603574,Jackson,850,Germany,Male,50,5,0.0,2,1,1,139791.71,0
3576,15603575,Johnson,618,France,Male,28,2,33057.91,2,0,1,184106.02,0
3577,15603576,King,675,France,Female,36,4,117313.4,1,1,0,37907.17,0
3578,15603577,Anderson,776,France,Male,43,6,59513.36,1,1,1,25143.89,0
3579,15603578,Walker,613,Spain,Male,38,8,188271.66,1,1,0,133377.69,1
3580,15603579,Johnson,832,France,Male,37,3,16251.92,1,0,1,96228.37,0
3581,15603580,Thomas,494,France,Female,27,1,0.0,2,1,1,170787.81,0
3582,15603581,Jackson,639,Germany,Female,18,2,0.0,1,0,0,103188.99,1
3583,15603582,Wright,571,France,Female,47,6,62623.95,4,1,0,164182.09,1
3584,15603583,Wright,540,Germany,Male,41,7,15149.04,2,1,0,79028.84,1
3585,15603584,Hall,573,France,Female,48,4,0.0,2,0,1,39233.11,0
3586,15603585,Walker,700,France,Female,35,2,111285.03,1,1,0,75099.91,0
3587,15603586,Lewis,739,France,Male,32,0,168494.06,2,0,0,71915.15,0
3588,15603587,Jackson,719,Germany,Female,39,9,47307.01,1,0,0,59906.71,0
3589,15603588,Martin,507,France,Female,48,0,0.0,1,1,1,46846.74,0
3590,15603589,Young,703,France,Female,37,10,65732.32,1,1,0,77322.08,0
3591,15603590,Anderson,638,Germany,Female,47,1,65273.42,1,1,0,194325.59,0
3592,15603591,Young,594,France,Female,29,4,38094.09,1,1,1,98339.88,0
3593,15603592,Johnson,629,Spain,Male,37,2,0.0,1,0,0,27773.38,0
3594,15603593,King,812,Spain,Male,38,6,91529.13,1,1,1,47042.27,1
3595,15603594,Johnson,623,France,Male,51,1,0.0,1,1,0,70600.02,0
3596,15603595,White,724,Spain,Female,41,1,124231.67,1,0,1,37691.64,0
3597,15603596,White,750,France,Male,56,2,164640.85,1,1,1,148353.72,1
3598,15603597,Moore,735,Spain,Female,26,0,0.0,2,0,1,158132.78,1
3599,15603598,Wright,606,France,Female,40,1,66678.62,2,1,0,160518.63,0
3600,15603599,Clark,611,Spain,Male,41,4,23616.16,1,1,0,183152.25,1
3601,15603600,Brown,677,France,Female,45,2,22246.02,1,1,1,171749.82,0
3602,15603601,Jackson,596,Spain,Female,31,10,46409.8,1,1,1,116153.67,0
3603,15603602,King,567,France,Male,56,9,50532.67,1,0,1,99870.81,1
3604,15603603,Young,660,France,Male,39,5,0.0,1,0,1,160129.55,0
3605,15603604,Hall,572,France,Female,28,1,0.0,2,1,0,193100.05,0
3606,15603605,Taylor,608,France,Female,39,7,72147.3,2,1,0,6116.67,0
3607,15603606,Wilson,623,Germany,Female,36,3,44018.1,1,0,1,72073.35,0
3608,15603607,Thomas,596,France,Male,67,2,31230.08,1,0,0,133605.93,0
3609,15603608,Moore,625,Germany,Female,49,4,0.0,1,1,1,71498.56,1
3610,15603609,Anderson,608,Germany,Female,39,7,34873.79,1,1,0,152569.6,0
3611,15603610,Moore,848,Spain,Male,38,8,67382.64,1,0,1,158361.15,0
3612,15603611,Moore,822,France,Male,49,0,129614.98,2,1,1,136576.72,0
3613,15603612,Lewis,609,France,Female,49,3,58184.95,1,1,0,31691.59,1
3614,15603613,Brown,606,Germany,Female,18,5,153518.86,2,1,1,186496.83,1
3615,15603614,King,628,France,Male,45,5,26432.25,1,1,0,65635.97,1
3616,15603615,Thomas,673,France,Male,39,8,0.0,2,1,0,195506.11,0
3617,15603616,Wilson,640,Spain,Female,26,0,106715.05,2,1,1,70403.74,0
3618,15603617,White,652,Germany,Female,48,4,95328.65,1,0,0,32163.75,0
3619,15603618,Moore,727,Germany,Female,61,9,0.0,2,0,1,57675.89,1
3620,15603619,Johnson,566,France,Female,45,0,102615.28,2,1,0,162904.03,0
3621,15603620,Wright,592,Spain,Male,50,5,168844.66,2,1,1,61639.44,1
3622,15603621,Taylor,510,France,Female,57,8,95346.03,1,1,0,119594.2,1
3623,15603622,Young,611,France,Male,31,3,0.0,1,1,1,139176.53,0
3624,15603623,Taylor,654,Germany,Male,20,9,128123.48,1,1,0,60884.8,1
3625,15603624,Hall,654,France,Male,46,9,0.0,1,1,0,132761.84,1
3626,15603625,Jackson,772,France,Female,37,8,0.0,2,1,1,30903.35,0
3627,15603626,White,565,France,Male,25,2,61044.65,1,0,1,126063.93,0
3628,15603627,Anderson,492,Germany,Female,38,10,0.0,1,1,0,130974.05,1
3629,15603628,Smith,659,Germany,Male,46,6,41015.17,1,1,1,6552.9,0
3630,15603629,Brown,632,Spain,Male,38,4,102192.93,2,1,0,58827.35,1
3631,15603630,Smith,733,Germany,Female,31,9,0.0,2,1,1,1225.96,0
3632,15603631,Brown,658,France,Female,37,0,90333.93,2,1,0,158489.88,1
3633,15603632,Young,774,France,Female,39,6,79641.3,1,1,1,89327.84,0
3634,15603633,Moore,636,France,Male,20,7,0.0,3,1,1,85366.77,0
3635,15603634,Taylor,600,France,Male,38,5,0.0,2,1,0,91382.28,0
3636,15603635,Hall,719,France,Male,26,0,18048.75,1,1,1,80863.67,0
3637,15603636,Hall,697,Germany,Male,46,8,0.0,2,1,0,32937.97,0
3638,15603637,White,581,France,Female,23,6,105166.97,1,0,0,132397.85,0
3639,15603638,Harris,703,France,Male,49,5,0.0,2,0,1,183466.13,1
3640,15603639,Brown,693,France,Male,35,3,187889.41,1,1,0,197338.23,0
3641,15603640,Hall,645,France,Male,34,2,227859.0,1,1,1,159374.2,0
3642,15603641,Young,759,Germany,Male,42,3,17655.74,2,1,0,77751.75,0
3643,15603642,King,791,France,Male,30,0,0.0,2,0,1,112550.3,0
3644,15603643,Moore,594,France,Male,42,8,0.0,2,1,1,2551.04,0
3645,15603644,Anderson,697,Germany,Male,32,1,48905.78,3,1,0,71206.51,0
3646,15603645,Brown,657,France,Male,33,1,86209.47,2,1,1,134268.22,0
3647,15603646,Allen,606,France,Male,43,2,0.0,1,0,0,178899.55,0
3648,15603647,Harris,638,France,Male,28,0,0.0,1,1,0,22111.62,1
3649,15603648,Allen,479,Spain,Male,26,9,0.0,1,0,0,18351.85,1
3650,15603649,Lewis,754,Germany,Male,41,2,83267.29,1,1,1,30871.49,0
3651,15603650,Walker,726,Germany,Female,39,3,0.0,2,0,1,28934.3,0
3652,15603651,Smith,464,France,Female,41,8,0.0,2,0,1,156905.02,1
3653,15603652,Young,632,Germany,Female,42,4,68395.06,3,0,1,142333.32,1
3654,15603653,Thomas,683,France,Male,40,10,0.0,1,1,0,180898.51,0
3655,15603654,King,733,France,Male,45,5,46812.67,1,1,1,58801.54,0
3656,15603655,Allen,624,France,Male,40,0,0.0,2,0,1,135921.62,0
3657,15603656,King,626,France,Female,19,2,217255.47,1,1,1,72919.94,0
3658,15603657,Lewis,686,Spain,Female,22,6,27498.04,2,1,0,27509.37,1
3659,15603658,Harris,584,Spain,Female,58,6,64720.04,2,0,0,157209.32,0
3660,15603659,Young,811,Germany,Female,39,9,44268.72,2,1,1,125033.16,0
3661,15603660,Young,660,Spain,Male,49,0,84353.88,2,1,0,140643.91,1
3662,15603661,Wright,669,Spain,Female,36,8,94498.44,2,0,1,32595.6,0
3663,15603662,Lewis,781,France,Male,38,0,151373.49,2,1,1,129019.52,0
3664,15603663,Martin,648,France,Male,34,6,41840.05,1,1,1,61869.33,0
3665,15603664,Wright,782,Spain,Male,64,1,60305.86,1,1,0,50318.22,1
3666,15603665,King,494,France,Male,42,8,0.0,1,1,1,129943.87,0
3667,15603666,Young,762,Germany,Female,34,8,0.0,2,1,1,4873.65,1
3668,15603667,Allen,750,France,Female,22,8,148343.11,1,1,1,180851.73,0
3669,15603668,Clark,451,France,Male,59,3,0.0,1,1,1,32521.8,0
3670,15603669,Anderson,619,France,Male,37,5,120604.33,1,1,1,83858.45,0
3671,15603670,Brown,689,France,Female,46,1,0.0,2,1,1,108775.55,0
3672,15603671,Smith,729,France,Female,48,2,0.0,2,1,1,166975.67,0
3673,15603672,Taylor,777,Spain,Female,34,5,0.0,1,1,0,44647.21,0
3674,15603673,Anderson,505,France,Female,46,0,82593.31,1,0,0,184576.29,0
3675,15603674,King,658,Spain,Male,33,6,24140.07,1,1,1,59310.77,0
3676,15603675,Young,559,France,Male,29,1,124915.1,2,1,0,107583.72,0
3677,15603676,Harris,581,France,Female,51,7,0.0,1,1,0,33833.51,0
3678,15603677,Wright,728,France,Male,37,4,2728.08,1,1,0,124478.52,0
3679,15603678,Hall,573,Germany,Male,44,6,47783.32,2,1,1,31353.4,1
3680,15603679,Brown,650,France,Female,43,7,0.0,1,0,0,16840.6,1
3681,15603680,Anderson,607,Germany,Male,45,2,0.0,2,1,1,98334.68,1
3682,15603681,Lewis,747,France,Male,23,5,0.0,2,1,1,139520.95,0
3683,15603682,King,472,Germany,Male,33,8,0.0,2,0,1,37342.32,0
3684,15603683,Clark,770,France,Male,36,3,0.0,1,1,0,10956.39,0
3685,15603684,Smith,794,Spain,Male,31,9,0.0,2,1,1,8508.61,0
3686,15603685,Jackson,708,Spain,Female,43,6,133120.57,2,0,0,303.88,0
3687,15603686,White,672,Germany,Male,51,0,60784.95,1,1,1,46754.04,0
3688,15603687,Wilson,452,France,Male,52,6,0.0,1,1,0,173304.04,1
3689,15603688,Moore,712,France,Female,36,8,45621.82,2,1,1,90426.37,0
3690,15603689,Smith,748,France,Male,42,9,0.0,1,0,0,184636.43,0
3691,15603690,Allen,660,Germany,Male,43,7,14809.82,2,0,0,49886.7,0
3692,15603691,Allen,587,Spain,Female,45,3,134932.99,1,1,1,196673.28,0
3693,15603692,Jackson,792,Germany,Male,30,2,174894.2,2,0,1,164972.45,0
3694,15603693,Martin,566,France,Female,57,6,110279.76,1,0,1,156769.84,1
3695,15603694,Jackson,760,France,Male,48,0,0.0,1,1,1,119121.08,0
3696,15603695,Walker,701,France,Female,49,7,178812.68,1,0,0,39190.76,1
3697,15603696,Allen,633,Germany,Male,51,0,177210.76,2,1,1,190332.74,0
3698,15603697,King,850,Spain,Female,44,6,112690.0,1,0,1,162074.26,1
3699,15603698,Jackson,697,Germany,Female,29,5,0.0,1,1,1,166479.54,0
3700,15603699,Harris,707,France,Female,38,9,0.0,1,0,0,177226.36,1
3701,15603700,Anderson,700,Spain,Male,22,7,79910.45,2,1,0,51576.63,0
3702,15603701,Allen,679,Spain,Male,43,5,0.0,2,1,0,173902.81,1
3703,15603702,Thomas,641,France,Male,37,4,238253.92,2,0,1,98071.21,0
3704,15603703,Moore,723,Germany,Male,39,8,0.0,2,1,0,130670.38,0
3705,15603704,Allen,660,Germany,Male,51,3,88807.63,2,0,0,192153.84,1
3706,15603705,Clark,473,Germany,Female,34,6,20924.48,2,1,1,179732.39,0
3707,15603706,Taylor,570,Spain,Male,36,5,0.0,1,1,0,49945.32,1
3708,15603707,Allen,762,France,Female,39,9,153599.39,1,1,1,146758.85,0
3709,15603708,Lewis,736,France,Male,21,5,63221.51,2,0,0,165881.62,0
3710,15603709,King,549,Germany,Male,36,10,0.0,3,0,1,88277.19,1
3711,15603710,Anderson,597,France,Female,18,4,22842.56,1,0,1,21399.57,0
3712,15603711,Lewis,590,Spain,Female,33,1,0.0,1,1,1,62839.99,0
3713,15603712,Wilson,791,Spain,Male,48,3,0.0,1,0,0,146839.6,0
3714,15603713,Moore,501,Spain,Female,43,0,5403.81,1,0,0,117440.73,0
3715,15603714,Young,590,Germany,Female,33,8,110068.98,1,0,0,154320.31,1
3716,15603715,Brown,658,France,Female,39,8,0.0,1,0,0,179309.4,0
3717,15603716,Johnson,510,France,Male,28,7,0.0,2,1,0,65204.96,0
3718,15603717,Clark,658,France,Male,39,3,72865.53,1,0,1,137593.65,0
3719,15603718,Moore,549,France,Female,68,4,71772.83,4,1,0,19392.52,1
3720,15603719,Anderson,569,France,Female,57,0,97419.03,1,1,1,132906.18,0
3721,15603720,Wright,600,France,Male,40,3,41122.8,1,0,1,7158.7,0
3722,15603721,Martin,632,Germany,Male,41,3,0.0,2,1,1,50408.65,0
3723,15603722,Wright,595,Germany,Female,29,4,20071.54,1,0,1,89637.3,0
3724,15603723,Young,659,France,Female,31,1,0.0,1,1,1,169039.05,0
3725,15603724,King,771,France,Male,43,1,0.0,1,1,0,29727.76,0
3726,15603725,King,734,Germany,Male,34,1,224179.58,2,1,1,155980.61,0
3727,15603726,Hall,797,France,Male,48,10,12329.9,2,1,1,112920.03,1
3728,15603727,Clark,643,France,Male,55,7,0.0,2,1,0,91426.06,0
3729,15603728,Johnson,643,France,Female,42,1,0.0,2,1,1,128449.9,0
3730,15603729,White,670,Spain,Female,40,5,0.0,1,1,1,68927.29,0
3731,15603730,Brown,501,France,Female,22,1,0.0,1,1,1,198916.09,0
3732,15603731,Jackson,750,Germany,Female,46,7,36824.82,1,0,0,22111.29,1
3733,15603732,Johnson,614,France,Male,28,0,0.0,2,1,1,27725.11,0
3734,15603733,Lewis,646,Spain,Male,35,1,199989.33,1,0,0,176806.54,0
3735,15603734,Brown,691,France,Male,49,4,98488.86,2,0,0,43833.16,0
3736,15603735,Wilson,575,France,Female,49,5,35.99,1,1,0,12227.82,0
3737,15603736,Hall,578,Spain,Male,34,8,53633.0,1,1,0,178207.21,0
3738,15603737,Harris,688,Germany,Male,35,5,218090.96,1,1,1,12492.9,0
3739,15603738,Harris,692,Germany,Female,32,7,134801.54,2,1,0,171951.29,1
3740,15603739,Anderson,850,Spain,Male,27,6,55623.73,1,0,1,106116.51,1
3741,15603740,Jackson,674,Germany,Female,33,0,16715.59,3,1,1,106872.63,0
3742,15603741,Jackson,702,Germany,Female,23,1,0.0,1,1,0,26184.23,1
3743,15603742,Lewis,850,Germany,Male,46,3,0.0,2,0,0,126076.35,0
3744,15603743,Smith,684,France,Male,43,0,0.0,2,0,1,74067.8,1
3745,15603744,Wilson,692,France,Female,45,7,0.0,2,1,1,72521.99,0
3746,15603745,Harris,367,France,Female,29,3,144390.6,1,0,0,139416.46,0
3747,15603746,Young,613,Spain,Male,27,6,110856.0,1,0,0,173558.98,0
3748,15603747,Hall,670,France,Male,40,6,0.0,1,0,1,146277.36,0
3749,15603748,Young,576,France,Male,40,7,96926.29,1,1,1,136383.35,0
3750,15603749,Smith,671,Germany,Female,38,8,94966.29,2,1,0,177225.05,0
3751,15603750,Jackson,720,Germany,Female,36,8,0.0,1,1,1,180050.22,1
3752,15603751,Martin,740,Germany,Female,56,6,0.0,2,0,0,147272.57,1
3753,15603752,Wilson,639,France,Female,43,8,0.0,1,1,1,164063.09,0
3754,15603753,Moore,499,Spain,Female,59,4,51138.85,2,1,1,48270.94,0
3755,15603754,Moore,658,France,Female,52,9,12232.36,2,0,1,136250.37,1
3756,15603755,Smith,609,France,Male,56,3,46308.84,2,1,0,97845.26,0
3757,15603756,Hall,576,France,Female,28,2,60796.58,1,0,0,169815.67,0
3758,15603757,Johnson,623,France,Male,45,5,10939.86,1,1,0,192195.95,0
3759,15603758,Moore,616,France,Female,35,9,0.0,1,0,1,53468.03,0
3760,15603759,Moore,629,Germany,Male,22,10,0.0,2,1,1,134276.06,0
3761,15603760,Young,606,France,Female,54,8,38884.89,1,1,1,170970.95,1
3762,15603761,Taylor,789,Spain,Male,36,3,58539.42,2,0,0,136328.63,0
3763,15603762,Walker,676,Spain,Female,28,1,40423.73,1,1,0,137625.15,1
3764,15603763,Smith,676,France,Male,35,10,0.0,2,1,1,163502.46,0
3765,15603764,Walker,690,France,Male,31,2,177599.62,1,0,0,140515.48,0
3766,15603765,Thomas,517,France,Male,32,2,18852.15,2,1,1,165409.06,0
3767,15603766,Clark,748,Spain,Female,37,1,0.0,2,1,1,198236.18,0
3768,15603767,Jackson,850,France,Male,56,8,14471.83,1,1,0,108809.3,0
3769,15603768,Young,557,France,Male,32,3,90072.23,2,0,1,133189.57,0
3770,15603769,White,585,France,Female,56,2,135035.53,1,1,0,123048.43,1
3771,15603770,White,597,Spain,Male,47,9,3012.36,2,1,1,56395.17,0
3772,15603771,Taylor,679,Germany,Male,43,5,0.0,1,1,0,166644.06,1
3773,15603772,Smith,637,France,Male,46,7,37533.53,2,1,0,77266.17,0
3774,15603773,Brown,600,Spain,Male,39,10,48082.18,3,0,1,190949.35,1
3775,15603774,Lewis,707,Spain,Male,52,7,123957.78,2,0,1,165403.18,0
3776,15603775,Brown,688,Germany,Male,45,9,0.0,2,1,1,31014.85,0
3777,15603776,Brown,769,Germany,Female,22,5,53863.8,1,1,0,11974.32,1
3778,15603777,Walker,664,Spain,Male,42,4,92715.56,2,1,0,28042.32,1
3779,15603778,Lewis,646,Spain,Male,47,10,0.0,1,1,1,155730.29,0
3780,15603779,King,608,Germany,Male,36,6,229115.15,2,1,0,145834.2,1
3781,15603780,Brown,673,France,Male,40,2,0.0,1,0,0,120458.89,1
3782,15603781,Wright,549,France,Female,33,9,0.0,2,1,0,36277.52,0
3783,15603782,Wilson,756,France,Female,25,1,46146.99,1,0,0,89959.25,0
3784,15603783,Moore,711,Germany,Female,23,7,142360.52,1,1,0,107045.88,0
3785,15603784,Wright,672,Germany,Female,24,10,84614.02,1,0,0,194101.65,0
3786,15603785,Martin,611,France,Female,46,8,0.0,1,0,0,43732.1,1
3787,15603786,Martin,809,Spain,Male,18,5,0.0,2,0,0,70301.89,1
3788,15603787,Lewis,597,France,Female,32,3,0.0,1,1,0,128540.32,1
3789,15603788,Wilson,568,France,Male,31,5,0.0,3,1,1,42109.27,0
3790,15603789,Thomas,620,Germany,Male,36,6,114686.62,1,0,0,35828.28,0
3791,15603790,Allen,730,France,Female,20,7,0.0,2,1,1,88457.33,0
3792,15603791,Martin,789,France,Female,43,2,0.0,2,1,0,104174.72,0
3793,15603792,Jackson,753,Spain,Male,26,5,0.0,1,0,1,137661.88,0
3794,15603793,White,523,Spain,Male,50,9,0.0,1,0,0,152059.27,0
3795,15603794,Wilson,644,France,Male,33,5,106596.88,2,1,0,173776.05,0
3796,15603795,Wright,603,Spain,Male,38,9,0.0,1,1,1,67789.01,0
3797,15603796,Brown,689,Spain,Male,39,6,196870.04,1,1,1,100826.03,0
3798,15603797,Young,622,France,Male,41,3,0.0,1,1,1,172671.15,0
3799,15603798,Lewis,725,France,Male,39,5,261239.08,2,1,0,92677.11,0
3800,15603799,Smith,606,Spain,Male,35,1,0.0,4,0,1,27653.11,0
3801,15603800,Brown,568,France,Male,42,7,0.0,1,1,0,87089.82,0
3802,15603801,Brown,777,Germany,Female,44,2,0.0,1,1,1,153975.01,0
3803,15603802,Harris,647,Germany,Male,31,8,0.0,1,0,1,93885.84,1
3804,15603803,Jackson,736,Germany,Male,43,7,0.0,3,1,0,49025.3,0
3805,15603804,Moore,538,France,Male,51,5,13967.6,1,1,0,188285.42,1
3806,15603805,Thomas,558,Germany,Female,46,9,0.0,2,0,1,60949.05,0
3807,15603806,Brown,527,France,Female,48,1,47857.15,2,0,1,103865.1,0
3808,15603807,Johnson,575,France,Female,41,7,0.0,2,0,0,70635.8,1
3809,15603808,Allen,584,France,Female,30,10,31257.01,2,1,1,83396.54,0
3810,15603809,Moore,576,France,Female,31,5,109045.78,1,0,0,128668.47,0
3811,15603810,Hall,646,Spain,Male,42,10,0.0,1,1,0,96247.33,0
3812,15603811,Walker,553,France,Female,48,0,138794.12,1,1,1,20438.32,0
3813,15603812,Martin,577,France,Female,67,5,44486.9,2,1,1,101730.07,1
3814,15603813,Hall,671,Spain,Female,49,4,91643.19,1,1,1,59625.68,0
3815,15603814,Lewis,840,France,Male,27,5,0.0,2,1,1,126201.58,0
3816,15603815,Thomas,696,Spain,Female,31,0,0.0,1,1,0,36341.58,0
3817,15603816,Taylor,687,France,Female,62,3,0.0,1,1,1,116400.78,1
3818,15603817,Brown,624,Germany,Male,37,6,175626.86,1,1,1,90009.82,0
3819,15603818,Smith,458,Germany,Male,39,4,0.0,1,0,0,161635.23,1
3820,15603819,Smith,631,France,Female,29,5,26664.56,1,1,0,67816.78,0
3821,15603820,King,551,France,Female,55,1,0.0,2,0,0,20021.16,0
3822,15603821,White,749,France,Female,44,7,101986.94,1,1,0,17059.02,0
3823,15603822,White,802,Germany,Male,31,9,117726.62,2,1,1,90086.41,0
3824,15603823,Walker,562,France,Female,29,3,39747.32,1,1,0,103572.82,0
3825,15603824,Johnson,648,France,Male,42,5,119374.35,1,0,0,75035.1,0
3826,15603825,Wright,518,France,Female,39,2,75155.16,1,1,0,157504.65,1
3827,15603826,Allen,730,France,Male,47,8,0.0,1,1,0,133059.92,0
3828,15603827,Martin,771,France,Female,44,7,0.0,2,0,0,113088.65,1
3829,15603828,Taylor,705,Germany,Female,36,5,37112.45,2,1,1,122232.53,0
3830,15603829,Lewis,681,France,Male,34,8,0.0,1,1,0,152682.24,0
3831,15603830,Thomas,646,France,Female,37,9,83282.96,2,1,0,121591.95,0
3832,15603831,Thomas,698,Germany,Female,33,8,122019.1,2,1,0,44557.42,1
3833,15603832,Harris,623,Germany,Male,38,1,0.0,1,1,0,81234.79,0
3834,15603833,Allen,614,France,Male,39,8,0.0,2,0,1,27240.52,1
3835,15603834,Harris,772,France,Female,30,7,0.0,2,1,1,174257.36,0
3836,15603835,Young,726,France,Male,45,1,77738.25,1,0,1,43728.91,1
3837,15603836,Clark,595,Germany,Male,35,8,70049.06,2,0,1,120055.08,0
3838,15603837,Thomas,825,France,Male,31,4,0.0,4,1,0,10723.22,0
3839,15603838,Thomas,582,Germany,Male,35,8,47751.86,1,1,1,63562.61,0
3840,15603839,Thomas,838,Spain,Male,41,2,108609.72,1,0,0,179001.2,0
3841,15603840,Wright,524,Spain,Female,40,3,10051.33,2,0,0,158841.26,0
3842,15603841,Brown,636,France,Male,43,0,3898.76,1,1,1,18616.24,0
3843,15603842,Clark,694,France,Female,48,10,131065.69,2,0,1,111617.29,0
3844,15603843,Wright,684,France,Female,52,4,0.0,1,1,0,76816.54,0
3845,15603844,Taylor,668,France,Female,42,6,180738.39,2,0,1,27032.14,1
3846,15603845,Martin,773,Spain,Female,28,6,0.0,2,1,0,163660.0,0
3847,15603846,Martin,693,Germany,Male,36,5,0.0,1,1,0,173982.22,0
3848,15603847,Martin,700,Spain,Male,29,5,0.0,3,1,0,100919.92,0
3849,15603848,Taylor,591,Spain,Male,56,7,0.0,1,1,0,37998.38,0
3850,15603849,Brown,730,France,Female,59,10,0.0,2,0,1,83909.0,0
3851,15603850,Wilson,607,France,Female,46,9,0.0,2,0,1,6512.56,0
3852,15603851,White,761,France,Male,48,8,115465.8,1,1,1,140528.34,0
3853,15603852,Johnson,790,Spain,Male,42,3,118430.24,2,1,1,180652.39,0
3854,15603853,Johnson,658,Germany,Female,43,3,0.0,1,1,1,3148.48,0
3855,15603854,Wright,701,Spain,Female,23,7,8353.28,1,1,0,130961.91,0
3856,15603855,Smith,678,France,Male,38,4,21667.87,2,1,1,17798.29,0
3857,15603856,Walker,643,France,Female,30,9,106223.06,1,0,1,46292.23,1
3858,15603857,Lewis,629,Spain,Male,42,8,123731.17,1,1,0,107066.41,1
3859,15603858,Martin,540,France,Male,38,5,0.0,1,0,0,63988.13,0
3860,15603859,White,586,Germany,Female,58,8,127366.32,2,1,0,1187.99,1
3861,15603860,Jackson,659,Germany,Female,48,3,48502.48,1,1,0,196549.99,1
3862,15603861,Martin,789,Spain,Female,42,0,0.0,1,1,0,34246.21,0
3863,15603862,Martin,683,France,Female,36,3,0.0,1,1,0,105472.6,0
3864,15603863,Martin,760,France,Male,56,8,0.0,2,1,1,103132.32,1
3865,15603864,Walker,481,France,Male,39,6,111577.99,2,1,0,189900.97,0
3866,15603865,Johnson,782,France,Male,42,5,0.0,2,1,1,154122.08,0
3867,15603866,Brown,714,France,Male,39,1,78565.05,2,1,1,111156.4,0
3868,15603867,Walker,751,Spain,Female,35,3,189176.29,2,0,1,147282.99,0
3869,15603868,Martin,462,Spain,Male,39,0,0.0,2,0,1,169309.39,0
3870,15603869,King,612,France,Male,19,2,21217.45,1,0,0,64691.74,0
3871,15603870,Harris,548,France,Male,24,1,106498.25,2,1,1,24243.81,0
3872,15603871,Jackson,719,France,Female,42,3,109337.54,2,1,1,162231.96,1
3873,15603872,Martin,699,France,Male,55,3,0.0,2,1,0,38280.4,1
3874,15603873,Lewis,741,Germany,Male,42,10,112382.64,1,0,0,68241.96,0
3875,15603874,Hall,613,France,Female,32,8,42677.47,1,1,1,176272.11,1
3876,15603875,Clark,730,France,Female,25,6,0.0,1,1,1,133024.92,0
3877,15603876,Anderson,650,France,Male,47,2,0.0,2,0,0,17397.43,0
3878,15603877,Wright,764,Germany,Female,33,6,190803.05,2,0,0,48672.34,0
3879,15603878,Brown,717,Spain,Male,45,7,0.0,1,1,0,31070.7,0
3880,15603879,Clark,580,France,Male,43,6,113049.34,2,1,0,6372.78,0
3881,15603880,Smith,678,Spain,Male,44,7,128559.49,1,1,0,43386.12,0
3882,15603881,Brown,516,Spain,Male,39,8,0.0,1,0,0,129522.6,0
3883,15603882,Jackson,766,Germany,Male,43,0,170212.05,2,1,1,2801.21,0
3884,15603883,Lewis,715,France,Female,38,9,118397.24,2,1,1,192483.77,0
3885,15603884,Taylor,718,Germany,Female,33,5,0.0,2,1,0,46726.04,0
3886,15603885,Moore,739,Germany,Male,29,3,105892.31,2,1,0,58372.35,0
3887,15603886,Wright,671,Germany,Male,18,0,0.0,2,1,0,6973.84,0
3888,15603887,Anderson,508,Spain,Female,37,1,8511.54,2,1,0,13935.0,1
3889,15603888,White,744,Spain,Female,54,9,22344.38,2,1,0,199746.33,1
3890,15603889,Jackson,579,France,Male,46,3,188716.45,2,1,1,66850.83,0
3891,15603890,Walker,570,Germany,Male,41,0,153473.72,1,1,0,135945.37,0
3892,15603891,Wilson,723,Spain,Male,32,5,0.0,2,1,0,150193.18,0
3893,15603892,Thomas,599,Spain,Female,49,0,0.0,2,0,0,98718.52,1
3894,15603893,Jackson,666,France,Male,38,8,75333.36,2,1,1,92537.39,0
3895,15603894,Young,720,Spain,Male,55,9,174369.05,1,1,0,67194.13,1
3896,15603895,Walker,718,Germany,Male,29,2,0.0,1,1,1,140385.68,0
3897,15603896,Smith,757,France,Male,32,10,94766.6,2,1,1,105093.33,0
3898,15603897,Jackson,597,Germany,Female,31,0,13757.28,1,1,1,85386.4,0
3899,15603898,Brown,621,Spain,Male,24,5,49637.82,2,1,0,30344.87,0
3900,15603899,Wilson,684,Germany,Female,30,5,0.0,1,1,1,133531.82,0
3901,15603900,Harris,525,France,Female,40,6,0.0,1,1,0,87394.2,0
3902,15603901,Hall,572,France,Male,32,6,243343.09,1,0,0,20869.08,0
3903,15603902,Taylor,564,Germany,Male,18,9,57045.69,1,1,1,68593.94,0
3904,15603903,White,446,France,Male,50,10,57617.0,2,1,1,9142.87,0
3905,15603904,Harris,598,Germany,Male,22,3,0.0,1,0,0,24659.36,0
3906,15603905,Moore,651,France,Female,45,4,82988.48,1,1,1,198713.34,1
3907,15603906,Lewis,666,Spain,Male,39,2,101985.81,1,0,1,158276.56,0
3908,15603907,Taylor,605,France,Female,60,5,0.0,2,1,0,197549.62,1
3909,15603908,Brown,567,Spain,Male,49,6,170039.07,1,1,1,188098.13,1
3910,15603909,Johnson,638,France,Female,34,8,35309.4,2,1,0,191547.74,0
3911,15603910,Wright,601,France,Male,32,8,0.0,1,1,1,95758.55,0
3912,15603911,Jackson,421,France,Female,54,4,0.0,1,0,1,135423.18,0
3913,15603912,Taylor,566,France,Male,24,3,75227.09,1,0,1,2481.89,0
3914,15603913,Hall,680,Germany,Male,41,6,133253.13,1,0,1,75976.62,0
3915,15603914,Lewis,649,Germany,Male,38,2,125632.47,1,0,1,135077.79,0
3916,15603915,King,669,France,Male,36,3,155375.79,1,1,0,30789.07,1
3917,15603916,Smith,710,Spain,Male,43,8,0.0,2,0,1,179026.69,0
3918,15603917,Brown,676,France,Male,41,4,157575.36,2,0,1,21443.11,0
3919,15603918,Smith,658,Spain,Male,44,9,106872.88,1,0,0,167583.89,1
3920,15603919,Thomas,611,Germany,Female,40,6,0.0,1,1,0,123051.69,1
3921,15603920,Wilson,584,Germany,Female,43,1,0.0,2,1,0,171955.2,1
3922,15603921,Lewis,656,France,Female,40,8,18731.47,2,1,1,44797.61,0
3923,15603922,Brown,551,Germany,Female,32,4,0.0,2,1,1,127471.79,0
3924,15603923,Walker,719,France,Female,39,4,0.0,1,0,1,44584.62,0
3925,15603924,White,558,Germany,Male,32,3,0.0,1,1,0,52294.24,1
3926,15603925,Walker,786,France,Female,31,7,0.0,1,1,1,22727.44,1
3927,15603926,Wilson,645,Spain,Female,36,10,49593.49,1,1,1,170855.58,0
3928,15603927,Young,761,Spain,Female,38,3,149288.62,1,1,1,160428.66,0
3929,15603928,Anderson,546,Spain,Male,39,1,0.0,1,1,0,56324.08,0
3930,15603929,Taylor,810,France,Male,48,4,0.0,3,1,1,35951.77,1
3931,15603930,Allen,545,Germany,Female,34,2,26936.84,1,0,0,159674.25,0
3932,15603931,Wright,645,France,Male,41,3,92677.82,2,0,0,92699.3,0
3933,15603932,Smith,524,Spain,Female,40,2,36613.11,2,0,1,65589.33,0
3934,15603933,Hall,652,France,Male,33,6,0.0,1,0,0,136290.02,0
3935,15603934,Smith,636,France,Male,40,5,97833.03,2,1,0,76995.19,0
3936,15603935,King,428,Spain,Female,49,1,71216.84,2,1,0,145612.38,1
3937,15603936,Hall,664,France,Male,41,10,0.0,1,1,0,41880.61,1
3938,15603937,Moore,700,France,Male,41,7,80344.02,1,0,0,113599.61,0
3939,15603938,Johnson,567,France,Female,32,4,109945.86,1,1,1,174976.11,0
3940,15603939,King,622,France,Male,59,5,0.0,1,1,1,162282.13,0
3941,15603940,Brown,628,Germany,Female,33,7,24799.91,1,0,1,188708.24,0
3942,15603941,Moore,810,Germany,Female,22,10,167515.29,1,0,1,4228.79,1
3943,15603942,Brown,669,France,Female,48,10,0.0,2,1,1,185699.86,1
3944,15603943,Jackson,597,France,Female,38,6,202260.92,1,1,1,48096.04,1
3945,15603944,Clark,544,France,Female,36,10,0.0,1,0,1,188886.0,0
3946,15603945,Lewis,484,France,Male,34,2,0.0,1,0,1,51052.19,0
3947,15603946,Smith,638,Spain,Female,58,1,70641.78,2,1,0,37449.68,1
3948,15603947,Lewis,661,Spain,Female,43,2,0.0,2,0,0,125549.57,0
3949,15603948,Johnson,533,France,Male,44,7,118200.74,4,1,1,145338.72,0
3950,15603949,Walker,513,France,Male,41,3,70974.98,1,1,1,192419.71,0
3951,15603950,Young,696,France,Male,42,7,0.0,1,1,1,60239.71,0
3952,15603951,Young,745,Germany,Male,53,3,112001.13,3,1,1,90416.93,0
3953,15603952,Johnson,622,Germany,Male,36,6,0.0,1,0,0,120952.9,1
3954,15603953,Smith,699,France,Male,24,5,26168.95,2,1,0,164763.32,0
3955,15603954,Lewis,640,France,Male,48,9,52864.51,2,1,1,156312.77,0
3956,15603955,Lewis,850,Germany,Male,44,0,98800.78,1,0,0,188760.9,0
3957,15603956,Anderson,642,Germany,Female,40,10,0.0,1,0,1,108401.37,0
3958,15603957,Thomas,783,France,Female,44,7,66893.76,1,1,0,164339.84,1
3959,15603958,Young,705,France,Male,35,5,90197.63,1,1,0,160682.58,0
3960,15603959,Moore,597,France,Female,39,1,0.0,1,1,1,41397.35,1
3961,15603960,Walker,707,Spain,Female,38,4,75372.35,1,0,1,68868.34,0
3962,15603961,White,644,France,Male,33,1,108711.9,1,1,0,39977.22,0
3963,15603962,White,551,France,Male,51,9,0.0,2,1,0,8448.44,0
3964,15603963,Johnson,659,Spain,Female,25,6,84972.58,1,0,0,170042.62,1
3965,15603964,White,608,France,Male,63,10,98134.97,1,0,1,180383.85,0
3966,15603965,Wright,645,Germany,Male,48,9,0.0,1,1,1,84194.65,0
3967,15603966,Allen,643,France,Male,21,5,34183.6,1,1,1,72985.29,0
3968,15603967,Wright,628,France,Male,37,6,146271.34,1,1,0,94148.54,0
3969,15603968,Martin,557,Spain,Male,37,5,0.0,1,1,1,125685.68,0
3970,15603969,Walker,768,France,Male,43,9,100465.13,3,0,1,197449.37,0
3971,15603970,Hall,643,Germany,Female,29,0,161912.87,1,0,1,174320.56,0
3972,15603971,Walker,671,Spain,Male,39,2,146516.55,2,0,1,32515.88,0
3973,15603972,Moore,631,France,Male,38,9,0.0,2,1,1,175428.81,1
3974,15603973,Thomas,611,Spain,Male,32,1,0.0,1,1,1,96965.25,1
3975,15603974,Brown,669,France,Male,30,0,0.0,2,0,1,161024.36,0
3976,15603975,Smith,786,Germany,Female,48,0,0.0,2,1,0,169021.35,1
3977,15603976,Hall,499,France,Male,22,3,0.0,1,1,0,75646.74,0
3978,15603977,Brown,544,Spain,Female,44,10,0.0,1,1,0,5631.45,1
3979,15603978,Anderson,618,France,Female,47,0,136415.33,1,1,1,72971.12,1
3980,15603979,Lewis,574,France,Female,37,1,71643.35,1,1,0,6006.8,1
3981,15603980,Allen,846,Germany,Female,40,0,142819.22,1,1,0,102809.02,0
3982,15603981,Smith,616,Germany,Male,51,5,0.0,2,1,1,189831.94,0
3983,15603982,Anderson,696,France,Female,32,10,137834.32,1,1,0,177022.35,0
3984,15603983,Smith,622,France,Female,33,3,0.0,4,1,0,76702.13,0
3985,15603984,King,404,Germany,Male,34,7,0.0,1,1,1,151313.12,0
3986,15603985,Clark,611,Germany,Female,51,10,95134.4,1,1,1,146193.35,0
3987,15603986,Harris,536,France,Female,52,4,0.0,1,0,1,115541.64,0
3988,15603987,Martin,682,France,Female,25,9,0.0,1,1,0,140912.32,0
3989,15603988,Harris,621,France,Female,49,4,48395.23,1,0,0,180671.97,1
3990,15603989,Clark,576,Germany,Female,47,10,0.0,1,0,1,56258.53,0
3991,15603990,Brown,639,France,Female,55,10,32736.38,2,1,1,35148.48,0
3992,15603991,Wright,608,France,Male,43,7,0.0,2,1,1,64347.51,0
3993,15603992,Hall,749,Germany,Female,39,10,0.0,2,1,0,122204.92,0
3994,15603993,Young,704,France,Female,50,9,40388.82,2,0,0,96513.1,1
3995,15603994,Anderson,818,France,Male,46,5,107297.59,3,0,1,134458.78,1
3996,15603995,Anderson,720,France,Female,61,5,0.0,2,1,1,89139.17,1
3997,15603996,Thomas,697,France,Male,49,2,73106.71,2,1,0,130241.23,0
3998,15603997,Lewis,708,France,Male,41,5,88294.27,1,1,1,17748.83,0
3999,15603998,Johnson,721,Spain,Female,27,9,69026.55,1,1,1,86811.22,0
4000,15603999,Smith,475,France,Male,33,6,0.0,2,1,0,129133.77,0
4001,15604000,Young,700,Spain,Female,25,1,268815.72,1,1,1,58263.62,0
4002,15604001,Anderson,495,Germany,Female,37,2,178386.26,1,0,0,64611.68,1
4003,15604002,King,465,Germany,Male,48,5,36332.47,2,0,1,4065.29,0
4004,15604003,King,542,France,Male,39,9,16104.17,2,0,1,157339.78,0
4005,15604004,Clark,675,France,Male,49,8,47206.87,1,0,1,97121.36,0
4006,15604005,Thomas,524,France,Male,42,8,108100.1,2,1,0,33321.56,0
4007,15604006,Smith,699,France,Female,35,7,78589.22,2,0,0,126063.09,1
4008,15604007,Brown,809,France,Male,40,7,79050.95,2,0,0,23900.99,1
4009,15604008,Allen,620,Spain,Male,44,8,82099.83,2,1,1,92997.02,1
4010,15604009,Brown,670,France,Male,40,10,0.0,1,1,0,26950.73,0
4011,15604010,Wilson,582,France,Male,41,10,92384.7,1,0,0,135328.75,0
4012,15604011,Walker,531,France,Male,31,8,134160.8,1,1,1,37835.41,0
4013,15604012,Thomas,631,Spain,Female,35,9,97659.2,1,0,0,190762.55,1
4014,15604013,Lewis,574,France,Male,62,10,0.0,2,1,0,120331.13,1
4015,15604014,Martin,605,Spain,Female,51,8,133408.93,2,1,1,4441.04,0
4016,15604015,King,579,France,Female,24,4,0.0,1,1,1,83965.41,0
4017,15604016,Hall,520,Germany,Male,18,5,66882.92,2,1,1,32101.27,0
4018,15604017,Smith,639,Germany,Female,40,4,95150.99,1,0,1,121044.6,0
4019,15604018,Lewis,463,France,Male,48,0,47055.09,2,1,0,153041.19,0
4020,15604019,Martin,699,France,Female,34,3,0.0,2,1,0,61697.39,1
4021,15604020,King,486,France,Male,49,10,35470.69,2,1,1,135112.61,0
4022,15604021,Brown,592,France,Female,40,0,39666.67,2,0,1,174248.7,0
4023,15604022,Anderson,763,Spain,Female,37,0,165439.63,1,1,0,181060.37,0
4024,15604023,Brown,719,Germany,Female,47,2,71413.07,1,1,1,24589.82,0
4025,15604024,Jackson,650,Spain,Male,34,6,25323.73,1,1,0,71019.38,0
4026,15604025,Taylor,850,Germany,Female,36,0,61027.24,2,1,0,54608.71,0
4027,15604026,Smith,659,France,Male,46,6,0.0,1,1,0,114120.75,0
4028,15604027,Lewis,753,France,Female,39,9,166089.94,1,0,0,163224.81,1
4029,15604028,Martin,589,Spain,Female,58,9,109584.24,3,1,1,128786.04,0
4030,15604029,Clark,370,France,Female,46,0,0.0,1,1,0,196603.81,0
4031,15604030,Brown,672,Spain,Female,45,8,0.0,2,1,0,7911.56,0
4032,15604031,Harris,693,France,Male,39,4,0.0,2,1,1,39817.81,0
4033,15604032,Clark,690,France,Male,48,5,58527.3,2,1,1,170273.82,0
4034,15604033,White,510,Germany,Female,36,8,0.0,3,1,1,78539.64,0
4035,15604034,Smith,850,France,Male,42,10,38059.27,1,0,0,155757.46,0
4036,15604035,Moore,543,Germany,Male,30,2,0.0,1,1,1,194334.7,0
4037,15604036,Jackson,660,Germany,Female,49,2,0.0,1,1,1,118050.64,0
4038,15604037,Brown,674,Germany,Female,42,4,70958.9,1,1,1,133198.42,1
4039,15604038,King,729,Spain,Male,59,6,0.0,1,0,1,76903.85,0
4040,15604039,Anderson,583,Spain,Female,63,2,150671.57,2,1,0,179843.0,0
4041,15604040,Wilson,701,Germany,Female,47,3,0.0,2,1,0,134067.59,1
4042,15604041,King,807,France,Female,40,1,118925.42,1,1,1,120797.25,0
4043,15604042,Johnson,606,France,Male,30,8,105388.02,2,1,0,5536.93,0
4044,15604043,Young,601,Spain,Female,48,9,9057.55,2,1,1,98928.35,0
4045,15604044,Brown,552,France,Female,41,8,0.0,2,1,0,199017.98,0
4046,15604045,Jackson,674,France,Female,44,10,102180.77,2,1,1,89850.97,0
4047,15604046,King,564,France,Female,56,1,0.0,2,0,1,191405.28,0
4048,15604047,Wilson,717,Spain,Female,31,4,0.0,2,0,0,196286.32,0
4049,15604048,White,603,Germany,Male,30,0,87603.77,1,1,0,129279.73,0
4050,15604049,Anderson,627,France,Female,37,7,60813.54,1,1,0,60026.91,1
4051,15604050,Thomas,553,Germany,Male,47,5,0.0,2,1,0,39102.73,0
4052,15604051,Harris,850,Spain,Female,45,9,0.0,2,1,1,109229.5,0
4053,15604052,Lewis,660,Germany,Male,30,9,15336.64,4,1,1,21001.57,0
4054,15604053,Johnson,538,Spain,Male,47,1,107062.27,2,1,1,101212.03,1
4055,15604054,Walker,677,Germany,Female,27,1,45191.43,1,1,1,131547.49,1
4056,15604055,King,486,France,Male,31,9,147241.24,2,1,1,87803.76,0
4057,15604056,King,586,Germany,Male,38,4,31096.59,2,0,0,30098.6,0
4058,15604057,Anderson,691,France,Male,33,6,0.0,2,0,0,161105.91,1
4059,15604058,Harris,700,Germany,Female,48,8,219423.71,1,1,1,108229.79,1
4060,15604059,Anderson,737,Germany,Male,42,8,128570.75,3,0,1,54082.98,1
4061,15604060,Wilson,776,France,Male,57,10,0.0,1,1,0,3148.92,0
4062,15604061,Taylor,633,France,Male,37,5,30002.22,1,1,0,108843.11,0
4063,15604062,Brown,737,Germany,Male,38,1,61106.0,2,0,0,153447.28,0
4064,15604063,Wright,728,France,Male,51,5,0.0,2,1,1,72791.81,0
4065,15604064,Anderson,732,Germany,Male,38,0,61835.82,1,1,1,132206.87,0
4066,15604065,Brown,506,France,Male,54,10,86328.73,1,0,1,159137.88,0
4067,15604066,Hall,675,France,Male,44,10,85717.79,2,0,0,93948.64,0
4068,15604067,Brown,622,Germany,Female,18,1,0.0,1,1,1,54038.87,0
4069,15604068,Taylor,776,Spain,Male,51,2,60209.1,2,1,0,82766.23,1
4070,15604069,Young,660,Germany,Female,48,4,161968.84,2,1,1,152245.64,0
4071,15604070,Anderson,611,France,Male,49,9,0.0,2,0,1,43689.67,0
4072,15604071,Anderson,620,Spain,Female,20,0,0.0,2,1,0,51045.28,0
4073,15604072,Smith,614,Spain,Female,32,9,0.0,1,1,0,71952.15,1
4074,15604073,Walker,665,Spain,Male,33,4,19023.34,2,1,0,125508.31,0
4075,15604074,Moore,681,Spain,Female,31,4,46446.83,2,0,0,48163.16,1
4076,15604075,Lewis,630,Spain,Male,56,3,82723.72,1,0,0,99006.61,1
4077,15604076,Martin,619,France,Male,39,2,0.0,2,1,1,127010.42,0
4078,15604077,King,557,France,Female,39,6,129111.11,2,0,1,104353.78,1
4079,15604078,Clark,790,Germany,Female,45,10,0.0,1,1,1,1355.93,1
4080,15604079,Smith,623,France,Male,45,6,0.0,1,0,0,100047.3,1
4081,15604080,Young,673,Spain,Female,18,0,23007.89,1,0,1,71152.12,0
4082,15604081,Allen,690,France,Male,33,6,8309.61,1,1,0,9177.84,0
4083,15604082,Hall,677,Spain,Male,25,2,186470.49,3,0,1,183036.3,0
4084,15604083,White,605,Spain,Female,43,2,110578.88,1,1,1,129888.29,0
4085,15604084,Walker,708,France,Female,36,5,0.0,1,0,0,182675.15,1
4086,15604085,Moore,789,France,Male,39,5,4471.46,2,1,0,61104.5,0
4087,15604086,Thomas,715,France,Male,18,10,75538.83,1,1,1,184823.8,0
4088,15604087,Taylor,692,Spain,Female,36,3,110603.28,2,0,0,88295.24,1
4089,15604088,Walker,713,Germany,Female,50,4,0.0,2,1,0,64673.71,0
4090,15604089,Wright,656,France,Male,53,2,45327.97,1,1,1,168325.22,0
4091,15604090,Martin,623,Spain,Male,46,2,0.0,2,1,1,8762.9,0
4092,15604091,Anderson,836,France,Female,26,8,0.0,2,1,1,146330.97,0
4093,15604092,Wilson,799,France,Female,52,4,167988.65,1,1,1,172887.58,0
4094,15604093,Wilson,603,Germany,Male,46,0,117384.09,2,1,1,174267.26,1
4095,15604094,White,760,France,Male,38,8,0.0,1,1,0,6362.46,0
4096,15604095,Jackson,695,France,Male,19,9,73006.43,1,0,1,176326.85,0
4097,15604096,Allen,663,France,Male,49,5,0.0,1,0,0,143057.37,0
4098,15604097,Wright,796,France,Male,33,8,0.0,1,1,1,169097.78,1
4099,15604098,Brown,661,France,Male,42,10,72381.4,2,1,1,133481.33,1
4100,15604099,Smith,675,France,Male,40,6,68891.66,2,1,1,149807.68,0
4101,15604100,Thomas,697,Spain,Male,54,10,0.0,1,1,0,123507.82,0
4102,15604101,Jackson,530,France,Male,38,9,0.0,1,1,1,94155.06,0
4103,15604102,Taylor,677,Spain,Female,39,9,0.0,2,1,0,185729.84,0
4104,15604103,Brown,516,France,Female,55,6,119775.75,2,1,1,22104.68,0
4105,15604104,King,707,France,Male,32,4,0.0,1,1,0,12760.11,0
4106,15604105,Hall,703,Spain,Female,47,6,112696.63,2,0,1,133088.69,0
4107,15604106,Allen,764,Germany,Male,37,9,180186.73,2,0,0,134722.52,0
4108,15604107,Young,711,France,Female,29,3,0.0,2,0,0,168381.87,0
4109,15604108,Wilson,850,Germany,Male,39,10,0.0,1,1,0,129711.5,0
4110,15604109,Clark,513,Spain,Female,46,10,152996.71,2,1,0,17527.34,0
4111,15604110,Young,648,Spain,Male,53,5,104049.8,1,1,0,175875.7,1
4112,15604111,Wright,752,Spain,Male,54,1,108776.22,2,1,0,19835.06,1
4113,15604112,Lewis,761,France,Female,36,9,22137.5,2,0,0,89892.49,0
4114,15604113,Smith,594,France,Male,29,2,0.0,2,0,1,125874.9,0
4115,15604114,Anderson,765,Spain,Female,36,1,0.0,1,1,0,126478.07,0
4116,15604115,Anderson,508,France,Female,27,9,59874.93,2,0,0,89626.86,0
4117,15604116,King,572,Germany,Female,37,1,74857.52,2,1,0,66107.67,0
4118,15604117,King,690,France,Female,36,6,43470.0,1,1,1,60235.05,0
4119,15604118,Jackson,677,France,Male,46,4,0.0,1,1,0,194694.06,0
4120,15604119,Smith,772,Spain,Female,18,5,34233.61,1,1,1,68018.03,0
4121,15604120,Harris,737,France,Male,32,2,168915.16,1,0,0,116257.86,0
4122,15604121,Jackson,608,Spain,Female,32,9,63943.92,1,1,1,115755.38,0
4123,15604122,Smith,772,Spain,Male,51,4,0.0,1,0,1,114174.18,0
4124,15604123,Hall,703,Germany,Female,28,4,105416.35,2,1,0,124247.16,1
4125,15604124,Wright,730,Germany,Male,41,10,156491.18,1,1,0,52497.01,1
4126,15604125,Lewis,728,Spain,Male,38,3,0.0,1,1,0,67723.68,0
4127,15604126,Lewis,626,Spain,Male,49,9,133070.08,2,0,1,14103.48,0
4128,15604127,Lewis,746,Germany,Female,45,3,120744.34,1,1,0,114206.65,0
4129,15604128,Moore,683,France,Male,40,7,172140.38,4,0,1,47786.42,1
4130,15604129,Harris,738,France,Female,33,5,0.0,2,1,0,34295.76,0
4131,15604130,Wright,794,France,Female,20,10,27885.7,1,1,0,166678.41,0
4132,15604131,Martin,641,France,Female,41,1,64605.52,2,1,0,116382.39,0
4133,15604132,Wilson,751,Spain,Female,44,1,0.0,1,1,0,111664.27,1
4134,15604133,Young,617,Spain,Male,23,1,56732.42,2,1,0,31209.32,0
4135,15604134,Martin,605,Spain,Male,27,5,0.0,1,1,1,88964.55,0
4136,15604135,White,649,France,Female,42,0,122704.12,1,1,1,111041.2,0
4137,15604136,Harris,649,Spain,Female,42,2,0.0,1,1,1,87607.41,1
4138,15604137,Harris,695,France,Female,29,0,0.0,1,1,1,106777.58,0
4139,15604138,Taylor,541,Spain,Male,33,3,95824.51,2,1,1,2986.79,0
4140,15604139,Moore,705,Spain,Male,21,0,125787.55,1,1,0,39916.81,0
4141,15604140,Harris,636,France,Female,53,8,0.0,3,0,0,43378.04,0
4142,15604141,Walker,467,France,Male,26,10,99192.34,1,0,0,75632.04,1
4143,15604142,Brown,689,France,Male,44,10,115954.78,2,1,0,188151.08,0
4144,15604143,Moore,787,Germany,Male,39,5,0.0,1,0,0,108244.69,0
4145,15604144,White,753,Germany,Male,52,7,0.0,2,0,1,51279.4,0
4146,15604145,Brown,650,Spain,Male,31,1,0.0,1,1,1,143339.68,0
4147,15604146,White,608,France,Male,40,5,105066.98,2,1,0,43771.32,1
4148,15604147,Wilson,734,France,Female,22,3,47121.1,2,1,1,31531.69,0
4149,15604148,White,609,Spain,Female,20,6,88866.27,1,1,0,59588.75,0
4150,15604149,White,646,Germany,Female,45,7,76411.19,2,1,0,58562.4,0
4151,15604150,Wilson,850,France,Male,21,5,199943.4,1,1,0,84273.15,0
4152,15604151,Moore,794,France,Male,37,0,0.0,1,1,1,142867.26,0
4153,15604152,Martin,633,Spain,Female,49,7,46861.68,1,0,0,115791.41,1
4154,15604153,Anderson,716,France,Female,46,10,0.0,1,0,1,98508.22,0
4155,15604154,King,805,France,Male,32,0,0.0,2,1,0,189697.89,0
4156,15604155,Young,695,France,Male,23,8,0.0,1,0,0,6462.13,0
4157,15604156,Hall,544,Spain,Male,44,1,0.0,1,0,1,80807.88,0
4158,15604157,Allen,683,Germany,Male,52,10,20613.5,2,1,1,136978.19,1
4159,15604158,Harris,628,Germany,Male,32,9,0.0,1,1,0,64091.04,0
4160,15604159,Smith,630,Spain,Female,31,5,82094.59,4,1,0,95092.06,0
4161,15604160,Harris,585,Spain,Female,34,7,106100.24,2,1,0,6028.1,1
4162,15604161,Moore,543,France,Female,45,4,0.0,2,1,1,40655.72,0
4163,15604162,Clark,595,Spain,Male,51,1,132473.18,1,1,1,16323.27,0
4164,15604163,Allen,724,France,Female,27,4,99179.48,1,1,1,194124.98,0
4165,15604164,Jackson,746,Spain,Male,24,0,188265.27,3,0,0,148877.65,0
4166,15604165,Hall,850,France,Male,62,7,0.0,1,1,0,130672.74,0
4167,15604166,Wright,604,France,Female,37,7,0.0,1,1,1,434.33,1
4168,15604167,Brown,575,France,Male,42,1,113457.0,1,0,1,93305.67,0
4169,15604168,Brown,737,France,Female,32,5,59086.8,2,1,1,141618.25,0
4170,15604169,Smith,507,France,Female,44,10,0.0,2,1,0,121660.09,0
4171,15604170,Johnson,458,France,Male,49,7,0.0,1,0,1,102887.21,0
4172,15604171,Smith,733,Germany,Female,42,9,122302.44,1,1,0,165869.68,0
4173,15604172,Clark,561,France,Male,56,7,0.0,2,1,1,67049.93,0
4174,15604173,Thomas,584,Spain,Male,36,6,123794.09,1,1,0,167780.12,0
4175,15604174,Johnson,713,Germany,Male,36,2,0.0,1,1,0,77661.96,1
4176,15604175,Johnson,658,Germany,Male,41,10,61778.22,1,1,0,116128.8,1
4177,15604176,Brown,625,Spain,Female,44,3,64656.95,1,1,0,103972.49,0
4178,15604177,Smith,525,Germany,Male,41,0,91865.09,2,1,1,82108.95,0
4179,15604178,Clark,598,France,Female,26,8,86574.53,1,1,1,53294.94,0
4180,15604179,Allen,603,France,Female,42,9,15166.18,2,1,0,89665.04,1
4181,15604180,Brown,611,France,Female,35,9,138961.7,1,0,0,24271.61,0
4182,15604181,Clark,710,Spain,Female,33,1,0.0,2,1,1,68834.37,0
4183,15604182,Walker,682,Spain,Male,39,9,0.0,1,1,1,115955.19,0
4184,15604183,King,630,France,Female,29,6,0.0,2,1,0,12351.71,0
4185,15604184,Anderson,663,France,Male,28,7,50262.72,2,1,0,148713.78,1
4186,15604185,Brown,824,Spain,Female,18,3,89032.11,2,0,0,113492.14,0
4187,15604186,Smith,686,France,Male,56,10,76478.99,1,1,0,193001.34,1
4188,15604187,Brown,792,Spain,Male,45,10,32855.91,2,1,0,18189.96,0
4189,15604188,Brown,596,Spain,Female,38,9,152499.03,2,1,1,45349.73,0
4190,15604189,Young,631,Spain,Male,32,0,0.0,1,0,1,107629.17,0
4191,15604190,Anderson,619,Germany,Female,18,4,0.0,2,0,1,97008.07,0
4192,15604191,Young,688,Germany,Female,32,9,0.0,2,0,0,99683.89,1
4193,15604192,Walker,697,France,Male,46,9,0.0,1,1,1,68370.79,1
4194,15604193,Walker,704,Spain,Male,48,5,0.0,2,1,1,173220.02,0
4195,15604194,Martin,423,Spain,Female,45,6,0.0,1,1,1,10275.6,1
4196,15604195,Moore,564,France,Female,41,0,108309.23,2,0,0,174464.07,0
4197,15604196,Wilson,675,France,Female,52,3,0.0,2,1,0,155255.89,1
4198,15604197,Allen,831,France,Male,36,4,15898.41,2,1,1,157696.28,0
4199,15604198,Wilson,601,France,Male,50,4,91385.65,2,1,1,182060.38,0
4200,15604199,Taylor,850,Spain,Male,35,6,0.0,1,1,0,113338.53,0
4201,15604200,Hall,521,Germany,Male,30,3,0.0,1,1,1,173169.01,0
4202,15604201,Clark,674,France,Male,29,9,39705.43,2,1,1,81028.63,0
4203,15604202,Smith,634,France,Male,28,6,224603.11,2,1,0,136858.06,0
4204,15604203,Thomas,602,Germany,Male,46,7,103037.14,2,0,1,60968.46,0
4205,15604204,Lewis,737,France,Male,32,1,37215.55,2,0,0,161280.31,0
4206,15604205,Clark,643,France,Male,29,0,177027.97,1,0,1,6948.58,0
4207,15604206,Wilson,504,Spain,Male,46,9,0.0,2,1,1,169063.39,0
4208,15604207,Allen,460,Spain,Male,42,9,3669.08,1,1,0,23515.17,1
4209,15604208,Lewis,547,France,Male,49,0,45409.46,1,1,0,31191.23,0
4210,15604209,Moore,711,France,Female,44,0,136407.29,2,1,0,151322.27,1
4211,15604210,Young,630,France,Female,31,8,34947.49,2,1,1,47364.04,0
4212,15604211,Lewis,750,Spain,Male,40,3,0.0,2,1,0,98270.29,1
4213,15604212,Allen,636,Spain,Female,40,8,18943.86,2,0,1,99728.82,0
4214,15604213,Lewis,677,France,Male,30,6,0.0,2,0,1,75055.52,0
4215,15604214,Lewis,796,Spain,Female,28,6,105511.86,1,0,1,186507.26,0
4216,15604215,Walker,632,Germany,Female,32,1,0.0,1,0,0,112778.69,1
4217,15604216,Wright,840,France,Female,59,1,0.0,2,1,0,143410.37,0
4218,15604217,Brown,716,France,Female,35,4,0.0,1,0,1,178059.19,0
4219,15604218,Jackson,559,Spain,Female,51,9,64297.33,2,1,0,122950.61,0
4220,15604219,Hall,533,France,Male,34,0,71638.75,1,1,0,138973.07,0
4221,15604220,Lewis,510,France,Male,48,6,0.0,1,0,1,88481.18,0
4222,15604221,Hall,654,Spain,Male,48,10,127494.86,1,0,1,199089.54,0
4223,15604222,Wright,492,Germany,Female,49,6,0.0,2,0,0,155183.57,1
4224,15604223,Thomas,822,Germany,Male,43,10,0.0,2,0,1,193021.73,0
4225,15604224,Thomas,850,Spain,Male,53,7,75882.89,4,1,0,25458.46,1
4226,15604225,Young,495,Spain,Male,43,6,0.0,2,1,1,4590.42,0
4227,15604226,Allen,674,France,Male,56,7,72242.37,2,1,1,104702.21,0
4228,15604227,Smith,460,Spain,Female,23,2,81272.19,1,1,1,146304.95,0
4229,15604228,King,719,France,Female,42,2,0.0,1,1,0,166594.41,1
4230,15604229,Johnson,742,France,Female,42,7,0.0,1,1,1,169764.26,0
4231,15604230,Anderson,650,Spain,Female,30,8,13860.74,2,1,1,57400.94,0
4232,15604231,Harris,679,Spain,Male,45,9,165165.77,2,1,0,151829.12,1
4233,15604232,Wright,586,France,Female,24,3,25785.43,2,1,0,31482.24,1
4234,15604233,Jackson,654,Germany,Male,32,7,527.95,2,1,0,103863.61,0
4235,15604234,White,719,France,Male,19,0,102831.42,2,1,1,47086.25,0
4236,15604235,Hall,632,France,Male,55,1,0.0,1,1,0,46343.98,1
4237,15604236,Anderson,769,France,Male,37,9,0.0,1,0,0,59947.46,0
4238,15604237,Walker,583,Germany,Female,61,9,6993.42,2,0,1,61488.65,1
4239,15604238,King,619,Spain,Male,47,9,103388.46,1,0,1,66970.72,0
4240,15604239,Young,450,France,Female,43,8,64082.41,1,0,0,182674.57,0
4241,15604240,Martin,850,Spain,Male,33,1,0.0,1,1,0,137374.89,1
4242,15604241,Walker,457,France,Male,29,1,65245.08,2,1,1,890.77,0
4243,15604242,Thomas,758,Germany,Male,44,7,103125.44,2,0,0,80291.53,0
4244,15604243,King,691,France,Female,38,4,0.0,2,1,1,33016.38,0
4245,15604244,Wright,649,France,Male,26,4,53058.38,1,1,0,144244.94,1
4246,15604245,King,564,Germany,Female,24,10,0.0,2,1,1,196506.22,0
4247,15604246,Wright,605,France,Female,29,5,101742.61,2,0,1,99764.05,0
4248,15604247,Hall,612,France,Male,57,7,46630.31,1,0,1,196198.64,0
4249,15604248,Thomas,599,Spain,Female,61,7,81020.63,1,1,1,55186.59,0
4250,15604249,Martin,444,Germany,Male,41,8,56167.06,1,1,1,116211.6,0
4251,15604250,Moore,707,France,Female,40,9,140223.75,1,1,0,109035.17,0
4252,15604251,Walker,713,France,Male,36,10,0.0,1,1,1,159188.73,0
4253,15604252,Taylor,616,France,Male,30,2,0.0,1,1,1,52288.28,0
4254,15604253,Clark,646,Spain,Male,53,8,0.0,2,0,0,51840.84,1
4255,15604254,Lewis,706,France,Male,58,10,30488.52,1,1,1,70969.19,0
4256,15604255,White,516,Spain,Male,30,2,19788.79,2,1,0,116824.75,0
4257,15604256,Jackson,493,Germany,Female,38,0,147592.97,1,1,0,27088.4,0
4258,15604257,Martin,651,France,Male,35,10,62881.07,1,1,1,190983.75,0
4259,15604258,Wilson,618,France,Female,35,4,165066.41,1,0,0,92130.06,1
4260,15604259,Moore,609,France,Female,51,6,13012.02,1,1,1,100674.83,1
4261,15604260,Allen,709,France,Female,26,2,70577.1,1,1,1,82154.21,0
4262,15604261,Wilson,612,Germany,Male,44,8,0.0,2,1,0,77461.91,0
4263,15604262,Thomas,693,France,Male,46,0,49678.53,2,0,1,91278.7,0
4264,15604263,Wright,822,France,Male,38,5,0.0,1,1,0,48485.94,0
4265,15604264,Allen,850,Spain,Male,48,5,29378.12,2,0,0,29585.21,0
4266,15604265,Martin,734,France,Female,40,7,65089.69,1,1,0,87271.06,0
4267,15604266,Allen,419,Spain,Male,51,2,0.0,2,1,0,135296.19,0
4268,15604267,Smith,711,France,Female,24,4,0.0,1,1,1,71293.78,0
4269,15604268,Lewis,801,Germany,Male,36,10,195156.72,2,0,0,21607.56,1
4270,15604269,Wilson,676,Germany,Female,38,9,0.0,1,1,0,104797.0,1
4271,15604270,Allen,585,Spain,Male,18,10,0.0,2,1,1,104818.96,0
4272,15604271,Jackson,610,Germany,Female,28,4,46496.72,2,1,1,33791.83,0
4273,15604272,Brown,769,France,Female,31,7,0.0,1,1,1,68625.39,0
4274,15604273,Anderson,598,France,Female,48,6,0.0,2,1,1,157863.98,0
4275,15604274,Martin,558,Spain,Female,32,2,0.0,1,1,1,6442.61,0
4276,15604275,White,587,Spain,Female,31,6,105525.24,2,1,1,19020.25,0
4277,15604276,Taylor,656,France,Female,47,9,74972.41,1,1,0,140137.47,0
4278,15604277,Lewis,628,France,Male,23,7,0.0,1,1,0,114500.08,0
4279,15604278,Harris,494,France,Male,18,4,0.0,1,0,0,115767.66,0
4280,15604279,Taylor,608,France,Male,35,10,0.0,1,1,1,91543.07,0
4281,15604280,Young,834,France,Male,25,4,0.0,2,1,1,17189.7,0
4282,15604281,King,668,Spain,Male,25,10,11530.7,2,1,0,10591.25,1
4283,15604282,Young,709,France,Male,45,0,0.0,4,1,1,64839.51,0
4284,15604283,Young,512,France,Male,48,7,173847.36,2,0,0,11341.47,0
4285,15604284,Thomas,715,Spain,Female,47,5,0.0,1,1,1,113058.9,1
4286,15604285,Wilson,796,Spain,Male,50,5,13105.31,2,0,0,135808.55,0
4287,15604286,Jackson,681,Germany,Female,51,4,29087.65,2,0,0,123658.71,1
4288,15604287,Walker,533,Spain,Male,18,4,0.0,2,1,1,145869.78,0
4289,15604288,Martin,712,France,Male,44,2,46723.94,2,1,1,190414.79,0
4290,15604289,Martin,729,Germany,Female,34,2,0.0,2,1,1,193488.74,0
4291,15604290,Lewis,582,Spain,Male,32,1,0.0,2,0,1,57104.14,0
4292,15604291,Johnson,754,France,Female,45,8,0.0,2,1,1,58331.36,1
4293,15604292,Wright,694,Spain,Female,22,7,0.0,1,0,0,148677.56,0
4294,15604293,Thomas,457,Germany,Female,21,10,0.0,1,1,1,198000.89,1
4295,15604294,Brown,593,France,Male,45,2,0.0,1,0,1,82579.49,0
4296,15604295,Lewis,617,France,Male,44,4,0.0,2,1,0,37069.41,0
4297,15604296,Walker,644,France,Male,40,9,107415.02,1,1,0,145757.6,1
4298,15604297,Martin,650,France,Female,30,4,0.0,2,1,1,77065.1,0
4299,15604298,Hall,727,France,Male,46,7,51968.86,1,1,0,16013.73,0
4300,15604299,Walker,730,Spain,Male,46,5,67998.95,1,0,1,149732.14,0
4301,15604300,Harris,807,France,Female,40,6,149320.03,1,1,0,81632.72,0
4302,15604301,Young,683,Germany,Male,27,4,0.0,1,1,1,118273.14,0
4303,15604302,Jackson,793,Germany,Female,35,0,115876.35,1,1,0,138384.47,0
4304,15604303,Martin,740,Spain,Female,47,7,154943.8,2,0,1,164174.59,1
4305,15604304,Harris,769,Germany,Male,52,3,15401.75,2,1,1,124290.23,0
4306,15604305,Walker,805,France,Male,36,4,124430.89,1,1,1,187182.72,0
4307,15604306,Johnson,617,France,Female,37,0,0.0,2,0,1,96963.71,0
4308,15604307,Wright,642,Spain,Female,37,2,33087.11,1,0,1,106064.61,0
4309,15604308,Brown,446,Germany,Female,42,1,0.0,2,1,0,60826.76,1
4310,15604309,Moore,757,Germany,Female,33,1,90202.14,2,1,0,26388.83,0
4311,15604310,Clark,749,France,Female,18,0,29693.51,2,0,1,125708.32,0
4312,15604311,Johnson,664,Germany,Female,51,5,132755.75,1,1,1,58525.85,1
4313,15604312,Taylor,727,France,Male,57,7,49000.89,1,1,0,142836.42,0
4314,15604313,King,754,Germany,Female,33,2,0.0,1,0,1,124136.36,1
4315,15604314,White,652,Germany,Male,28,0,0.0,1,1,0,56271.34,1
4316,15604315,Johnson,692,France,Male,38,9,0.0,1,1,1,111483.92,0
4317,15604316,Hall,649,Spain,Female,37,1,59732.99,3,1,1,197668.96,0
4318,15604317,Johnson,640,France,Female,49,2,98832.85,2,1,1,176467.79,0
4319,15604318,Taylor,584,France,Male,40,5,0.0,1,1,0,83366.69,0
4320,15604319,Wilson,514,Spain,Female,31,2,0.0,1,1,1,137483.78,0
4321,15604320,Wright,525,Spain,Female,26,8,13677.79,3,1,1,36669.12,0
4322,15604321,Clark,643,Germany,Female,48,0,0.0,1,0,0,2040.2,1
4323,15604322,Lewis,541,Spain,Male,45,6,0.0,2,1,1,167906.82,0
4324,15604323,Johnson,558,France,Male,50,9,129207.03,1,1,1,82837.0,0
4325,15604324,Moore,571,Germany,Male,29,7,0.0,1,1,1,36310.27,0
4326,15604325,Hall,623,Germany,Male,57,8,0.0,1,1,0,63066.83,0
4327,15604326,Anderson,760,France,Female,22,7,89132.32,2,0,1,184524.0,0
4328,15604327,White,443,Germany,Female,46,4,58458.73,2,1,1,178477.85,0
4329,15604328,Clark,655,France,Female,20,0,37224.6,1,0,0,130189.35,0
4330,15604329,Johnson,560,Germany,Female,31,0,82262.83,1,0,1,18421.08,0
4331,15604330,Taylor,646,France,Female,55,7,104597.02,1,1,1,143600.35,0
4332,15604331,Anderson,590,France,Female,47,6,0.0,2,1,1,178026.9,0
4333,15604332,Wilson,632,France,Female,34,4,13032.58,2,1,1,183795.62,1
4334,15604333,Lewis,500,Spain,Female,34,9,13871.29,1,0,0,77282.99,0
4335,15604334,Moore,690,France,Female,40,2,61057.05,1,1,0,33885.63,1
4336,15604335,Martin,656,France,Male,44,8,0.0,1,1,0,192182.25,0
4337,15604336,Martin,665,Spain,Male,52,3,0.0,1,1,0,162088.82,1
4338,15604337,Smith,744,Germany,Male,34,5,0.0,2,1,1,86545.76,0
4339,15604338,Hall,513,France,Female,23,10,0.0,2,1,0,126418.45,0
4340,15604339,Brown,544,France,Male,41,3,128426.47,1,1,0,79511.77,0
4341,15604340,Lewis,811,France,Female,34,8,13916.44,2,1,0,91454.76,0
4342,15604341,King,703,France,Female,26,3,74680.22,2,1,1,65566.05,0
4343,15604342,Moore,463,Germany,Female,42,7,135569.91,2,0,1,11135.41,0
4344,15604343,Harris,633,Germany,Male,37,10,0.0,2,0,0,199421.88,0
4345,15604344,Wright,753,Spain,Male,42,2,0.0,2,1,1,47916.79,0
4346,15604345,Smith,850,France,Female,30,7,63421.23,1,1,0,58025.58,0
4347,15604346,Wilson,801,Germany,Female,44,10,83503.12,4,1,0,64996.46,1
4348,15604347,Hall,606,Spain,Female,26,2,0.0,2,1,1,48864.08,0
4349,15604348,Clark,638,Germany,Female,31,10,43034.25,2,1,1,65167.77,0
4350,15604349,Anderson,474,Spain,Female,37,4,127672.62,1,1,0,113334.13,1
4351,15604350,Moore,660,Germany,Female,56,0,0.0,2,0,1,15836.16,1
4352,15604351,Johnson,670,Spain,Male,47,5,34629.18,2,1,1,14317.48,0
4353,15604352,Brown,738,France,Female,50,10,128090.36,1,1,0,92415.24,1
4354,15604353,King,436,Germany,Female,53,1,0.0,2,1,0,139327.48,1
4355,15604354,Smith,560,Spain,Female,75,2,84860.6,2,1,0,43477.87,0
4356,15604355,Moore,628,Spain,Female,39,10,144361.51,2,1,1,104039.15,0
4357,15604356,King,735,France,Male,53,0,28576.46,2,1,1,88099.67,0
4358,15604357,Harris,611,Spain,Female,49,10,101610.42,1,1,1,90453.64,1
4359,15604358,Wright,850,Spain,Male,49,5,83688.87,2,1,0,140321.76,0
4360,15604359,Martin,545,France,Male,57,4,116633.58,1,0,1,119429.81,0
4361,15604360,Allen,602,France,Male,35,9,76863.98,1,1,0,93924.66,0
4362,15604361,Brown,544,Spain,Male,34,1,147140.16,1,0,0,54078.78,0
4363,15604362,King,630,Germany,Male,42,10,0.0,1,1,0,117056.32,0
4364,15604363,Brown,696,Spain,Male,37,7,0.0,2,1,1,27485.66,0
4365,15604364,Taylor,668,France,Female,42,8,126206.49,1,0,0,83189.45,0
4366,15604365,Taylor,566,Spain,Male,55,2,160113.92,2,0,1,26957.49,0
4367,15604366,Walker,769,France,Male,34,5,0.0,1,1,1,63635.86,1
4368,15604367,Lewis,784,France,Male,36,5,0.0,1,1,0,127353.34,0
4369,15604368,Allen,582,France,Male,41,9,140614.5,1,0,1,157356.54,0
4370,15604369,King,850,France,Male,37,5,86076.94,1,0,0,47127.3,1
4371,15604370,Taylor,543,France,Male,20,7,0.0,1,1,1,128369.13,0
4372,15604371,Young,654,France,Male,33,4,0.0,1,1,1,54680.64,0
4373,15604372,White,654,France,Male,46,9,0.0,1,1,0,83102.46,1
4374,15604373,Harris,541,France,Male,53,9,74808.46,1,1,1,182868.79,0
4375,15604374,Harris,669,Spain,Male,27,7,131561.63,2,1,1,20236.82,0
4376,15604375,Young,638,France,Male,27,2,196955.51,2,0,1,196785.91,1
4377,15604376,Brown,691,France,Male,39,6,76434.81,2,1,1,128484.06,0
4378,15604377,Walker,650,Germany,Male,18,0,102101.97,1,1,0,121793.86,0
4379,15604378,Young,728,France,Female,35,3,0.0,1,0,0,42907.83,0
4380,15604379,Jackson,708,Spain,Female,22,4,0.0,2,0,0,38926.09,0
4381,15604380,Young,554,France,Male,53,6,94326.99,2,0,1,184581.7,0
4382,15604381,Harris,621,France,Male,31,5,40647.85,1,0,0,32062.79,1
4383,15604382,Hall,571,Spain,Female,56,5,94512.1,1,1,1,34351.55,0
4384,15604383,Smith,812,Spain,Female,50,1,0.0,1,1,1,140063.37,0
4385,15604384,Lewis,743,Germany,Male,33,10,0.0,1,1,1,140886.45,1
4386,15604385,Allen,682,Spain,Male,28,1,28839.86,1,1,1,79682.44,0
4387,15604386,Walker,702,Germany,Male,37,1,21015.0,1,1,0,181507.96,0
4388,15604387,Thomas,639,France,Male,38,9,23217.19,1,1,0,183845.13,1
4389,15604388,Wright,665,France,Female,42,7,49006.75,2,0,0,168275.84,1
4390,15604389,Taylor,577,France,Female,31,6,0.0,1,1,1,3222.82,0
4391,15604390,Wilson,586,France,Female,46,0,59755.81,2,1,1,60433.49,0
4392,15604391,Martin,710,Spain,Male,42,8,0.0,2,1,1,58076.74,0
4393,15604392,Allen,546,Spain,Female,36,10,168961.07,1,1,1,13131.85,0
4394,15604393,Brown,582,France,Male,32,10,68263.21,2,1,1,178616.86,0
4395,15604394,Lewis,628,Germany,Male,37,7,154483.23,1,1,0,198518.7,1
4396,15604395,Johnson,504,Germany,Male,31,8,127388.54,1,1,0,28680.58,0
4397,15604396,Hall,747,France,Male,40,3,84565.06,2,1,0,57062.22,0
4398,15604397,Walker,714,France,Female,40,4,67172.28,2,0,0,5353.46,0
4399,15604398,Smith,692,France,Male,42,10,0.0,2,1,0,23098.0,0
4400,15604399,Anderson,612,France,Female,57,4,115835.35,2,1,1,99913.16,1
4401,15604400,Wilson,764,France,Female,38,10,43256.71,2,0,1,73589.58,0
4402,15604401,Allen,690,Spain,Female,49,8,0.0,1,1,1,84752.34,1
4403,15604402,Allen,746,France,Female,41,7,70398.24,1,0,0,133235.26,0
4404,15604403,Allen,751,France,Male,37,9,0.0,1,1,0,19546.92,0
4405,15604404,Allen,604,Germany,Male,38,5,0.0,1,1,1,169553.36,0
4406,15604405,Anderson,564,Spain,Female,38,10,53615.06,1,1,1,173120.29,0
4407,15604406,Johnson,553,Germany,Female,42,9,0.0,2,1,0,32604.27,0
4408,15604407,Johnson,656,France,Male,29,10,72698.36,1,1,1,126969.0,0
4409,15604408,King,386,France,Male,24,9,0.0,1,1,0,138074.29,0
4410,15604409,Johnson,546,Spain,Female,46,0,92309.71,3,1,0,34765.86,0
4411,15604410,Hall,583,France,Male,48,6,13533.8,1,1,1,74963.89,1
4412,15604411,Moore,590,France,Male,46,8,69133.18,2,1,1,138456.09,0
4413,15604412,Thomas,708,Spain,Male,41,3,177092.3,1,1,1,134613.35,0
4414,15604413,Walker,511,Spain,Female,47,3,189597.48,2,0,0,167736.73,1
4415,15604414,Walker,486,France,Male,46,4,98395.81,1,1,0,26513.56,0
4416,15604415,Moore,488,France,Male,47,7,20114.04,1,1,1,64578.33,0
4417,15604416,Young,701,France,Male,30,10,130162.44,2,1,1,150571.59,0
4418,15604417,King,594,France,Male,28,4,0.0,2,1,0,49756.56,0
4419,15604418,Martin,590,France,Male,35,3,0.0,2,0,1,107422.67,0
4420,15604419,Brown,819,France,Female,39,7,197119.61,2,1,1,27465.11,0
4421,15604420,Thomas,692,France,Male,37,10,0.0,2,1,1,31416.36,0
4422,15604421,Lewis,579,Germany,Male,20,4,0.0,1,1,1,51202.3,0
4423,15604422,Wilson,515,Spain,Male,56,7,55830.95,1,1,1,58801.42,0
4424,15604423,Taylor,833,Spain,Female,36,0,109142.53,1,1,0,8366.8,1
4425,15604424,Lewis,673,France,Female,41,2,24780.56,2,1,0,171171.15,0
4426,15604425,Smith,608,France,Male,51,6,68833.08,1,0,0,8795.94,1
4427,15604426,Brown,669,France,Male,18,0,0.0,1,1,1,152559.52,0
4428,15604427,Allen,610,France,Female,34,10,64870.08,2,0,0,57404.22,0
4429,15604428,Walker,699,France,Male,35,4,23719.43,1,1,0,79689.67,0
4430,15604429,Hall,486,Germany,Female,36,5,133135.93,1,1,1,115597.2,0
4431,15604430,Martin,611,Spain,Male,37,0,53618.37,1,1,1,44953.93,0
4432,15604431,Martin,548,Spain,Male,53,6,52313.45,2,1,0,15355.35,0
4433,15604432,Clark,642,France,Female,46,8,0.0,1,0,0,191422.0,0
4434,15604433,Taylor,557,Germany,Male,49,8,171944.52,2,1,0,165654.52,1
4435,15604434,Hall,592,France,Male,39,2,141985.66,1,0,0,151877.06,0
4436,15604435,Thomas,597,France,Female,25,3,0.0,1,1,1,106904.46,0
4437,15604436,Jackson,675,France,Male,18,0,22013.17,2,0,0,127531.89,0
4438,15604437,Clark,613,Germany,Female,24,3,118090.92,3,1,0,172873.14,1
4439,15604438,Martin,552,Germany,Male,43,4,100969.91,1,1,0,77781.05,1
4440,15604439,Allen,690,France,Female,39,6,0.0,2,1,0,20926.82,0
4441,15604440,Taylor,850,Germany,Female,37,4,70298.8,2,1,0,168193.27,0
4442,15604441,Allen,615,Germany,Female,35,7,0.0,1,0,1,12558.77,0
4443,15604442,Hall,776,France,Female,59,6,90166.06,2,0,0,183714.59,1
4444,15604443,Taylor,500,France,Male,31,0,98907.83,2,1,1,144388.41,0
4445,15604444,Smith,576,France,Female,48,1,92201.8,1,1,1,89091.96,0
4446,15604445,Taylor,776,Germany,Female,39,6,121219.67,2,0,0,123075.5,1
4447,15604446,Wilson,671,France,Male,38,2,41399.59,2,1,0,107011.65,0
4448,15604447,Martin,580,Germany,Male,51,1,85958.55,1,0,1,80319.25,0
4449,15604448,Smith,731,France,Male,54,10,0.0,2,1,0,25719.49,0
4450,15604449,Anderson,550,Spain,Male,37,8,35752.05,2,0,0,161668.78,0
4451,15604450,Martin,656,France,Male,47,9,0.0,2,0,1,117553.6,0
4452,15604451,Clark,741,Spain,Female,43,7,0.0,2,1,1,140509.65,1
4453,15604452,Lewis,685,Germany,Male,39,7,0.0,2,1,1,41693.13,0
4454,15604453,Wright,850,Germany,Male,41,2,244535.64,2,1,0,40268.79,0
4455,15604454,Thomas,595,Germany,Female,32,10,185406.01,2,1,1,167799.09,0
4456,15604455,Clark,717,France,Female,36,9,110908.46,1,1,1,109474.98,0
4457,15604456,Brown,735,Spain,Female,33,8,0.0,1,0,1,90577.11,0
4458,15604457,White,629,France,Female,48,7,100849.86,1,1,0,18662.79,0
4459,15604458,Wilson,559,France,Male,38,1,0.0,1,1,0,85243.78,1
4460,15604459,Anderson,763,Spain,Male,26,6,77290.15,2,1,0,140718.33,0
4461,15604460,Thomas,601,France,Male,32,7,131820.15,2,1,0,20736.62,0
4462,15604461,Thomas,712,Spain,Male,18,6,0.0,1,1,1,5846.17,0
4463,15604462,White,691,Germany,Female,34,8,141885.94,2,1,0,110638.07,0
4464,15604463,Hall,662,France,Female,39,6,0.0,2,1,1,63237.68,0
4465,15604464,Wilson,781,Spain,Male,38,6,0.0,2,1,0,181197.31,0
4466,15604465,White,683,France,Female,59,0,0.0,1,1,1,118516.13,0
4467,15604466,King,711,France,Female,45,1,67544.56,1,1,0,60097.22,0
4468,15604467,Wright,689,France,Male,44,4,0.0,2,1,1,62788.98,0
4469,15604468,Clark,657,Germany,Male,23,10,133476.46,2,0,1,25824.77,0
4470,15604469,King,613,Germany,Female,35,0,60361.22,1,1,0,87533.06,1
4471,15604470,Lewis,648,Germany,Male,34,9,136302.35,1,0,1,13696.24,1
4472,15604471,Johnson,710,Germany,Male,31,6,231471.18,1,1,0,88136.26,0
4473,15604472,Walker,696,France,Female,31,4,0.0,2,1,0,24111.72,0
4474,15604473,Allen,708,France,Male,21,4,86091.4,1,1,0,135437.7,0
4475,15604474,Young,850,Spain,Female,26,7,98534.84,2,0,0,130220.39,0
4476,15604475,Allen,601,France,Male,48,8,58486.96,1,1,1,167669.09,1
4477,15604476,Hall,496,France,Male,38,9,83195.01,1,0,0,184481.46,0
4478,15604477,Smith,610,France,Male,34,0,54295.39,1,0,1,130783.28,0
4479,15604478,Brown,615,Spain,Female,39,9,0.0,1,0,0,30866.19,1
4480,15604479,Walker,693,Spain,Female,51,3,0.0,1,1,0,101659.75,0
4481,15604480,Smith,626,France,Female,39,10,0.0,2,1,0,188236.64,0
4482,15604481,Hall,721,France,Male,44,1,3921.86,1,0,0,39863.7,1
4483,15604482,Allen,576,Spain,Female,31,8,23841.89,1,1,1,77873.64,0
4484,15604483,Harris,706,Spain,Female,33,8,48227.38,1,1,1,149612.97,0
4485,15604484,Harris,509,France,Female,43,0,0.0,2,0,1,152658.42,0
4486,15604485,King,649,Spain,Female,58,2,126351.11,2,0,1,189879.2,1
4487,15604486,King,571,France,Female,53,9,131541.04,2,0,0,49441.53,0
4488,15604487,Smith,615,France,Male,45,7,77047.66,2,1,0,171660.74,0
4489,15604488,Wilson,451,Germany,Female,41,1,137597.35,1,1,0,10511.97,1
4490,15604489,King,733,Spain,Female,53,1,0.0,1,1,1,29168.77,0
4491,15604490,Anderson,613,France,Male,47,1,0.0,4,1,1,188607.45,0
4492,15604491,Thomas,639,Spain,Male,18,4,134809.08,1,0,1,176151.14,0
4493,15604492,Wilson,690,Spain,Female,28,8,0.0,1,1,1,12197.43,0
4494,15604493,Allen,579,Germany,Female,42,6,62576.52,1,1,1,13535.84,0
4495,15604494,Brown,602,Spain,Male,21,6,0.0,1,1,1,70390.71,0
4496,15604495,Brown,479,Spain,Female,30,1,0.0,1,0,0,80002.06,1
4497,15604496,Walker,619,France,Male,32,1,0.0,1,1,1,93571.35,0
4498,15604497,Harris,800,France,Female,36,4,0.0,2,0,0,109703.34,0
4499,15604498,Jackson,676,France,Female,36,6,0.0,2,0,0,26135.54,1
4500,15604499,Lewis,504,France,Male,36,6,70371.73,2,1,1,197282.13,0
4501,15604500,Anderson,691,Spain,Male,47,8,0.0,2,1,0,191567.54,0
4502,15604501,Young,774,Spain,Male,36,2,126088.34,1,1,0,81775.41,0
4503,15604502,Brown,552,France,Female,35,0,148381.73,1,0,1,97551.34,0
4504,15604503,Martin,629,France,Male,26,8,0.0,2,1,1,72636.31,0
4505,15604504,Jackson,632,France,Female,49,0,38936.59,1,1,1,130139.2,0
4506,15604505,King,662,France,Male,32,7,98779.18,2,0,1,139863.69,0
4507,15604506,White,661,Spain,Male,28,4,0.0,2,0,0,107082.05,1
4508,15604507,Harris,711,France,Female,41,7,0.0,1,1,1,184860.12,0
4509,15604508,Wright,638,Spain,Male,31,6,18063.17,1,1,1,69344.51,0
4510,15604509,Brown,770,Germany,Male,34,8,89662.05,2,0,0,52019.55,0
4511,15604510,Taylor,464,France,Male,42,1,0.0,2,1,0,131137.84,0
4512,15604511,Smith,539,France,Male,36,8,177039.96,1,1,1,32525.19,0
4513,15604512,Walker,794,France,Female,62,9,147500.51,2,1,0,115450.68,1
4514,15604513,Lewis,604,Spain,Female,38,4,0.0,2,1,0,64664.13,0
4515,15604514,Walker,704,Spain,Female,45,4,18161.89,1,1,1,27472.25,1
4516,15604515,Clark,637,France,Female,20,0,0.0,2,0,0,63299.85,0
4517,15604516,White,742,Spain,Male,30,5,0.0,2,0,1,40516.86,1
4518,15604517,Smith,690,Germany,Male,28,9,127015.4,2,1,0,125901.98,0
4519,15604518,King,850,France,Male,29,9,41622.42,1,1,0,10353.19,0
4520,15604519,Smith,648,France,Female,43,9,29007.89,2,0,1,163668.4,1
4521,15604520,King,609,Germany,Male,49,9,154628.87,2,1,0,116852.51,0
4522,15604521,Lewis,774,Spain,Male,42,2,136364.47,2,1,0,171414.97,1
4523,15604522,White,716,Germany,Male,37,9,156128.4,1,1,1,32063.63,0
4524,15604523,Brown,571,Spain,Female,33,2,110800.57,1,1,0,94450.78,1
4525,15604524,Walker,735,Germany,Male,50,2,0.0,1,0,0,133591.33,0
4526,15604525,Martin,670,France,Female,60,3,0.0,2,0,1,29174.83,0
4527,15604526,Hall,658,Spain,Female,40,8,52797.22,2,1,1,2800.22,0
4528,15604527,Johnson,692,Germany,Female,48,7,201424.14,1,0,1,188602.36,1
4529,15604528,Anderson,729,Spain,Male,42,5,40787.95,1,1,1,156151.73,0
4530,15604529,Moore,668,France,Male,47,7,89560.66,1,1,1,156443.18,0
4531,15604530,Thomas,624,France,Male,27,7,172575.55,2,1,0,184104.38,0
4532,15604531,Taylor,850,France,Male,34,0,130229.82,2,1,0,115628.42,0
4533,15604532,Taylor,646,France,Female,43,8,0.0,2,0,1,128315.06,0
4534,15604533,Young,780,France,Male,51,0,0.0,2,1,1,41804.84,0
4535,15604534,Walker,595,Spain,Male,31,10,175800.73,2,1,1,94081.83,0
4536,15604535,Allen,568,Spain,Female,19,1,0.0,1,0,0,31527.57,0
4537,15604536,Wright,744,France,Male,34,8,98020.46,2,1,0,19779.86,0
4538,15604537,Wright,625,Spain,Female,49,6,107155.71,1,0,0,51073.24,1
4539,15604538,White,462,France,Male,23,9,0.0,1,1,0,91908.21,0
4540,15604539,Smith,630,France,Female,27,0,20783.88,1,0,0,127652.34,0
4541,15604540,Wright,699,France,Female,41,2,0.0,2,1,1,100870.43,1
4542,15604541,Taylor,582,Spain,Male,38,0,38708.88,1,0,1,178891.25,0
4543,15604542,Smith,571,France,Female,45,4,39357.34,2,1,0,65375.16,1
4544,15604543,Young,669,France,Female,27,3,53269.29,1,1,0,169363.27,0
4545,15604544,Johnson,539,France,Female,36,7,124611.29,1,1,1,87149.79,0
4546,15604545,Young,680,Germany,Female,51,8,32462.98,2,1,0,27614.94,0
4547,15604546,Clark,750,France,Male,27,3,0.0,2,0,1,173168.5,0
4548,15604547,Wilson,776,Spain,Male,54,2,17177.85,1,0,1,97866.73,0
4549,15604548,White,587,Spain,Male,28,3,66504.5,1,1,1,28015.24,0
4550,15604549,Clark,823,Germany,Male,47,2,0.0,2,1,0,37640.47,1
4551,15604550,Johnson,707,Germany,Female,35,5,66972.43,1,1,1,14446.2,0
4552,15604551,White,585,France,Female,28,0,0.0,2,1,0,128847.73,1
4553,15604552,Wilson,609,France,Male,34,1,87778.2,2,0,0,72636.59,0
4554,15604553,Allen,582,Germany,Male,44,7,55542.43,1,1,1,193283.12,0
4555,15604554,King,451,France,Female,39,2,19604.07,3,1,1,107691.54,0
4556,15604555,Allen,788,Spain,Female,50,3,49201.06,1,1,1,49097.68,0
4557,15604556,Harris,671,Spain,Male,53,0,40827.76,1,0,1,117784.02,0
4558,15604557,Walker,713,Spain,Male,27,2,70495.42,2,0,0,195340.91,0
4559,15604558,Harris,660,Germany,Male,26,0,47984.54,2,0,0,4637.05,1
4560,15604559,Wilson,503,Germany,Female,26,10,0.0,1,0,0,33976.53,0
4561,15604560,Brown,684,Spain,Male,30,9,69030.27,1,1,0,185630.96,0
4562,15604561,Jackson,743,France,Female,50,4,37364.37,2,0,1,4922.25,1
4563,15604562,White,742,Germany,Male,45,0,166248.36,1,1,1,192669.02,1
4564,15604563,Taylor,756,France,Male,34,8,105777.91,1,1,1,125568.36,1
4565,15604564,Martin,655,France,Male,39,6,63091.24,1,0,0,46342.85,0
4566,15604565,Young,420,Germany,Female,53,10,42470.81,2,0,1,17946.84,1
4567,15604566,Young,716,France,Male,58,7,132668.86,1,1,0,20836.39,1
4568,15604567,Taylor,657,France,Male,42,8,0.0,1,1,0,167551.39,0
4569,15604568,Harris,843,France,Male,18,9,163035.43,2,0,0,164287.17,0
4570,15604569,Young,834,Germany,Female,42,7,0.0,2,0,1,166773.97,0
4571,15604570,Thomas,757,Spain,Female,48,2,0.0,1,1,1,192128.47,0
4572,15604571,Smith,516,Spain,Male,41,6,49834.73,1,1,0,78124.83,1
4573,15604572,Hall,542,France,Male,46,6,0.0,2,1,0,183167.83,0
4574,15604573,Harris,701,Germany,Male,43,6,34517.0,2,0,1,32309.93,0
4575,15604574,Wright,537,Germany,Female,27,7,56660.44,2,1,0,187839.72,1
4576,15604575,Jackson,736,France,Female,30,3,41060.25,1,1,1,48738.35,0
4577,15604576,Young,740,France,Male,36,10,98065.01,1,1,1,81607.28,0
4578,15604577,Wilson,801,France,Male,50,5,93642.16,2,1,0,103075.96,0
4579,15604578,Allen,756,Germany,Female,31,1,272862.62,2,1,1,160637.61,0
4580,15604579,Martin,612,Spain,Female,44,6,81406.0,2,1,1,77863.15,1
4581,15604580,Allen,644,Germany,Male,42,8,0.0,1,1,1,68318.85,0
4582,15604581,White,568,France,Female,55,4,0.0,1,1,0,196554.99,1
4583,15604582,Walker,676,Germany,Male,39,3,84526.75,1,1,1,14926.47,0
4584,15604583,Jackson,439,Germany,Female,21,1,44376.73,2,0,1,5128.5,0
4585,15604584,Walker,622,Spain,Male,45,6,0.0,2,1,1,11348.75,0
4586,15604585,Clark,718,Germany,Female,60,1,123666.67,2,1,1,182838.23,0
4587,15604586,Lewis,710,France,Male,46,1,0.0,1,1,1,46564.94,0
4588,15604587,Lewis,734,France,Female,31,8,54148.91,2,1,1,8749.57,1
4589,15604588,Martin,547,Spain,Male,28,1,0.0,2,0,0,145754.88,0
4590,15604589,Brown,525,Spain,Female,29,9,0.0,1,1,0,128089.56,1
4591,15604590,King,708,Spain,Male,59,2,0.0,1,1,1,158350.84,0
4592,15604591,Young,557,France,Male,36,2,84739.96,2,1,1,104748.81,0
4593,15604592,Smith,536,Spain,Male,32,1,67627.55,2,0,0,35438.32,0
4594,15604593,Hall,671,France,Male,37,9,0.0,2,0,1,58128.24,0
4595,15604594,Anderson,647,France,Male,36,2,144633.45,1,1,0,12249.51,0
4596,15604595,Young,850,Spain,Male,55,8,0.0,1,1,0,140772.73,0
4597,15604596,Clark,686,Spain,Male,29,10,0.0,1,1,0,129537.07,0
4598,15604597,Johnson,667,France,Male,51,10,0.0,1,0,0,136126.24,1
4599,15604598,Harris,596,France,Female,40,10,0.0,1,1,1,195527.64,0
4600,15604599,Moore,730,France,Male,51,2,102598.72,1,1,0,12051.47,1
4601,15604600,Wright,647,France,Female,55,4,132575.83,2,1,0,13025.68,0
4602,15604601,Jackson,600,Germany,Female,40,6,216825.64,1,1,0,147679.81,1
4603,15604602,Taylor,630,Germany,Female,36,0,0.0,1,0,0,194551.68,0
4604,15604603,Lewis,618,France,Female,40,0,60102.36,2,0,1,108547.76,0
4605,15604604,King,642,Germany,Male,38,9,0.0,1,1,0,162540.12,0
4606,15604605,Harris,850,Germany,Male,22,1,0.0,2,1,0,121881.27,1
4607,15604606,Smith,712,Germany,Male,55,0,0.0,2,0,1,186478.93,0
4608,15604607,Walker,632,France,Male,41,0,79850.42,1,1,1,39932.8,0
4609,15604608,Thomas,644,Germany,Male,27,9,0.0,1,1,1,72427.76,0
4610,15604609,Taylor,515,France,Male,18,3,0.0,2,0,0,122553.93,0
4611,15604610,Wright,475,France,Female,18,9,0.0,1,1,1,39732.48,0
4612,15604611,Lewis,722,France,Male,47,2,4524.59,1,1,0,166830.31,0
4613,15604612,Thomas,720,France,Male,33,0,163847.94,2,1,1,159586.21,0
4614,15604613,King,689,France,Male,34,2,14038.2,1,1,1,143791.42,1
4615,15604614,Thomas,794,France,Male,44,0,0.0,1,1,0,124024.58,0
4616,15604615,Wilson,671,France,Male,34,2,0.0,1,1,0,43848.74,0
4617,15604616,Wilson,729,Germany,Female,44,3,115316.38,1,1,0,174000.42,1
4618,15604617,Wright,643,Germany,Female,40,10,34374.75,2,0,1,115518.01,0
4619,15604618,Harris,408,France,Male,38,10,0.0,1,1,0,42389.3,0
4620,15604619,Brown,763,Germany,Male,23,7,0.0,2,0,0,147386.38,1
4621,15604620,Allen,556,Germany,Male,31,2,0.0,2,0,0,6345.43,1
4622,15604621,Clark,675,Germany,Female,45,2,76976.58,2,1,1,43613.77,0
4623,15604622,Lewis,582,France,Female,32,8,92427.83,2,0,1,45376.55,0
4624,15604623,Brown,676,Spain,Male,51,10,0.0,1,1,0,58340.13,1
4625,15604624,Young,812,Germany,Male,62,8,0.0,1,1,1,6885.45,1
4626,15604625,Taylor,708,Spain,Male,46,5,0.0,2,1,0,168516.05,0
4627,15604626,Wright,729,France,Female,54,9,0.0,2,0,0,19480.31,1
4628,15604627,Lewis,633,Spain,Female,46,3,74590.23,2,1,1,165840.65,1
4629,15604628,Harris,622,Spain,Male,34,9,20544.49,2,1,0,36062.51,0
4630,15604629,Thomas,621,Spain,Female,41,4,0.0,2,1,1,168196.62,0
4631,15604630,Allen,724,France,Male,59,8,84636.21,1,1,1,5829.11,0
4632,15604631,White,653,France,Male,34,0,0.0,1,1,0,156897.75,0
4633,15604632,Lewis,717,Germany,Female,29,6,0.0,2,0,0,106564.49,0
4634,15604633,Allen,633,Germany,Male,28,10,224400.34,1,1,0,43267.56,0
4635,15604634,Young,748,France,Male,37,6,0.0,1,1,1,81304.02,0
4636,15604635,Walker,717,Germany,Female,29,9,37392.37,2,0,0,19427.36,0
4637,15604636,Young,661,France,Female,56,0,6974.94,2,0,0,27459.15,0
4638,15604637,Brown,716,Spain,Female,41,0,252199.94,1,0,1,73423.97,1
4639,15604638,Taylor,750,Germany,Male,49,8,0.0,2,1,0,82491.12,0
4640,15604639,Thomas,830,Germany,Male,36,6,122428.94,1,1,0,155203.67,1
4641,15604640,Smith,582,Germany,Male,28,3,79.9,1,0,0,151261.04,1
4642,15604641,Moore,736,France,Male,26,8,175924.47,1,1,1,48030.85,0
4643,15604642,Clark,717,Germany,Male,30,4,0.0,2,1,1,36784.91,0
4644,15604643,Smith,740,France,Male,42,2,64507.21,2,1,0,33671.14,1
4645,15604644,Walker,605,Spain,Male,44,1,0.0,1,0,1,118148.94,1
4646,15604645,Jackson,660,Spain,Female,45,8,0.0,1,1,0,116110.84,0
4647,15604646,Martin,604,Spain,Male,24,3,0.0,2,0,1,20995.6,0
4648,15604647,Johnson,684,France,Male,39,6,148847.59,2,1,0,68087.4,0
4649,15604648,Walker,566,Germany,Male,29,0,920.22,2,1,0,174877.23,0
4650,15604649,Jackson,782,France,Male,43,8,148032.67,1,1,1,188455.87,0
4651,15604650,Lewis,663,France,Female,44,8,0.0,2,0,0,194384.23,0
4652,15604651,Smith,817,Spain,Male,27,9,71733.07,1,1,1,138726.99,0
4653,15604652,Wright,586,France,Female,49,5,0.0,1,1,0,7554.55,1
4654,15604653,Anderson,670,Germany,Male,62,5,27881.19,2,0,1,97040.03,0
4655,15604654,Jackson,660,France,Male,47,5,0.0,1,1,0,48646.45,0
4656,15604655,Jackson,715,France,Male,37,4,0.0,1,0,0,177593.78,0
4657,15604656,Clark,724,Germany,Male,36,10,0.0,2,1,1,8478.42,0
4658,15604657,Wright,521,Spain,Male,37,0,104084.53,1,0,1,22599.55,0
4659,15604658,Wright,765,France,Female,31,3,39754.04,1,0,0,57253.7,1
4660,15604659,Brown,737,Spain,Male,42,9,0.0,1,1,1,140174.22,0
4661,15604660,Allen,505,Spain,Male,28,0,36016.02,1,0,0,187239.22,0
4662,15604661,Martin,790,Spain,Male,20,4,0.0,1,1,1,77641.26,0
4663,15604662,Smith,528,France,Female,41,3,0.0,1,0,1,68335.59,0
4664,15604663,King,677,Germany,Male,39,7,163531.7,2,1,0,156542.59,1
4665,15604664,Taylor,621,Germany,Female,33,0,128172.82,2,1,0,179641.92,0
4666,15604665,Wilson,633,Spain,Male,26,7,0.0,1,0,1,17528.67,0
4667,15604666,Jackson,617,France,Female,42,7,59275.14,1,1,1,197221.97,0
4668,15604667,Clark,701,Germany,Male,29,0,40866.06,2,1,1,101953.42,1
4669,15604668,Clark,564,Spain,Male,38,8,0.0,1,1,1,198848.44,0
4670,15604669,Young,741,Spain,Female,57,8,0.0,2,1,0,2554.74,0
4671,15604670,Smith,702,France,Male,46,5,67358.98,1,0,1,178196.19,0
4672,15604671,Martin,634,Germany,Male,25,0,112572.37,2,1,1,19751.09,0
4673,15604672,Young,735,Spain,Female,26,6,55714.72,2,0,1,155561.12,0
4674,15604673,Smith,601,France,Male,41,6,0.0,2,1,1,68.95,1
4675,15604674,Smith,646,France,Female,25,8,176813.52,2,1,1,27278.71,0
4676,15604675,Anderson,504,Germany,Female,19,0,0.0,1,1,0,32200.05,0
4677,15604676,Lewis,596,France,Female,44,7,0.0,1,0,1,121438.77,0
4678,15604677,Thomas,565,Germany,Male,42,10,85859.28,2,0,1,138791.93,0
4679,15604678,King,480,Spain,Female,44,7,221407.0,2,1,0,18016.9,0
4680,15604679,Anderson,635,Spain,Male,42,6,17477.19,1,0,1,81184.57,0
4681,15604680,Allen,639,France,Male,38,5,0.0,1,1,1,140357.3,0
4682,15604681,Allen,679,France,Female,32,0,87068.99,1,1,1,181909.42,0
4683,15604682,Harris,706,Germany,Male,44,10,5504.66,1,1,0,37918.1,0
4684,15604683,Harris,628,France,Female,54,9,94726.57,1,0,0,84955.33,0
4685,15604684,Thomas,698,Germany,Male,34,10,48940.96,2,0,0,45612.88,0
4686,15604685,Jackson,737,France,Female,29,7,0.0,1,0,1,7389.89,0
4687,15604686,Hall,757,France,Female,28,4,0.0,1,1,1,91202.86,0
4688,15604687,Hall,706,France,Male,30,3,0.0,2,1,1,83949.64,0
4689,15604688,Anderson,697,Spain,Male,41,4,0.0,1,0,0,164319.91,0
4690,15604689,Harris,554,Germany,Female,18,4,26294.49,2,1,0,178101.39,1
4691,15604690,King,728,France,Male,43,9,0.0,1,0,0,70683.74,0
4692,15604691,Lewis,554,France,Female,45,2,0.0,1,1,1,141660.02,0
4693,15604692,Walker,681,France,Male,21,3,80686.11,2,1,1,115584.36,0
4694,15604693,Smith,714,Spain,Male,29,3,155853.69,1,1,0,154012.1,1
4695,15604694,Walker,692,France,Female,40,7,0.0,1,1,1,29273.02,0
4696,15604695,Brown,395,Germany,Female,38,4,99248.84,1,0,1,162599.16,0
4697,15604696,Thomas,728,Spain,Female,44,5,132598.58,1,1,0,120546.82,1
4698,15604697,Jackson,796,Spain,Female,38,9,0.0,3,1,1,153494.07,0
4699,15604698,Walker,496,France,Female,52,1,11656.36,1,1,1,84005.55,1
4700,15604699,Hall,667,Germany,Male,36,8,0.0,2,1,1,1658.85,0
4701,15604700,Clark,632,France,Male,29,7,93683.25,2,0,0,183593.24,0
4702,15604701,Anderson,654,France,Female,28,7,20823.85,1,1,0,145696.88,0
4703,15604702,Wright,775,Spain,Male,46,9,0.0,2,0,0,138153.75,1
4704,15604703,Brown,673,Spain,Male,39,4,16478.83,1,1,0,94659.88,0
4705,15604704,Allen,555,France,Male,45,4,110246.56,2,1,1,8782.33,0
4706,15604705,Allen,585,France,Male,45,2,93700.07,1,1,0,27572.68,1
4707,15604706,Brown,575,Germany,Male,19,10,35816.19,1,1,1,87717.32,0
4708,15604707,Martin,469,France,Male,28,1,0.0,2,1,0,158676.23,1
4709,15604708,Harris,597,Germany,Female,29,8,0.0,1,1,0,177960.74,1
4710,15604709,Smith,716,Spain,Female,31,5,26127.71,2,0,0,91568.43,1
4711,15604710,Anderson,682,France,Female,35,7,153680.38,1,1,0,198995.45,1
4712,15604711,Taylor,667,France,Female,49,3,54325.26,1,1,0,195958.5,0
4713,15604712,Anderson,622,France,Male,51,4,0.0,1,1,1,72739.89,0
4714,15604713,Walker,643,Germany,Female,36,9,0.0,3,1,1,12973.78,0
4715,15604714,Thomas,702,Spain,Male,36,4,0.0,1,1,0,98582.15,0
4716,15604715,Wright,732,France,Female,32,10,60638.99,1,1,0,195896.12,1
4717,15604716,Harris,679,Spain,Male,40,9,0.0,2,1,1,73172.77,0
4718,15604717,Wright,545,Germany,Male,41,3,27509.01,1,1,0,70295.9,1
4719,15604718,King,608,France,Female,47,10,0.0,2,1,1,60808.4,0
4720,15604719,Moore,692,Germany,Female,47,1,29377.44,2,1,1,190009.02,1
4721,15604720,Wilson,586,France,Male,18,5,0.0,1,1,1,37666.6,0
4722,15604721,Harris,590,France,Female,37,3,53903.36,3,1,1,87062.99,1
4723,15604722,Lewis,718,France,Female,53,10,125462.55,1,1,0,40900.61,0
4724,15604723,Jackson,727,France,Female,35,3,0.0,1,1,1,22357.24,0
4725,15604724,Anderson,557,France,Male,50,9,11391.28,2,0,1,87304.04,0
4726,15604725,Thomas,519,France,Male,36,2,111677.86,1,0,0,161186.69,1
4727,15604726,Brown,533,Germany,Male,41,7,130800.09,2,1,1,1560.75,1
4728,15604727,Lewis,715,Germany,Male,28,5,0.0,2,1,1,97013.98,0
4729,15604728,King,568,Spain,Male,28,8,142732.86,2,0,1,101189.39,0
4730,15604729,King,598,France,Male,46,4,32857.85,2,1,0,15208.71,0
4731,15604730,Walker,530,France,Male,48,5,0.0,3,1,0,195666.24,1
4732,15604731,Taylor,651,France,Female,39,8,0.0,2,1,0,39573.73,1
4733,15604732,White,627,Spain,Female,27,3,0.0,1,0,0,181324.63,0
4734,15604733,Anderson,693,Germany,Male,39,9,185250.29,2,0,1,45869.2,0
4735,15604734,Johnson,683,France,Male,52,6,41359.22,1,1,1,104930.06,0
4736,15604735,Brown,461,France,Female,56,9,0.0,2,1,1,160046.19,0
4737,15604736,Hall,684,Spain,Female,36,9,52325.35,2,1,1,189957.46,0
4738,15604737,Thomas,642,France,Male,22,10,49568.99,1,0,1,80303.51,0
4739,15604738,Clark,770,France,Male,47,10,0.0,1,1,1,14029.6,0
4740,15604739,Johnson,570,Spain,Female,36,5,46605.31,1,0,0,4608.28,0
4741,15604740,Thomas,703,Spain,Male,48,5,0.0,2,1,0,174761.43,0
4742,15604741,Taylor,659,France,Male,42,5,105964.27,2,1,1,95747.82,0
4743,15604742,King,567,France,Male,30,3,76427.82,2,1,1,29999.0,0
4744,15604743,Wilson,753,Germany,Female,40,9,104745.85,2,1,1,92833.35,0
4745,15604744,Martin,689,France,Female,52,5,0.0,1,0,0,44496.4,0
4746,15604745,Anderson,617,France,Female,38,6,94706.88,1,0,1,139894.77,0
4747,15604746,Moore,566,France,Male,29,1,0.0,2,0,0,81486.09,0
4748,15604747,Harris,762,France,Male,23,10,143695.55,1,0,0,145629.92,0
4749,15604748,King,733,France,Female,31,8,0.0,2,1,1,153002.8,0
4750,15604749,Clark,651,Germany,Male,35,6,0.0,2,1,1,74849.89,0
4751,15604750,Smith,648,France,Female,47,2,0.0,2,0,1,132643.59,1
4752,15604751,Brown,541,France,Female,28,9,91210.08,2,0,0,154751.9,0
4753,15604752,Walker,783,Spain,Male,55,9,115422.01,1,0,1,10218.93,1
4754,15604753,Clark,542,Spain,Male,26,6,160781.71,1,0,0,38633.1,0
4755,15604754,Wilson,738,Germany,Female,62,9,0.0,1,1,1,196457.51,1
4756,15604755,Anderson,846,Germany,Male,56,9,73523.28,2,1,1,1452.29,0
4757,15604756,Allen,575,France,Male,40,4,242648.19,2,0,1,62593.57,0
4758,15604757,Harris,602,Germany,Male,23,8,46597.89,2,0,1,156439.31,0
4759,15604758,White,573,France,Male,38,5,34281.65,1,1,1,63268.73,0
4760,15604759,Jackson,770,Germany,Female,35,10,0.0,3,1,0,163885.9,0
4761,15604760,Taylor,663,France,Male,26,6,134154.82,2,1,0,26471.53,0
4762,15604761,Smith,507,Germany,Male,42,3,0.0,2,0,0,175358.57,1
4763,15604762,Young,545,Germany,Female,31,1,0.0,1,1,1,94546.95,0
4764,15604763,Smith,714,France,Female,32,10,0.0,4,1,1,7388.82,1
4765,15604764,Clark,579,Spain,Male,37,3,75720.28,2,0,0,124664.88,1
4766,15604765,Thomas,479,Germany,Female,33,8,0.0,3,0,1,55459.38,0
4767,15604766,Johnson,705,Germany,Male,60,2,86211.23,2,1,0,140086.82,1
4768,15604767,Brown,686,France,Male,34,6,56677.66,1,1,1,180547.13,0
4769,15604768,Allen,576,Spain,Female,43,3,170551.82,1,1,0,16739.6,0
4770,15604769,Wilson,616,France,Female,40,2,14521.89,1,1,0,48861.58,0
4771,15604770,Moore,618,France,Male,43,4,0.0,1,1,0,78229.14,1
4772,15604771,Jackson,631,France,Male,43,1,0.0,4,1,1,191980.28,1
4773,15604772,Moore,782,France,Male,48,10,198788.28,2,1,1,81115.1,0
4774,15604773,Moore,722,Germany,Male,42,9,133465.58,2,0,0,22665.82,0
4775,15604774,Hall,707,France,Male,41,3,32818.64,1,0,1,59535.76,0
4776,15604775,Taylor,641,Germany,Male,40,6,0.0,1,0,0,3874.19,0
4777,15604776,Taylor,576,France,Female,38,1,0.0,2,1,1,38245.97,0
4778,15604777,Thomas,790,France,Female,30,9,120440.86,1,1,1,121947.56,0
4779,15604778,Martin,649,France,Male,38,5,0.0,1,1,1,33764.88,0
4780,15604779,King,557,France,Male,41,4,13134.89,1,0,1,183432.81,0
4781,15604780,Allen,850,France,Male,43,2,0.0,2,0,0,142660.49,0
4782,15604781,Brown,672,France,Male,41,4,0.0,2,0,1,137647.44,0
4783,15604782,Clark,540,Spain,Male,37,9,0.0,1,1,1,89451.04,1
4784,15604783,Taylor,735,France,Male,38,6,69201.39,1,1,0,156068.91,0
4785,15604784,Anderson,744,France,Female,33,2,88456.01,1,1,1,37497.91,0
4786,15604785,Wright,611,France,Male,42,7,164093.8,2,0,0,88686.85,0
4787,15604786,Wilson,563,Germany,Male,37,6,90977.76,2,0,0,198763.43,1
4788,15604787,Lewis,625,Germany,Male,41,3,0.0,1,0,1,57358.66,1
4789,15604788,Johnson,716,France,Female,49,4,0.0,1,1,1,81033.57,0
4790,15604789,Thomas,727,France,Male,32,9,0.0,2,1,1,44075.47,0
4791,15604790,Johnson,591,France,Male,45,10,21662.4,2,1,0,15176.73,0
4792,15604791,Johnson,787,Germany,Female,39,3,49813.21,2,0,0,80707.15,0
4793,15604792,Clark,502,France,Male,59,1,0.0,1,1,1,29062.24,0
4794,15604793,Walker,592,France,Male,37,8,139083.3,1,0,1,102332.94,0
4795,15604794,Wright,638,France,Female,46,0,0.0,2,1,0,150540.95,0
4796,15604795,White,620,France,Male,39,7,114347.17,2,1,0,169627.63,0
4797,15604796,Martin,600,France,Female,25,3,53174.58,2,0,0,33612.53,0
4798,15604797,Moore,773,Germany,Female,34,8,0.0,2,1,0,180327.19,0
4799,15604798,Clark,636,France,Female,48,2,195495.36,1,1,1,71902.73,1
4800,15604799,Clark,686,Spain,Male,35,6,25068.55,2,1,0,89582.71,1
4801,15604800,Wilson,682,France,Male,18,2,106666.83,1,1,0,116500.17,0
4802,15604801,Harris,685,France,Male,39,9,141900.07,2,1,1,29814.33,0
4803,15604802,Thomas,634,Germany,Male,28,6,81120.15,1,1,0,168326.61,0
4804,15604803,King,475,France,Female,40,1,37620.86,1,1,1,157867.21,0
4805,15604804,Hall,738,Germany,Female,55,2,36573.23,1,1,0,94589.08,0
4806,15604805,Anderson,642,Spain,Male,47,7,46232.1,1,0,0,63525.18,0
4807,15604806,Moore,605,France,Female,54,6,0.0,1,1,0,99395.6,1
4808,15604807,Johnson,605,Germany,Male,33,10,0.0,2,1,1,130870.8,1
4809,15604808,Moore,680,France,Male,38,2,0.0,2,0,1,140069.33,0
4810,15604809,Jackson,601,Germany,Male,29,7,101983.46,2,0,1,87544.37,0
4811,15604810,Anderson,629,France,Female,32,8,0.0,2,1,0,5320.98,1
4812,15604811,Smith,717,Germany,Male,30,1,145731.68,1,1,0,142607.64,1
4813,15604812,Young,670,France,Male,26,1,212971.49,2,1,1,63969.1,0
4814,15604813,Martin,565,Spain,Female,53,6,0.0,1,1,1,175766.91,1
4815,15604814,Brown,703,Germany,Male,18,10,132785.87,2,0,0,84337.61,0
4816,15604815,Anderson,621,Germany,Female,53,7,159508.92,1,1,1,159147.56,1
4817,15604816,Wilson,732,Germany,Female,51,4,0.0,2,0,1,73447.5,0
4818,15604817,White,613,Germany,Female,44,1,110840.79,1,0,1,74174.85,0
4819,15604818,Clark,665,Germany,Female,28,9,0.0,1,1,0,152514.53,1
4820,15604819,Hall,708,France,Male,23,4,0.0,2,1,1,107908.82,0
4821,15604820,Clark,566,France,Female,34,2,66619.94,1,0,0,51276.73,1
4822,15604821,Young,719,France,Female,45,8,0.0,1,0,1,167899.78,1
4823,15604822,Thomas,815,France,Female,39,1,0.0,2,1,1,125989.38,0
4824,15604823,Johnson,696,France,Female,29,8,196893.66,2,1,1,126893.57,0
4825,15604824,Young,670,Spain,Female,50,1,0.0,1,0,1,156758.69,0
4826,15604825,Harris,737,France,Female,56,0,14471.72,2,0,1,126102.34,1
4827,15604826,Wright,731,Spain,Male,37,9,0.0,1,1,0,51633.3,0
4828,15604827,Lewis,664,France,Male,40,5,143065.96,2,1,1,2076.41,0
4829,15604828,Smith,559,France,Male,24,10,0.0,1,0,1,157734.9,0
4830,15604829,Wilson,587,Spain,Male,35,5,60838.25,2,1,0,191473.39,1
4831,15604830,Jackson,615,Germany,Male,44,3,0.0,1,1,1,143884.34,0
4832,15604831,Wright,527,Spain,Male,43,1,0.0,1,1,0,165229.68,1
4833,15604832,Wright,785,Spain,Male,34,9,136045.22,1,0,1,172756.78,0
4834,15604833,Hall,559,France,Female,36,10,0.0,1,0,0,50593.06,1
4835,15604834,Walker,645,Spain,Male,35,2,0.0,1,1,1,71381.11,0
4836,15604835,Allen,563,France,Female,36,5,132829.28,2,1,1,146799.59,0
4837,15604836,Anderson,707,France,Female,43,3,0.0,1,1,1,87896.19,1
4838,15604837,Thomas,746,France,Male,19,4,0.0,2,0,1,127375.97,0
4839,15604838,Anderson,523,France,Female,38,10,130854.84,2,0,1,53846.82,0
4840,15604839,Smith,714,France,Female,42,8,195651.61,3,1,0,142984.21,1
4841,15604840,Lewis,534,Germany,Female,33,4,82827.26,1,1,1,118833.22,0
4842,15604841,Wright,611,Germany,Female,34,9,155575.93,2,1,0,191525.95,0
4843,15604842,White,850,France,Female,34,10,62313.42,2,0,1,184700.21,0
4844,15604843,Smith,677,France,Male,34,7,143290.82,1,1,1,112255.4,0
4845,15604844,Young,737,France,Male,39,1,0.0,2,1,0,50344.56,0
4846,15604845,Walker,680,France,Male,40,5,37681.41,1,1,0,77826.6,0
4847,15604846,Allen,635,Germany,Female,18,10,252443.36,1,1,1,147644.35,0
4848,15604847,Clark,590,France,Male,46,10,169137.19,2,1,0,84327.01,0
4849,15604848,Allen,794,Germany,Male,36,5,56893.49,2,0,1,164453.52,1
4850,15604849,Smith,836,France,Female,58,4,74737.02,2,1,0,47755.31,1
4851,15604850,Brown,655,Germany,Male,27,5,6844.58,1,0,1,154241.73,0
4852,15604851,Smith,768,France,Male,30,4,0.0,2,0,0,156983.99,0
4853,15604852,Harris,735,Germany,Male,37,1,0.0,2,1,1,36859.42,0
4854,15604853,Martin,632,France,Female,43,4,109433.49,1,1,0,17676.34,0
4855,15604854,Brown,656,Spain,Male,19,0,41558.38,1,0,1,120281.85,0
4856,15604855,Smith,608,France,Male,31,2,119431.11,1,1,0,154928.43,0
4857,15604856,Harris,848,France,Male,45,6,40786.97,2,1,1,187538.69,0
4858,15604857,Hall,728,Germany,Male,30,3,0.0,2,1,0,136501.18,0
4859,15604858,King,653,Germany,Male,53,7,0.0,1,1,0,136633.67,0
4860,15604859,Brown,603,Germany,Male,34,2,48879.31,1,1,0,86732.67,1
4861,15604860,Clark,700,Spain,Female,30,6,0.0,1,1,0,63380.57,0
4862,15604861,Anderson,524,Germany,Male,45,1,0.0,2,1,1,84490.13,0
4863,15604862,Walker,577,France,Female,55,7,0.0,1,1,1,139350.88,0
4864,15604863,Wright,631,France,Male,43,2,129091.58,2,1,0,196727.63,0
4865,15604864,King,609,France,Male,52,5,0.0,2,0,0,137097.88,1
4866,15604865,Lewis,630,Spain,Female,56,1,0.0,2,0,0,115889.07,1
4867,15604866,Allen,716,France,Male,30,6,162150.79,2,1,1,82347.9,0
4868,15604867,Wilson,838,France,Female,48,3,36135.38,1,1,0,77585.74,0
4869,15604868,Taylor,719,Spain,Female,24,5,122181.82,1,1,1,86447.76,1
4870,15604869,Lewis,635,Germany,Female,43,1,15945.89,1,1,1,98661.62,0
4871,15604870,Moore,748,France,Female,38,2,0.0,2,1,1,86573.85,0
4872,15604871,Taylor,655,France,Female,51,2,0.0,1,0,1,174906.94,1
4873,15604872,Martin,469,France,Female,51,3,0.0,2,1,1,3494.8,0
4874,15604873,Johnson,766,France,Male,45,0,105377.94,1,1,0,112543.51,0
4875,15604874,White,535,France,Male,42,5,23303.5,1,0,1,168831.55,0
4876,15604875,Smith,663,Spain,Male,44,10,61035.51,1,0,0,87186.54,0
4877,15604876,Thomas,573,Spain,Female,40,5,0.0,3,1,0,174142.92,0
4878,15604877,Anderson,539,Spain,Male,38,3,82391.69,1,1,1,119684.44,0
4879,15604878,Martin,607,France,Male,53,7,65339.47,2,1,1,55442.51,0
4880,15604879,White,404,Germany,Female,55,4,0.0,2,1,1,43279.53,0
4881,15604880,Moore,583,France,Male,38,9,59785.15,1,0,1,8825.57,1
4882,15604881,Anderson,691,France,Female,41,3,0.0,1,1,1,140738.86,0
4883,15604882,Allen,686,Germany,Male,40,6,0.0,1,0,0,130162.65,0
4884,15604883,Anderson,468,France,Male,23,9,0.0,1,1,1,156581.58,0
4885,15604884,White,744,France,Female,36,9,13399.81,2,1,0,191152.76,0
4886,15604885,Jackson,850,Germany,Male,55,7,0.0,1,1,0,65730.92,0
4887,15604886,Wilson,818,France,Female,32,1,48804.19,2,1,1,48485.49,0
4888,15604887,Brown,599,Spain,Female,60,0,152787.02,2,1,0,55503.55,0
4889,15604888,Brown,586,France,Male,51,5,25984.42,2,1,0,111019.09,1
4890,15604889,Anderson,563,Spain,Male,43,1,104722.57,1,0,1,93085.14,0
4891,15604890,Anderson,827,France,Male,45,10,0.0,2,1,0,17918.25,0
4892,15604891,Young,600,France,Male,30,7,0.0,2,1,1,43880.62,1
4893,15604892,Anderson,581,Spain,Female,36,4,42615.56,1,1,0,111116.28,0
4894,15604893,Allen,731,France,Male,53,1,0.0,2,1,1,194913.77,0
4895,15604894,Martin,760,France,Female,33,10,36841.05,1,1,0,152779.84,0
4896,15604895,Thomas,744,France,Female,50,4,106057.81,2,1,0,196593.03,1
4897,15604896,Martin,548,France,Male,25,1,0.0,2,1,0,144212.21,0
4898,15604897,Thomas,698,France,Female,27,5,76336.69,1,0,1,197461.77,0
4899,15604898,Clark,792,France,Female,58,7,0.0,2,1,0,49940.89,0
4900,15604899,Moore,650,Germany,Female,39,1,0.0,2,0,1,183070.28,1
4901,15604900,Brown,679,France,Female,34,5,0.0,2,0,0,133722.75,0
4902,15604901,Young,670,France,Female,53,5,119232.39,1,1,0,119610.49,0
4903,15604902,Allen,624,France,Female,51,0,0.0,1,1,1,140317.75,0
4904,15604903,Harris,694,France,Female,48,8,0.0,2,1,1,113846.4,0
4905,15604904,King,736,Germany,Male,33,7,0.0,1,0,1,72074.15,0
4906,15604905,King,776,France,Male,36,3,0.0,1,0,0,162712.51,0
4907,15604906,Johnson,645,Germany,Male,42,6,0.0,1,1,0,74310.49,0
4908,15604907,Wilson,657,France,Male,46,3,0.0,1,1,0,86131.67,1
4909,15604908,King,601,Spain,Female,34,7,54958.04,2,0,0,157734.67,0
4910,15604909,Lewis,803,Spain,Female,41,9,199834.2,3,1,1,194809.4,0
4911,15604910,Hall,608,Germany,Female,42,1,21771.34,1,1,0,62798.79,0
4912,15604911,Taylor,640,Spain,Male,52,1,68480.2,1,1,1,195943.02,0
4913,15604912,Taylor,658,Spain,Male,47,2,45834.51,1,1,1,177600.54,1
4914,15604913,Anderson,670,France,Male,24,3,49091.6,1,0,0,39628.21,0
4915,15604914,Smith,505,France,Female,37,10,90729.35,1,1,0,32123.86,0
4916,15604915,King,703,Germany,Female,30,5,123678.25,2,0,0,163716.69,1
4917,15604916,Anderson,693,France,Male,45,4,98309.33,2,1,0,13314.66,0
4918,15604917,Harris,665,France,Female,48,9,124139.54,2,1,0,196897.54,1
4919,15604918,Wright,685,Germany,Male,40,9,119101.93,1,0,0,41059.15,0
4920,15604919,Walker,645,France,Male,36,6,96474.17,2,0,1,4740.7,0
4921,15604920,Anderson,511,Germany,Male,40,5,69024.18,2,0,1,132954.88,0
4922,15604921,Taylor,756,Spain,Male,41,3,0.0,2,1,0,113937.73,1
4923,15604922,Walker,509,Spain,Male,33,10,0.0,2,0,1,182244.88,0
4924,15604923,Smith,566,Germany,Male,27,9,160467.19,1,1,0,27497.25,0
4925,15604924,Johnson,766,France,Male,18,8,0.0,1,0,1,37138.41,0
4926,15604925,Martin,519,France,Female,52,6,112542.41,1,1,0,146064.37,1
4927,15604926,Moore,635,France,Male,44,0,170643.03,2,1,0,78193.59,0
4928,15604927,Lewis,826,France,Male,43,7,108847.51,1,1,0,125704.83,0
4929,15604928,White,657,Spain,Female,52,3,0.0,2,0,1,6984.96,0
4930,15604929,Wilson,516,Germany,Female,26,6,184195.53,1,0,0,161509.73,1
4931,15604930,Lewis,723,France,Female,22,10,86464.34,2,1,1,52695.19,0
4932,15604931,Anderson,694,France,Male,43,1,52459.3,1,0,1,106601.44,0
4933,15604932,Johnson,662,Germany,Male,42,2,178959.25,2,1,0,138864.82,0
4934,15604933,Walker,452,France,Female,22,0,53052.98,2,1,1,33222.75,0
4935,15604934,King,777,France,Female,43,1,0.0,2,1,1,15780.49,0
4936,15604935,Johnson,822,France,Male,35,10,45349.39,1,1,0,95.2,1
4937,15604936,Allen,648,Germany,Male,31,4,0.0,2,1,0,11563.36,0
4938,15604937,Clark,586,Spain,Male,36,1,0.0,2,1,0,182178.56,0
4939,15604938,Clark,702,Germany,Female,18,5,10100.81,2,1,1,103856.46,0
4940,15604939,Johnson,703,Germany,Male,33,5,79077.04,1,0,1,12963.2,0
4941,15604940,Walker,711,France,Male,32,5,0.0,2,1,1,199290.03,0
4942,15604941,Johnson,651,France,Female,45,10,97988.89,1,1,0,18117.77,0
4943,15604942,Taylor,703,Germany,Female,37,2,0.0,1,1,1,183634.95,0
4944,15604943,Moore,723,France,Female,45,10,0.0,1,0,0,43833.79,1
4945,15604944,Clark,850,Germany,Female,18,2,271308.28,1,1,1,140542.25,0
4946,15604945,Wright,693,Germany,Male,31,9,33945.54,1,1,0,46658.3,1
4947,15604946,Brown,667,Spain,Female,45,6,104025.5,1,0,0,198417.79,1
4948,15604947,Wright,503,Spain,Female,36,3,144184.64,1,1,1,35907.97,0
4949,15604948,Walker,511,Germany,Male,47,5,104678.73,1,1,1,70135.31,0
4950,15604949,Harris,662,Germany,Female,21,7,0.0,1,1,1,27262.91,1
4951,15604950,Brown,642,France,Male,46,2,0.0,2,1,0,98978.72,1
4952,15604951,Anderson,557,France,Female,33,8,4004.19,2,1,1,85951.61,0
4953,15604952,Hall,554,France,Male,32,8,49507.47,1,0,0,162731.68,0
4954,15604953,Hall,709,Spain,Female,49,2,0.0,2,1,1,170878.52,0
4955,15604954,King,594,France,Male,51,5,0.0,2,1,1,171631.61,0
4956,15604955,Taylor,575,Spain,Male,49,4,31267.71,1,0,0,7360.85,0
4957,15604956,Anderson,548,France,Male,59,3,0.0,1,1,0,35997.02,0
4958,15604957,Walker,571,Spain,Male,52,7,161974.36,1,1,0,127823.22,0
4959,15604958,Anderson,614,France,Male,31,9,0.0,2,0,1,120357.57,1
4960,15604959,Johnson,648,Spain,Female,40,8,0.0,2,0,0,161307.5,0
4961,15604960,Johnson,673,Spain,Male,35,8,0.0,1,1,1,154960.38,0
4962,15604961,Walker,609,France,Male,59,4,253331.41,3,1,0,43157.19,0
4963,15604962,Jackson,477,France,Male,50,4,0.0,2,1,0,68794.28,0
4964,15604963,Young,541,Spain,Female,37,10,54184.36,2,1,1,113141.87,0
4965,15604964,King,600,France,Female,48,2,0.0,1,0,0,172552.05,1
4966,15604965,Clark,750,France,Male,27,8,161664.91,2,1,1,105046.47,0
4967,15604966,Thomas,640,Germany,Female,42,0,97184.69,2,1,0,138071.22,1
4968,15604967,Wright,691,Spain,Female,30,2,106406.58,2,0,0,77131.65,0
4969,15604968,Taylor,786,Germany,Female,22,6,8969.31,2,1,1,19475.46,0
4970,15604969,Johnson,634,France,Male,47,6,0.0,1,1,0,88421.19,0
4971,15604970,Jackson,649,France,Male,48,4,0.0,1,0,1,31929.01,0
4972,15604971,Clark,654,Germany,Male,44,5,43814.97,1,1,0,71674.62,0
4973,15604972,Wilson,656,Spain,Female,37,3,108170.37,1,1,0,60613.78,0
4974,15604973,Young,549,Spain,Female,26,7,0.0,1,0,0,49076.15,0
4975,15604974,Clark,699,France,Female,27,3,179427.4,2,1,0,137119.02,0
4976,15604975,Martin,660,France,Male,29,9,92235.13,1,1,0,40182.13,0
4977,15604976,Clark,570,France,Male,37,5,0.0,1,0,1,135418.51,0
4978,15604977,Harris,633,France,Female,50,4,0.0,1,1,0,7774.43,1
4979,15604978,Walker,470,France,Male,50,9,0.0,1,1,0,134869.06,0
4980,15604979,Harris,501,France,Male,23,5,31870.02,3,0,1,8516.82,0
4981,15604980,Johnson,736,Germany,Female,32,2,74889.25,3,1,0,35611.94,0
4982,15604981,Harris,629,France,Female,32,2,124593.88,2,0,0,100644.51,0
4983,15604982,Moore,779,Spain,Male,18,9,113597.89,2,1,0,197580.2,0
4984,15604983,Anderson,656,Germany,Female,45,6,0.0,1,0,1,127582.77,1
4985,15604984,Johnson,671,Spain,Male,37,0,0.0,2,0,1,695.68,0
4986,15604985,Thomas,648,France,Male,38,0,0.0,4,0,0,155176.83,1
4987,15604986,Anderson,552,Spain,Male,52,0,78994.87,1,0,0,68126.08,0
4988,15604987,Hall,690,Spain,Male,40,5,20082.22,3,0,0,198419.25,0
4989,15604988,Walker,585,Spain,Male,35,3,101569.43,1,0,1,121279.91,0
4990,15604989,Wilson,681,Germany,Male,45,5,97769.9,2,0,1,185070.4,0
4991,15604990,Lewis,569,Germany,Male,50,0,167472.32,2,0,0,9787.95,1
4992,15604991,Anderson,722,Spain,Male,42,3,36664.42,2,0,1,73824.77,0
4993,15604992,Thomas,692,France,Female,46,3,82113.81,1,0,0,57489.85,0
4994,15604993,Walker,769,Spain,Female,38,1,0.0,2,0,0,74923.4,0
4995,15604994,Hall,720,France,Male,38,0,0.0,1,1,0,60953.38,0
4996,15604995,Martin,645,Germany,Male,40,7,156554.54,1,0,0,55646.36,0
4997,15604996,Johnson,799,France,Female,31,5,27486.35,1,0,1,96251.84,0
4998,15604997,Walker,687,France,Female,33,3,105686.46,1,1,0,156099.85,1
4999,15604998,Hall,426,Germany,Male,53,1,111131.35,1,1,0,129324.81,0
5000,15604999,Wilson,591,Spain,Female,59,4,53378.88,1,1,1,73931.27,0
5001,15605000,Allen,636,France,Male,55,8,90842.14,2,1,0,117915.06,0
5002,15605001,Harris,777,France,Male,26,6,87881.7,1,1,0,181391.64,0
5003,15605002,Moore,608,Germany,Male,25,3,0.0,2,1,1,53751.3,0
5004,15605003,Brown,583,France,Female,27,4,0.0,2,1,1,100113.45,0
5005,15605004,Wilson,451,Germany,Female,40,7,27120.81,1,1,1,182327.51,1
5006,15605005,Walker,775,France,Female,18,10,86288.31,2,1,1,146213.83,0
5007,15605006,Allen,790,Germany,Female,33,4,0.0,1,1,0,34957.48,1
5008,15605007,Allen,539,Germany,Male,53,5,16095.07,3,1,1,158680.27,1
5009,15605008,Wilson,512,France,Male,49,9,0.0,1,0,0,160453.43,0
5010,15605009,Smith,751,France,Female,34,5,87050.93,2,0,0,149181.92,0
5011,15605010,Harris,776,France,Female,35,7,67557.67,2,1,0,119164.5,0
5012,15605011,Johnson,580,Spain,Female,45,10,0.0,2,1,0,23610.04,1
5013,15605012,King,627,Spain,Male,48,4,0.0,1,0,0,93852.22,0
5014,15605013,Brown,704,Spain,Male,34,0,88703.08,2,0,1,17345.14,0
5015,15605014,Thomas,551,France,Male,37,3,0.0,2,1,1,103785.87,0
5016,15605015,Clark,562,France,Male,33,2,0.0,1,0,0,81034.88,0
5017,15605016,Anderson,617,France,Male,26,1,66826.6,2,1,1,1193.26,0
5018,15605017,Wright,553,France,Male,37,6,0.0,2,1,0,155543.83,0
5019,15605018,Martin,850,Spain,Female,36,6,6516.3,1,0,0,130156.06,0
5020,15605019,Wright,771,Germany,Male,26,7,0.0,1,0,1,48163.15,0
5021,15605020,Martin,621,Spain,Female,45,9,53081.43,1,1,1,128411.26,1
5022,15605021,Smith,663,France,Male,44,4,0.0,1,1,0,108829.97,0
5023,15605022,Clark,494,Germany,Female,46,0,0.0,2,1,1,101628.36,1
5024,15605023,Walker,689,Spain,Male,31,5,128954.95,2,0,0,75289.76,0
5025,15605024,White,722,Germany,Female,19,5,20880.63,1,1,1,8698.9,0
5026,15605025,Moore,585,Spain,Male,44,10,116553.53,2,1,1,197233.32,0
5027,15605026,Johnson,606,France,Female,32,7,110510.94,2,1,1,101963.59,0
5028,15605027,Harris,562,France,Male,30,9,0.0,1,0,1,10959.96,0
5029,15605028,Clark,784,Spain,Male,26,1,0.0,3,1,1,10146.58,0
5030,15605029,Johnson,779,France,Female,36,10,159501.45,2,0,0,153914.39,0
5031,15605030,Thomas,688,France,Male,55,8,0.0,2,1,1,68952.41,0
5032,15605031,Wright,663,Spain,Male,34,10,0.0,2,0,1,85772.89,0
5033,15605032,Allen,529,Spain,Female,28,5,36092.49,1,0,1,123057.95,0
5034,15605033,Allen,580,Spain,Male,46,0,0.0,1,1,1,429.84,0
5035,15605034,Johnson,622,France,Male,41,8,0.0,1,1,0,103189.09,0
5036,15605035,Taylor,585,France,Male,18,7,0.0,2,0,1,138562.53,0
5037,15605036,Clark,705,Spain,Female,46,9,72220.42,1,1,1,78556.37,0
5038,15605037,Allen,491,Germany,Male,60,0,188142.51,2,0,0,32464.35,1
5039,15605038,Jackson,525,Spain,Male,18,7,122197.96,3,1,0,170397.73,0
5040,15605039,Moore,589,Germany,Female,27,6,0.0,2,0,0,79466.11,1
5041,15605040,Young,497,Germany,Male,18,4,86426.33,1,1,0,199285.76,1
5042,15605041,Anderson,747,Spain,Female,38,5,263802.21,2,1,1,107112.9,0
5043,15605042,Harris,761,France,Female,49,3,105389.35,2,1,1,25291.44,1
5044,15605043,Allen,486,Spain,Male,40,8,162677.47,2,1,1,15934.79,0
5045,15605044,Lewis,678,Spain,Male,53,8,135482.08,2,1,1,41665.49,0
5046,15605045,King,611,Spain,Male,47,9,4794.1,1,1,1,178985.68,0
5047,15605046,Martin,649,France,Female,56,0,0.0,2,1,1,98431.66,0
5048,15605047,Brown,702,Spain,Female,51,8,74223.24,1,0,1,165580.68,0
5049,15605048,Moore,450,France,Female,35,2,69348.68,1,1,0,134168.72,1
5050,15605049,Taylor,754,Spain,Male,40,1,94584.14,1,1,1,171642.46,0
5051,15605050,Moore,701,France,Male,30,3,153600.86,1,1,1,103559.15,0
5052,15605051,King,755,Germany,Male,37,3,0.0,2,0,0,163811.39,1
5053,15605052,Allen,470,France,Female,40,8,0.0,2,1,1,188608.2,0
5054,15605053,Smith,647,France,Male,38,3,0.0,2,1,0,28931.42,0
5055,15605054,Jackson,702,France,Male,52,4,0.0,2,0,1,199398.28,0
5056,15605055,Clark,692,Spain,Male,36,5,0.0,2,0,0,147838.59,0
5057,15605056,Thomas,733,France,Female,30,3,0.0,2,0,1,114898.67,0
5058,15605057,Jackson,694,France,Male,30,0,64665.22,2,0,1,198442.54,0
5059,15605058,Smith,461,Spain,Female,46,1,0.0,1,1,1,33342.8,0
5060,15605059,Taylor,762,France,Female,25,2,142786.28,1,1,0,129536.15,1
5061,15605060,Harris,603,Germany,Female,37,3,109135.54,2,1,0,37669.06,1
5062,15605061,White,670,Germany,Female,52,4,64017.22,1,1,0,101722.41,0
5063,15605062,Wright,801,Spain,Female,42,9,0.0,1,1,0,7929.64,0
5064,15605063,Anderson,649,France,Female,38,9,0.0,2,1,1,68744.42,0
5065,15605064,Clark,616,Spain,Female,39,2,0.0,4,0,0,174662.68,1
5066,15605065,Young,537,France,Male,29,10,0.0,1,1,0,151712.93,0
5067,15605066,Allen,521,France,Female,30,0,120939.88,1,1,0,79376.22,1
5068,15605067,Taylor,533,France,Male,37,10,100617.85,1,0,0,34235.45,0
5069,15605068,White,646,Germany,Female,42,10,161464.1,1,1,0,12406.81,0
5070,15605069,Brown,850,France,Male,48,7,188560.53,2,1,0,190604.1,0
5071,15605070,Thomas,620,Spain,Male,40,7,35135.92,2,0,1,86487.9,1
5072,15605071,Moore,647,Spain,Female,53,3,64104.44,1,1,1,144083.05,0
5073,15605072,Smith,717,France,Male,55,6,79397.77,2,1,1,181640.8,0
5074,15605073,Anderson,582,France,Female,47,3,33244.94,1,0,0,147316.75,1
5075,15605074,Clark,783,Germany,Male,51,2,53698.94,1,0,0,93691.32,1
5076,15605075,Moore,603,Spain,Male,29,6,71460.8,1,1,1,73834.63,1
5077,15605076,Jackson,769,Spain,Female,28,5,77245.22,2,0,1,174624.78,0
5078,15605077,King,708,France,Female,44,0,50132.93,1,1,1,63785.76,1
5079,15605078,Smith,658,France,Female,26,8,0.0,2,1,1,65435.42,0
5080,15605079,White,591,France,Female,36,1,79509.37,2,1,0,151383.14,0
5081,15605080,Johnson,742,France,Male,47,2,0.0,2,1,0,117168.05,0
5082,15605081,Lewis,639,France,Male,53,4,98718.12,2,1,1,85600.79,0
5083,15605082,Taylor,601,Germany,Female,36,2,0.0,1,1,0,90117.11,0
5084,15605083,Hall,804,France,Female,33,2,74768.53,2,1,0,116718.44,0
5085,15605084,Jackson,445,France,Female,42,7,179163.67,1,1,0,87491.24,1
5086,15605085,Hall,797,Spain,Female,28,3,60835.12,1,1,0,63342.84,0
5087,15605086,King,847,Germany,Male,37,9,131148.12,1,0,1,181216.57,0
5088,15605087,Thomas,564,France,Female,39,1,6137.65,2,1,0,101282.8,1
5089,15605088,Wright,586,Spain,Male,39,4,0.0,3,1,1,39729.74,0
5090,15605089,Wilson,542,France,Female,40,1,0.0,2,1,1,32921.8,0
5091,15605090,Young,735,France,Female,31,9,0.0,2,1,1,57533.52,0
5092,15605091,White,588,France,Male,32,10,0.0,1,0,0,197304.01,0
5093,15605092,Taylor,638,Germany,Male,32,7,71131.54,1,1,0,184935.1,0
5094,15605093,Brown,712,France,Female,23,2,0.0,2,1,0,18428.45,0
5095,15605094,Wright,494,France,Male,42,1,165988.73,2,1,0,16865.98,0
5096,15605095,Young,501,France,Male,48,2,0.0,1,1,1,76373.43,0
5097,15605096,Young,682,Germany,Female,47,2,100208.81,1,1,1,102651.42,1
5098,15605097,Smith,613,France,Male,36,0,127614.24,1,0,1,60724.16,0
5099,15605098,Allen,554,France,Male,31,2,31069.7,4,1,0,131224.29,0
5100,15605099,Taylor,650,France,Female,46,2,0.0,1,0,1,85719.84,0
5101,15605100,Thomas,638,France,Male,45,3,94510.13,1,0,1,107466.22,0
5102,15605101,Martin,562,Spain,Female,41,7,0.0,2,0,0,56127.23,1
5103,15605102,White,665,Spain,Female,56,8,167816.1,2,1,0,13901.7,0
5104,15605103,Allen,554,France,Male,39,0,0.0,2,1,1,138427.96,1
5105,15605104,Wilson,720,France,Male,36,0,59203.5,2,1,0,145234.16,0
5106,15605105,Walker,631,France,Male,35,5,212774.7,2,1,1,94807.01,0
5107,15605106,Hall,828,France,Female,23,0,91897.66,3,1,1,172470.04,0
5108,15605107,Anderson,524,France,Female,46,4,0.0,2,1,0,61256.5,1
5109,15605108,Thomas,593,Germany,Male,38,0,0.0,1,0,0,144830.35,1
5110,15605109,Smith,741,Germany,Female,44,7,0.0,1,0,1,116039.18,1
5111,15605110,Brown,548,Germany,Male,57,4,0.0,2,0,1,85888.37,0
5112,15605111,Anderson,653,Germany,Male,35,5,0.0,1,1,1,42415.34,0
5113,15605112,Taylor,458,Spain,Male,18,3,165667.12,1,1,0,132163.02,0
5114,15605113,Harris,546,Spain,Female,44,7,122926.46,2,1,1,32017.96,1
5115,15605114,King,559,France,Female,41,8,98951.81,1,1,1,145022.79,0
5116,15605115,Walker,633,Spain,Male,32,8,0.0,1,0,0,43000.45,0
5117,15605116,Hall,746,France,Male,43,0,43487.89,2,1,0,3471.86,0
5118,15605117,King,624,France,Male,47,6,0.0,1,0,1,60616.69,1
5119,15605118,Moore,619,Germany,Female,30,3,0.0,2,1,1,172828.39,0
5120,15605119,Johnson,572,France,Male,36,9,80778.14,3,0,0,5758.27,0
5121,15605120,Walker,539,France,Male,54,10,69915.99,1,1,0,12488.75,0
5122,15605121,Anderson,749,Germany,Female,32,7,0.0,1,0,0,106760.72,1
5123,15605122,Martin,667,France,Male,40,6,0.0,1,1,0,834.51,0
5124,15605123,Jackson,619,France,Male,18,0,0.0,2,1,0,127730.55,0
5125,15605124,Thomas,805,Germany,Female,24,0,0.0,1,1,1,124876.9,0
5126,15605125,King,381,Spain,Female,41,0,0.0,2,1,1,44229.67,0
5127,15605126,Wright,749,Spain,Male,51,1,28439.47,2,0,0,87011.4,0
5128,15605127,Martin,497,France,Male,25,9,191985.23,1,1,1,153240.48,0
5129,15605128,Anderson,663,France,Male,40,1,0.0,1,0,1,40340.44,0
5130,15605129,Martin,744,Germany,Female,35,8,73302.81,1,1,0,120629.79,0
5131,15605130,Harris,477,Spain,Female,49,4,124876.11,1,1,1,87808.94,0
5132,15605131,Harris,770,Spain,Male,27,0,0.0,2,0,1,78858.87,1
5133,15605132,Johnson,637,France,Male,43,6,0.0,1,0,0,65875.73,0
5134,15605133,Clark,572,France,Female,32,9,142027.48,1,1,1,108928.06,0
5135,15605134,Allen,672,Germany,Male,41,1,0.0,2,0,1,50256.07,1
5136,15605135,Thomas,701,France,Female,40,2,119187.06,2,1,1,127336.46,0
5137,15605136,Taylor,850,Spain,Female,36,3,91866.12,1,1,0,22860.52,0
5138,15605137,White,631,France,Female,44,2,0.0,1,0,1,171675.48,0
5139,15605138,King,732,Spain,Female,39,2,0.0,2,1,1,152925.08,0
5140,15605139,Allen,662,Germany,Male,38,8,0.0,2,1,0,83161.24,1
5141,15605140,Hall,684,Spain,Male,35,3,0.0,2,0,1,35646.74,0
5142,15605141,Martin,626,France,Male,40,7,0.0,2,1,0,79011.77,0
5143,15605142,Allen,576,Spain,Male,41,0,0.0,2,1,1,134842.72,0
5144,15605143,Harris,687,Germany,Female,29,5,68644.52,2,1,0,73236.46,1
5145,15605144,Clark,553,France,Male,36,0,165121.3,1,0,1,16485.28,0
5146,15605145,Wilson,456,Germany,Male,28,4,0.0,1,1,1,21832.96,0
5147,15605146,Smith,660,Spain,Male,39,6,87409.49,1,1,1,139312.2,0
5148,15605147,King,570,Germany,Male,33,0,30791.05,1,1,1,171360.58,0
5149,15605148,Walker,622,Spain,Male,47,8,0.0,1,1,0,165851.79,1
5150,15605149,Allen,488,France,Female,46,10,0.0,1,1,1,148865.92,1
5151,15605150,Johnson,742,France,Male,30,8,0.0,2,1,1,152008.47,0
5152,15605151,King,389,France,Male,39,5,156983.14,2,0,0,196135.29,0
5153,15605152,Martin,691,Germany,Male,45,1,41377.64,1,1,1,31206.93,0
5154,15605153,King,701,Germany,Female,37,1,59438.88,1,0,1,109069.82,0
5155,15605154,Allen,669,Spain,Male,32,8,20465.44,1,1,1,52580.62,0
5156,15605155,Taylor,750,France,Male,28,3,0.0,1,0,1,46063.33,0
5157,15605156,Moore,536,France,Female,48,5,0.0,1,0,1,81864.35,0
5158,15605157,Thomas,840,Germany,Male,48,9,174316.61,2,1,0,67331.76,1
5159,15605158,Smith,563,France,Female,37,1,0.0,1,1,1,130845.34,0
5160,15605159,Taylor,714,France,Female,47,3,0.0,1,1,1,82964.2,0
5161,15605160,Smith,827,Spain,Female,18,1,0.0,2,1,0,57043.81,0
5162,15605161,Brown,630,France,Male,52,2,26961.25,3,0,0,16762.67,1
5163,15605162,Wilson,580,France,Female,37,1,58144.58,1,0,1,58175.1,0
5164,15605163,White,727,France,Male,40,7,85826.43,1,1,1,96784.93,0
5165,15605164,King,594,France,Female,36,4,164289.61,1,1,1,121416.49,0
5166,15605165,King,566,Germany,Female,53,4,133748.31,2,1,0,127865.7,1
5167,15605166,Martin,717,France,Female,28,7,120024.63,2,1,0,41896.33,0
5168,15605167,White,723,France,Female,54,10,122632.1,2,0,1,81779.06,0
5169,15605168,Walker,647,France,Male,43,7,0.0,1,1,1,80633.38,0
5170,15605169,Allen,656,Germany,Male,45,6,79772.77,2,1,1,2993.26,0
5171,15605170,King,666,France,Female,36,4,157286.97,1,1,0,176827.04,1
5172,15605171,Taylor,631,Spain,Female,26,6,0.0,1,1,0,134784.31,0
5173,15605172,Wright,623,France,Male,48,0,151754.76,1,1,0,132446.18,0
5174,15605173,Clark,519,France,Female,42,2,44700.32,1,1,1,115667.23,0
5175,15605174,Martin,579,France,Male,53,2,0.0,2,1,0,92162.78,0
5176,15605175,Hall,649,Germany,Male,37,1,0.0,4,1,0,44967.39,1
5177,15605176,Young,850,Germany,Female,35,5,162401.77,1,0,1,78491.94,0
5178,15605177,Clark,539,France,Female,53,2,0.0,2,1,1,35286.5,0
5179,15605178,Martin,602,Spain,Male,58,3,12447.52,2,1,0,163092.93,1
5180,15605179,Moore,524,Germany,Female,39,2,147019.74,2,1,1,42201.19,0
5181,15605180,Allen,448,France,Female,31,6,0.0,2,1,1,55459.61,0
5182,15605181,Walker,784,Germany,Female,47,3,122524.36,1,1,0,2553.11,0
5183,15605182,Martin,701,France,Male,36,4,127970.43,2,1,0,74892.24,0
5184,15605183,Anderson,781,Germany,Male,45,6,3554.16,1,0,0,141963.39,0
5185,15605184,Moore,467,Germany,Female,36,3,0.0,2,0,0,35661.62,0
5186,15605185,Harris,711,Germany,Male,55,5,0.0,2,1,1,102278.12,0
5187,15605186,Brown,850,Spain,Female,32,8,0.0,1,0,0,187745.64,0
5188,15605187,Lewis,743,France,Male,44,5,0.0,2,1,1,87708.1,0
5189,15605188,Walker,705,Germany,Female,34,4,33545.94,2,0,1,158933.04,0
5190,15605189,Allen,575,France,Male,36,0,113188.46,2,0,1,159676.88,0
5191,15605190,Hall,791,France,Male,35,7,146269.18,2,1,1,130452.98,0
5192,15605191,Hall,587,Spain,Female,46,4,30524.68,1,0,1,73221.67,0
5193,15605192,White,699,Germany,Female,48,4,0.0,2,1,1,151928.57,0
5194,15605193,Clark,549,Germany,Female,45,2,71656.16,2,1,0,187989.92,0
5195,15605194,White,641,France,Female,38,9,0.0,1,1,0,54435.21,1
5196,15605195,Smith,745,Germany,Female,40,1,0.0,1,1,1,100320.24,0
5197,15605196,Hall,738,Spain,Male,48,0,0.0,2,1,1,120067.03,0
5198,15605197,Clark,652,France,Male,48,8,148452.03,2,0,0,118880.49,1
5199,15605198,Harris,850,France,Female,18,4,75184.4,2,1,1,83350.38,0
5200,15605199,Martin,630,France,Male,36,9,221581.26,1,1,1,108724.55,0
5201,15605200,Anderson,761,France,Male,37,3,129571.16,1,0,1,11180.27,0
5202,15605201,Clark,595,Germany,Male,46,6,136889.71,2,1,1,12894.72,0
5203,15605202,Allen,529,Spain,Female,38,3,200234.43,1,1,0,186353.09,1
5204,15605203,Thomas,631,Spain,Female,46,10,104194.44,1,0,1,110225.41,0
5205,15605204,White,487,Germany,Male,28,1,0.0,2,0,0,39052.31,0
5206,15605205,Martin,681,France,Female,42,8,0.0,2,1,0,52905.42,0
5207,15605206,Taylor,660,Germany,Male,48,7,0.0,2,1,0,140787.72,0
5208,15605207,Hall,710,France,Male,24,3,0.0,2,1,1,138414.45,0
5209,15605208,Wright,649,Germany,Female,64,7,2232.3,1,1,0,131629.28,1
5210,15605209,Martin,621,France,Female,51,8,146082.88,1,1,0,49996.69,0
5211,15605210,Clark,657,Germany,Male,39,1,0.0,2,0,0,166704.96,1
5212,15605211,Anderson,760,France,Male,31,3,0.0,1,0,0,12985.9,1
5213,15605212,Young,749,France,Male,37,10,0.0,2,1,0,84376.25,1
5214,15605213,Walker,774,Germany,Female,40,5,37931.67,1,1,1,152725.02,1
5215,15605214,Clark,431,France,Male,43,6,0.0,1,0,1,47660.18,0
5216,15605215,Hall,754,Spain,Male,54,4,111594.36,2,1,1,48097.27,0
5217,15605216,Thomas,718,France,Male,34,9,54852.11,1,1,1,279.69,0
5218,15605217,Martin,849,Spain,Female,45,9,60406.81,2,1,1,98861.75,0
5219,15605218,Moore,599,France,Female,26,6,62697.1,1,1,1,183722.34,0
5220,15605219,Johnson,621,France,Female,35,10,39806.46,2,0,0,102540.23,0
5221,15605220,Thomas,676,France,Male,43,3,98919.83,2,0,1,186708.93,0
5222,15605221,Clark,416,France,Male,46,7,0.0,2,0,1,43094.62,0
5223,15605222,White,384,France,Male,31,2,80530.02,2,1,0,78976.7,0
5224,15605223,Lewis,680,France,Male,35,2,184213.6,2,1,0,198317.61,0
5225,15605224,Johnson,538,France,Female,54,4,117994.36,2,0,0,159907.55,0
5226,15605225,Wright,520,France,Female,51,5,16688.82,1,1,0,115130.03,1
5227,15605226,Harris,703,Spain,Female,41,2,18741.18,1,1,1,17425.46,0
5228,15605227,Lewis,496,Germany,Female,18,9,43600.27,2,0,0,26104.34,1
5229,15605228,Wright,718,France,Male,64,1,0.0,2,1,0,88056.67,1
5230,15605229,Martin,566,Spain,Male,39,4,118617.56,2,1,0,162987.24,1
5231,15605230,Taylor,562,Spain,Female,36,9,27592.4,2,1,0,148278.99,0
5232,15605231,Thomas,685,France,Male,34,5,0.0,1,1,0,170908.22,0
5233,15605232,Allen,530,Spain,Male,43,2,0.0,2,0,0,81051.5,0
5234,15605233,Walker,818,France,Male,43,6,95719.62,1,1,0,115498.33,0
5235,15605234,Jackson,640,Spain,Female,49,2,116925.23,1,1,0,61606.57,0
5236,15605235,Wright,648,France,Male,30,1,0.0,1,0,0,107631.02,0
5237,15605236,Young,711,Spain,Female,36,9,179756.8,1,0,1,123265.46,1
5238,15605237,Moore,754,Spain,Male,59,3,160971.09,2,1,0,103208.6,0
5239,15605238,White,599,France,Female,41,2,27655.17,1,1,1,39624.36,0
5240,15605239,Clark,717,France,Female,37,6,211405.67,2,1,1,67883.8,0
5241,15605240,Martin,723,Germany,Male,30,7,87290.12,1,1,0,125866.78,0
5242,15605241,Young,792,France,Male,44,2,101548.5,1,1,1,114783.68,0
5243,15605242,Walker,605,Spain,Male,49,5,135104.81,1,1,1,89691.66,0
5244,15605243,Young,723,Germany,Male,48,0,16504.42,1,1,1,12474.5,1
5245,15605244,Jackson,705,Spain,Female,36,4,184826.5,2,1,1,90751.46,1
5246,15605245,Taylor,691,Spain,Female,43,1,0.0,1,1,0,113303.66,1
5247,15605246,Harris,435,Germany,Male,56,0,164271.3,1,1,0,43766.39,1
5248,15605247,Brown,772,Germany,Female,50,6,0.0,1,1,1,2892.09,1
5249,15605248,Smith,751,France,Male,31,9,25387.79,1,1,1,102432.37,0
5250,15605249,Martin,714,France,Female,18,3,119620.62,2,1,1,75850.36,0
5251,15605250,Smith,591,France,Female,42,4,0.0,2,0,0,137974.18,1
5252,15605251,White,810,Germany,Male,47,1,0.0,1,1,1,25169.15,0
5253,15605252,Wilson,644,Spain,Female,28,7,0.0,1,1,0,108360.89,0
5254,15605253,Martin,697,France,Male,39,10,0.0,1,1,0,179917.34,1
5255,15605254,Wilson,539,Germany,Male,36,9,51831.1,2,1,0,185088.81,0
5256,15605255,Taylor,620,France,Male,40,2,64482.49,1,0,0,175911.24,0
5257,15605256,Moore,657,France,Male,34,6,0.0,2,1,0,160379.77,0
5258,15605257,Hall,565,Spain,Female,52,10,117481.5,2,0,1,187603.86,1
5259,15605258,Smith,586,France,Male,40,0,4669.88,2,1,1,193769.76,0
5260,15605259,Allen,702,Germany,Male,30,9,0.0,2,1,1,56892.98,0
5261,15605260,Wilson,751,France,Male,48,0,0.0,1,1,1,97551.85,1
5262,15605261,Lewis,509,Germany,Male,26,6,50449.05,2,1,0,141923.82,0
5263,15605262,Allen,850,Spain,Male,52,0,0.0,1,0,0,101616.92,0
5264,15605263,Allen,566,France,Male,49,8,0.0,1,0,0,181505.08,1
5265,15605264,Anderson,550,Germany,Male,53,8,123330.08,1,1,1,194917.4,0
5266,15605265,Young,798,Spain,Female,37,7,0.0,1,1,1,99236.53,0
5267,15605266,Lewis,717,France,Female,34,7,0.0,2,1,0,66155.87,0
5268,15605267,Allen,744,France,Male,40,3,114978.65,1,1,1,81419.68,0
5269,15605268,Clark,568,Germany,Female,38,3,93541.45,2,1,1,135720.42,1
5270,15605269,Smith,694,France,Female,32,4,104021.22,1,1,0,145252.05,1
5271,15605270,Clark,850,France,Female,33,8,74513.91,2,1,0,75619.17,0
5272,15605271,Walker,567,France,Male,35,2,0.0,1,0,1,169276.43,1
5273,15605272,White,721,France,Female,27,3,0.0,2,1,0,25211.92,0
5274,15605273,Jackson,575,Germany,Male,46,9,2028.91,4,0,1,4769.72,1
5275,15605274,Brown,549,France,Female,38,4,32473.02,2,0,1,195950.76,0
5276,15605275,Taylor,626,France,Male,36,6,135055.43,2,1,1,184061.26,0
5277,15605276,Wright,647,France,Female,28,4,0.0,3,1,1,61159.79,0
5278,15605277,Jackson,634,France,Male,27,8,105125.35,1,0,0,191199.27,0
5279,15605278,Moore,643,Germany,Female,58,5,36374.07,1,1,1,62587.36,1
5280,15605279,Allen,850,France,Male,33,2,106178.1,2,0,0,94415.05,1
5281,15605280,Harris,816,Germany,Male,45,5,172936.8,1,1,0,105679.57,0
5282,15605281,Hall,667,France,Male,41,5,88028.92,2,1,0,127738.4,0
5283,15605282,Wright,659,France,Male,18,9,132329.32,1,1,0,105137.78,0
5284,15605283,Young,791,Germany,Female,57,0,0.0,2,1,1,182286.28,1
5285,15605284,Smith,721,France,Male,46,6,39369.4,2,0,1,111982.88,1
5286,15605285,King,676,Spain,Male,31,2,146905.73,2,1,1,6037.74,0
5287,15605286,Lewis,850,Germany,Male,39,0,206391.98,1,0,1,35332.13,0
5288,15605287,Jackson,566,France,Male,28,0,126408.29,2,1,1,191632.69,0
5289,15605288,Johnson,649,France,Male,57,4,0.0,2,0,0,8919.53,1
5290,15605289,Martin,637,Spain,Male,30,9,9361.83,1,0,0,151220.73,0
5291,15605290,Lewis,695,France,Female,34,9,53275.97,2,1,1,195323.23,1
5292,15605291,Anderson,547,France,Male,32,1,102845.53,2,0,1,6018.04,0
5293,15605292,Harris,696,France,Male,40,1,38818.5,2,0,1,171991.23,1
5294,15605293,Smith,624,France,Male,53,3,113013.31,1,1,1,140852.11,0
5295,15605294,Brown,751,Germany,Female,57,9,9773.46,1,1,1,6559.41,0
5296,15605295,Johnson,620,France,Male,35,10,0.0,1,1,1,119787.21,0
5297,15605296,Hall,595,France,Male,43,6,86597.03,1,1,0,183227.98,0
5298,15605297,Thomas,717,Spain,Female,40,7,118977.32,1,1,1,89049.93,1
5299,15605298,Anderson,661,France,Male,29,10,0.0,1,0,1,148697.06,0
5300,15605299,Taylor,625,France,Female,63,9,0.0,2,1,1,65141.71,1
5301,15605300,Allen,631,Germany,Male,53,6,0.0,2,0,1,78767.4,0
5302,15605301,Moore,603,France,Male,41,8,76929.31,1,1,1,137716.73,0
5303,15605302,King,850,Germany,Female,55,6,0.0,2,0,1,6129.52,0
5304,15605303,Thomas,703,Germany,Female,51,3,0.0,2,1,0,146572.62,1
5305,15605304,White,725,France,Male,40,8,73141.6,1,1,1,52606.93,0
5306,15605305,Johnson,701,Spain,Female,42,8,115974.61,1,1,0,169685.94,1
5307,15605306,Smith,677,France,Male,54,2,0.0,2,0,0,111841.44,1
5308,15605307,King,609,France,Male,30,9,44611.4,1,1,1,57679.76,1
5309,15605308,Moore,583,Germany,Male,56,7,141976.62,2,0,1,136467.83,1
5310,15605309,Martin,609,Germany,Female,37,0,0.0,1,0,1,182903.13,0
5311,15605310,Taylor,714,France,Male,54,1,14994.01,2,1,0,103487.79,1
5312,15605311,Brown,608,Spain,Male,39,7,93425.56,1,1,0,172418.51,0
5313,15605312,Anderson,776,Germany,Female,42,7,127361.22,2,1,0,187180.02,0
5314,15605313,Smith,814,Germany,Female,39,5,61990.83,1,0,1,75095.48,0
5315,15605314,White,482,Spain,Female,34,7,71128.91,2,1,0,165871.67,1
5316,15605315,Wright,805,France,Male,36,7,109260.03,1,1,0,155544.38,0
5317,15605316,White,542,France,Female,53,1,0.0,2,1,0,111283.26,1
5318,15605317,Moore,625,Germany,Female,18,2,70302.08,2,0,1,11026.51,0
5319,15605318,Wilson,665,France,Male,27,6,35556.07,2,1,1,160654.37,0
5320,15605319,Jackson,448,Spain,Male,32,2,40626.59,2,1,0,10546.72,0
5321,15605320,White,583,France,Male,28,10,35822.29,2,1,1,193452.04,0
5322,15605321,Clark,666,France,Male,54,1,52980.99,1,1,1,91338.26,1
5323,15605322,Clark,532,France,Female,52,5,0.0,2,0,0,5366.67,1
5324,15605323,Wilson,527,Germany,Male,45,1,0.0,1,0,1,46116.36,0
5325,15605324,Johnson,830,France,Female,33,1,20903.03,2,0,1,45915.48,0
5326,15605325,Hall,663,Spain,Male,52,10,22339.62,1,1,1,172715.89,0
5327,15605326,Johnson,748,France,Male,23,1,74855.74,1,0,0,14806.58,0
5328,15605327,Young,837,France,Female,60,3,0.0,1,1,1,34508.09,0
5329,15605328,King,729,France,Male,32,6,128527.94,1,0,0,73414.93,0
5330,15605329,Walker,601,Spain,Male,36,5,154077.56,1,0,1,35466.18,0
5331,15605330,Lewis,592,France,Female,35,4,155049.98,2,1,1,38399.02,1
5332,15605331,Smith,702,France,Male,28,3,55122.15,1,1,1,42615.41,0
5333,15605332,Taylor,718,France,Male,58,1,42808.41,2,1,0,28505.35,0
5334,15605333,Martin,676,France,Male,47,10,39596.79,1,0,1,123716.85,0
5335,15605334,Smith,725,Germany,Male,51,7,14945.01,2,0,1,14175.68,0
5336,15605335,Smith,639,Germany,Male,27,1,119303.04,1,1,1,71332.85,0
5337,15605336,Brown,651,France,Female,41,10,0.0,1,1,1,134364.41,1
5338,15605337,Moore,609,Spain,Female,44,7,43253.29,1,0,1,62076.29,1
5339,15605338,Clark,566,Germany,Male,42,9,39981.01,2,0,0,68762.65,1
5340,15605339,Clark,564,France,Female,27,3,48131.15,1,1,1,153597.2,1
5341,15605340,Harris,614,Germany,Male,50,4,40245.95,2,1,1,157116.75,0
5342,15605341,Hall,721,Germany,Female,40,10,0.0,2,1,1,148090.53,0
5343,15605342,Moore,653,France,Female,29,0,0.0,1,1,0,66593.74,0
5344,15605343,King,609,France,Female,20,1,0.0,1,1,0,106124.28,1
5345,15605344,Hall,625,Germany,Male,45,10,15057.8,2,1,1,174715.71,0
5346,15605345,Taylor,474,Spain,Male,64,7,0.0,2,1,1,85388.58,0
5347,15605346,Wright,598,France,Female,29,0,183304.71,1,1,1,54584.81,0
5348,15605347,Walker,724,France,Male,41,2,134469.72,2,1,0,5767.17,0
5349,15605348,Smith,538,France,Female,50,1,0.0,1,1,1,114146.99,0
5350,15605349,Walker,498,Spain,Male,26,9,103530.78,2,0,1,43015.3,0
5351,15605350,Thomas,531,Spain,Female,34,4,163510.15,2,1,1,145875.88,1
5352,15605351,Walker,602,Germany,Male,30,3,0.0,2,1,0,16847.07,1
5353,15605352,Martin,644,France,Male,49,3,0.0,1,0,0,82781.82,0
5354,15605353,Taylor,673,Spain,Male,52,3,0.0,1,1,1,66859.62,0
5355,15605354,Young,718,Spain,Female,41,10,84072.82,1,1,1,55933.39,0
5356,15605355,King,626,France,Male,31,3,0.0,1,1,1,197740.88,0
5357,15605356,Brown,721,France,Male,35,3,139084.56,1,1,1,19804.72,0
5358,15605357,Johnson,534,Germany,Male,33,5,0.0,1,1,1,501.27,0
5359,15605358,Martin,767,Germany,Female,29,1,0.0,1,1,0,2988.44,0
5360,15605359,Wilson,685,France,Female,38,3,0.0,2,1,1,20641.29,0
5361,15605360,White,455,Spain,Male,45,6,0.0,1,0,0,169701.39,0
5362,15605361,Lewis,660,France,Female,44,6,177771.72,1,1,1,32645.01,0
5363,15605362,Johnson,850,Spain,Female,39,0,186629.53,2,1,0,114618.01,0
5364,15605363,Wright,849,Spain,Female,40,9,0.0,1,1,0,127274.8,1
5365,15605364,Smith,648,Spain,Male,38,8,21875.89,1,0,1,153394.93,0
5366,15605365,Wright,708,Germany,Female,26,6,151094.58,1,1,0,26124.99,0
5367,15605366,Taylor,542,Spain,Male,41,10,0.0,1,1,0,25766.94,0
5368,15605367,White,526,France,Male,33,5,230924.41,1,1,0,62127.17,0
5369,15605368,Allen,632,Germany,Female,26,1,115303.76,1,1,1,20628.8,1
5370,15605369,Thomas,603,France,Female,43,5,0.0,2,1,1,55461.12,1
5371,15605370,Clark,664,France,Female,33,4,5598.66,1,1,0,118873.75,1
5372,15605371,Young,711,France,Male,41,8,0.0,1,0,1,85755.09,1
5373,15605372,King,707,France,Male,47,0,19453.58,1,1,1,59405.23,0
5374,15605373,Hall,749,Germany,Male,29,4,8899.25,2,1,1,67201.76,0
5375,15605374,Anderson,699,France,Female,40,2,0.0,2,0,0,46754.78,1
5376,15605375,Martin,759,Germany,Male,21,8,46556.24,1,1,0,89574.99,0
5377,15605376,Jackson,750,Spain,Male,54,0,0.0,1,1,0,91821.01,1
5378,15605377,Lewis,631,France,Male,25,5,0.0,1,1,1,179208.72,0
5379,15605378,Wilson,451,Germany,Male,34,2,0.0,1,1,1,133604.54,0
5380,15605379,Anderson,532,France,Female,52,0,0.0,2,1,0,126118.99,0
5381,15605380,Walker,707,France,Male,37,10,0.0,2,1,0,52378.46,0
5382,15605381,King,666,Spain,Female,27,2,45580.56,2,0,1,68210.31,0
5383,15605382,Taylor,848,France,Female,46,1,0.0,1,0,0,174471.21,0
5384,15605383,Jackson,497,France,Male,46,9,96261.91,1,1,1,113225.16,0
5385,15605384,Harris,737,Spain,Male,33,7,65940.54,2,1,1,36044.53,0
5386,15605385,Hall,648,Spain,Male,34,2,0.0,1,0,1,145280.82,1
5387,15605386,Allen,572,France,Female,35,10,37520.51,1,1,1,12856.18,0
5388,15605387,Walker,822,Germany,Female,37,6,0.0,2,1,0,178699.79,1
5389,15605388,Johnson,544,Spain,Male,20,9,0.0,1,1,1,109229.6,0
5390,15605389,Moore,683,Germany,Male,37,5,0.0,1,1,0,196094.01,0
5391,15605390,King,771,France,Female,57,6,0.0,2,0,0,55289.38,1
5392,15605391,Moore,569,Spain,Male,30,10,0.0,2,1,1,22088.38,0
5393,15605392,Harris,472,Germany,Female,33,6,0.0,2,0,1,97984.99,0
5394,15605393,Thomas,710,Spain,Male,27,9,36451.2,3,1,0,109535.04,0
5395,15605394,Martin,761,Spain,Male,45,0,158492.02,1,1,1,150618.11,0
5396,15605395,Anderson,601,France,Female,51,3,0.0,3,0,1,120200.29,0
5397,15605396,Anderson,497,France,Female,51,3,145068.99,1,1,1,80430.58,0
5398,15605397,Martin,674,France,Male,27,4,54406.04,1,0,0,37253.08,0
5399,15605398,Moore,621,France,Male,44,9,0.0,2,1,1,177614.99,0
5400,15605399,Smith,469,Germany,Male,53,4,56297.56,1,1,1,62538.44,1
5401,15605400,Wright,706,France,Male,44,7,0.0,1,1,0,42696.55,0
5402,15605401,Hall,581,Germany,Female,44,3,0.0,1,0,0,52857.6,1
5403,15605402,Allen,709,Germany,Male,34,0,0.0,1,1,0,109247.02,1
5404,15605403,Clark,850,France,Female,41,4,0.0,2,1,1,2751.05,0
5405,15605404,Harris,647,France,Male,51,0,44196.92,2,1,0,155108.43,1
5406,15605405,Wright,658,Germany,Female,42,2,144981.61,2,1,0,158442.32,0
5407,15605406,Hall,662,Germany,Male,27,7,106322.28,1,1,0,175137.43,0
5408,15605407,Wilson,640,France,Female,34,9,167551.68,2,1,0,163412.37,0
5409,15605408,Walker,537,France,Female,51,4,21766.98,1,1,1,17637.16,1
5410,15605409,Walker,680,Spain,Female,42,6,0.0,1,1,1,105954.5,0
5411,15605410,Taylor,595,Spain,Male,40,0,98565.54,1,1,0,33606.0,0
5412,15605411,Young,607,France,Male,33,5,0.0,2,0,1,20875.83,0
5413,15605412,Young,579,Spain,Male,51,7,94631.93,2,0,0,748.71,0
5414,15605413,Lewis,694,France,Female,56,5,49114.68,1,1,1,6125.76,1
5415,15605414,Young,574,France,Male,52,3,258657.01,1,1,0,70443.77,1
5416,15605415,Johnson,687,France,Male,53,10,0.0,2,1,1,3662.29,1
5417,15605416,Allen,698,France,Female,35,7,29999.75,1,1,0,85678.49,0
5418,15605417,Moore,656,France,Female,34,7,38683.13,2,1,0,26525.39,1
5419,15605418,Moore,513,France,Male,37,5,28840.37,1,1,0,164855.39,0
5420,15605419,Wilson,591,France,Female,39,7,0.0,1,1,1,76418.47,0
5421,15605420,Hall,642,France,Female,53,5,132299.09,2,1,0,127914.25,1
5422,15605421,Harris,522,France,Male,51,3,0.0,2,1,0,94518.03,1
5423,15605422,Hall,680,Germany,Female,44,10,66204.15,2,1,1,91499.73,0
5424,15605423,Lewis,789,France,Male,25,5,130444.32,1,1,0,94777.47,0
5425,15605424,Johnson,699,France,Male,22,8,98605.61,1,1,0,55869.3,0
5426,15605425,Wilson,530,Spain,Male,41,7,0.0,2,0,0,24747.65,0
5427,15605426,Harris,850,Germany,Male,48,6,0.0,2,1,1,176849.61,0
5428,15605427,Wilson,599,France,Female,38,4,175039.81,1,1,1,150830.84,0
5429,15605428,Harris,674,Spain,Male,58,6,0.0,3,0,1,50162.96,0
5430,15605429,Brown,584,Spain,Female,28,0,15537.51,2,1,1,3344.91,0
5431,15605430,Thomas,670,Spain,Male,27,7,23334.24,2,1,0,105759.65,0
5432,15605431,Anderson,784,France,Male,32,4,123057.05,2,0,1,17928.36,0
5433,15605432,Moore,546,Spain,Male,32,6,0.0,1,1,1,142214.9,0
5434,15605433,Moore,604,France,Male,44,6,98593.6,1,1,0,61263.25,0
5435,15605434,Wilson,666,Spain,Female,35,7,0.0,1,0,0,117574.87,0
5436,15605435,Walker,483,Spain,Female,24,6,126767.81,1,1,0,87929.91,0
5437,15605436,Hall,730,France,Male,48,5,10839.65,2,1,1,17874.35,0
5438,15605437,Harris,580,Germany,Female,21,5,95093.74,2,1,0,195649.45,0
5439,15605438,Allen,655,France,Male,28,4,48581.11,3,1,0,260.28,0
5440,15605439,Walker,543,Germany,Female,23,4,72657.57,1,0,1,186579.7,0
5441,15605440,King,539,France,Male,41,3,0.0,2,1,1,139648.83,0
5442,15605441,Lewis,649,France,Female,41,6,146001.47,2,1,1,109637.75,0
5443,15605442,Brown,801,France,Male,58,10,70966.4,1,0,0,165683.84,0
5444,15605443,White,557,Germany,Male,48,2,137014.35,1,1,0,5729.3,1
5445,15605444,Hall,739,France,Male,53,4,20928.55,1,1,0,27433.58,0
5446,15605445,Moore,777,France,Female,42,2,0.0,2,1,1,119907.31,0
5447,15605446,Brown,745,France,Male,29,7,104680.58,2,1,1,106516.62,0
5448,15605447,Brown,633,Spain,Female,40,4,0.0,1,0,1,109922.98,0
5449,15605448,Brown,673,Spain,Female,45,10,0.0,3,1,1,170742.25,0
5450,15605449,Anderson,798,France,Female,46,9,12120.76,1,1,0,133240.02,0
5451,15605450,Brown,742,France,Male,34,5,0.0,1,1,1,70780.19,0
5452,15605451,White,652,France,Female,44,0,0.0,2,1,0,121498.93,0
5453,15605452,Walker,536,France,Male,30,10,0.0,2,0,0,139306.79,1
5454,15605453,Martin,828,France,Male,29,3,0.0,2,0,0,38646.14,0
5455,15605454,Taylor,661,Spain,Female,28,8,0.0,2,1,1,5302.52,0
5456,15605455,Walker,597,France,Male,39,4,29346.63,2,1,1,100765.62,0
5457,15605456,Walker,701,France,Male,27,0,9831.77,1,1,1,135010.31,0
5458,15605457,Young,446,France,Female,35,3,136087.85,1,0,0,173741.55,1
5459,15605458,Hall,717,Germany,Male,48,5,0.0,1,0,0,116418.87,1
5460,15605459,Johnson,709,Germany,Male,29,6,0.0,1,1,0,117434.47,0
5461,15605460,Brown,684,Germany,Female,34,6,0.0,2,0,1,101304.02,0
5462,15605461,Anderson,741,France,Male,40,7,0.0,1,1,0,184928.86,0
5463,15605462,Taylor,677,France,Female,41,4,85386.72,2,1,1,171852.17,0
5464,15605463,King,708,France,Female,34,5,162974.76,2,1,1,101632.74,0
5465,15605464,Anderson,716,France,Male,47,10,153430.51,4,1,0,135345.55,0
5466,15605465,Moore,751,Spain,Male,45,10,0.0,2,1,0,130476.62,0
5467,15605466,Wilson,618,Germany,Male,50,1,0.0,1,0,1,49577.44,0
5468,15605467,Hall,693,Germany,Male,38,9,0.0,2,1,1,47502.94,0
5469,15605468,Young,605,Germany,Male,34,1,0.0,1,1,1,199814.92,1
5470,15605469,Moore,680,France,Male,32,2,90318.57,2,1,1,164539.55,0
5471,15605470,Jackson,648,Spain,Female,42,3,0.0,2,1,1,149241.05,0
5472,15605471,Johnson,563,France,Male,35,5,102258.31,2,0,0,184925.08,1
5473,15605472,White,705,France,Male,33,5,82708.29,2,0,0,145807.91,0
5474,15605473,White,478,Spain,Female,35,2,0.0,2,1,1,160692.51,0
5475,15605474,Thomas,544,France,Male,32,0,0.0,1,0,0,57657.58,1
5476,15605475,Walker,719,France,Female,41,2,0.0,1,1,1,101583.9,0
5477,15605476,Clark,585,France,Male,25,3,0.0,1,0,0,85479.31,0
5478,15605477,Hall,701,Spain,Male,42,8,0.0,2,0,0,65195.48,0
5479,15605478,Wilson,850,Germany,Male,46,9,86781.49,2,0,0,148377.45,0
5480,15605479,Smith,447,France,Female,33,7,0.0,2,0,0,91563.39,1
5481,15605480,Jackson,678,Germany,Male,58,3,38281.31,1,0,0,183030.03,1
5482,15605481,Brown,829,France,Female,39,6,82016.37,2,0,1,79908.96,1
5483,15605482,Wilson,674,France,Male,23,8,13734.35,1,0,0,87699.32,0
5484,15605483,Clark,651,Spain,Male,36,1,70221.7,1,0,0,178091.91,0
5485,15605484,Smith,611,Spain,Male,40,2,0.0,1,1,1,5922.09,0
5486,15605485,Martin,573,Germany,Male,43,0,0.0,2,1,1,103464.31,1
5487,15605486,Harris,449,France,Male,36,7,79717.81,2,0,1,49832.85,0
5488,15605487,Brown,604,Spain,Female,29,1,115545.18,1,1,1,85871.93,0
5489,15605488,Wright,656,Spain,Female,28,6,147539.92,2,0,1,133672.47,1
5490,15605489,Walker,665,Germany,Male,32,6,0.0,1,1,1,123914.15,1
5491,15605490,Moore,740,France,Male,33,10,0.0,1,1,1,68159.22,1
5492,15605491,Martin,735,Germany,Female,28,2,0.0,1,1,0,63674.33,1
5493,15605492,Johnson,671,Spain,Male,32,1,5650.25,1,0,1,73330.53,0
5494,15605493,Moore,682,France,Female,46,2,44394.9,2,1,1,147861.8,0
5495,15605494,Smith,644,France,Female,55,7,0.0,2,0,1,89296.32,0
5496,15605495,King,577,France,Male,47,8,0.0,1,1,0,29159.49,1
5497,15605496,Wilson,741,Spain,Female,52,10,0.0,1,1,1,183594.67,0
5498,15605497,Johnson,634,Germany,Female,49,7,0.0,4,1,0,68564.84,1
5499,15605498,Martin,676,Spain,Female,47,10,87979.61,1,1,1,91360.82,1
5500,15605499,Wilson,850,Spain,Male,36,1,88733.12,1,1,0,101584.34,0
5501,15605500,Jackson,738,Spain,Male,40,8,0.0,2,0,0,143141.83,1
5502,15605501,Harris,630,France,Male,35,5,0.0,1,1,1,57108.04,0
5503,15605502,Brown,502,France,Female,37,1,18626.45,2,1,0,154197.71,1
5504,15605503,Brown,758,France,Male,40,8,0.0,2,1,1,591.59,0
5505,15605504,Jackson,366,France,Male,46,4,0.0,2,1,0,148236.14,1
5506,15605505,Allen,609,France,Male,43,5,34163.79,1,1,1,33590.22,0
5507,15605506,King,468,Spain,Male,37,0,0.0,2,1,1,37112.51,0
5508,15605507,Brown,603,France,Female,40,1,156102.19,2,1,0,108305.62,0
5509,15605508,Brown,601,France,Male,43,0,0.0,2,1,1,61494.49,0
5510,15605509,Moore,664,France,Female,46,3,0.0,2,1,1,27785.6,0
5511,15605510,Lewis,630,France,Female,24,1,0.0,1,0,1,36332.59,0
5512,15605511,Moore,742,Germany,Male,28,0,0.0,1,1,0,181717.65,1
5513,15605512,Brown,712,Germany,Male,50,2,0.0,1,1,0,141535.48,0
5514,15605513,Brown,731,Spain,Male,38,3,70556.24,2,1,0,30976.76,1
5515,15605514,Johnson,513,France,Male,35,3,123173.58,1,1,1,161062.63,0
5516,15605515,Hall,637,Germany,Female,36,2,30643.13,2,1,0,191396.26,1
5517,15605516,Young,711,Germany,Female,36,1,0.0,1,0,0,20457.06,1
5518,15605517,Lewis,658,Germany,Female,45,7,0.0,1,0,1,141987.07,0
5519,15605518,Smith,593,France,Male,28,9,0.0,1,0,1,53938.92,0
5520,15605519,Anderson,577,Spain,Male,39,10,175864.03,1,1,1,107391.1,0
5521,15605520,Lewis,830,Germany,Female,41,1,0.0,1,0,1,45809.81,0
5522,15605521,Martin,696,Spain,Male,43,4,18809.06,1,1,1,28543.89,0
5523,15605522,White,446,Spain,Female,41,6,0.0,2,1,0,110292.06,1
5524,15605523,Brown,529,France,Male,44,8,0.0,2,0,0,166319.29,0
5525,15605524,Taylor,447,Spain,Male,33,2,19828.58,1,0,0,193132.46,0
5526,15605525,Allen,515,France,Female,30,0,0.0,1,1,0,161840.89,1
5527,15605526,King,536,Spain,Male,64,8,0.0,1,1,0,52058.29,0
5528,15605527,Jackson,768,France,Male,36,0,0.0,1,0,0,127512.17,0
5529,15605528,Taylor,702,France,Male,37,7,91330.57,2,0,0,27359.78,0
5530,15605529,King,568,France,Male,46,1,0.0,2,0,1,82530.58,0
5531,15605530,King,573,Spain,Female,55,6,35288.39,2,1,1,29765.34,1
5532,15605531,Jackson,591,France,Male,34,2,110837.89,2,1,1,154260.39,0
5533,15605532,Martin,563,Spain,Male,29,5,0.0,2,1,0,29943.17,0
5534,15605533,Jackson,623,Germany,Female,27,5,0.0,1,1,1,148375.97,0
5535,15605534,Walker,569,France,Female,55,3,104109.69,1,0,0,20346.67,0
5536,15605535,Moore,627,France,Male,29,7,139487.5,1,1,0,108852.49,0
5537,15605536,Anderson,522,France,Female,39,4,0.0,1,1,1,41378.9,0
5538,15605537,Johnson,643,Germany,Male,29,6,0.0,1,1,1,29823.83,0
5539,15605538,Smith,671,Spain,Male,25,4,0.0,1,1,1,87537.29,0
5540,15605539,Johnson,550,France,Male,36,3,109124.82,1,0,1,192722.84,1
5541,15605540,King,581,France,Female,30,5,114767.25,2,1,0,17441.04,1
5542,15605541,Harris,632,Spain,Female,32,2,186817.4,2,1,1,88808.13,0
5543,15605542,Brown,734,Germany,Female,59,5,0.0,1,0,0,18528.53,1
5544,15605543,Hall,760,Germany,Male,43,5,0.0,2,1,1,48736.66,0
5545,15605544,Moore,640,Spain,Male,48,10,115602.54,1,0,1,54436.48,0
5546,15605545,Wright,678,France,Male,47,10,0.0,2,1,1,101393.94,0
5547,15605546,Thomas,636,France,Male,38,5,0.0,2,1,1,156460.5,0
5548,15605547,Jackson,768,France,Female,35,10,103319.7,1,1,0,66916.99,0
5549,15605548,Walker,812,France,Female,41,2,114844.56,1,1,0,156046.99,0
5550,15605549,Lewis,729,France,Male,41,7,27039.59,2,0,1,3245.13,0
5551,15605550,White,692,France,Male,33,3,0.0,2,1,1,11120.35,0
5552,15605551,Clark,693,France,Female,40,10,110734.5,1,1,1,33905.3,0
5553,15605552,Thomas,663,Germany,Female,32,1,38898.48,1,1,1,89562.17,0
5554,15605553,Clark,576,Spain,Female,37,6,102482.95,4,1,0,73573.77,0
5555,15605554,Harris,598,Germany,Female,36,10,0.0,2,1,1,144765.99,1
5556,15605555,Thomas,674,Spain,Male,26,7,0.0,1,0,0,198564.84,0
5557,15605556,Harris,601,France,Male,18,10,0.0,1,0,1,159629.87,0
5558,15605557,King,519,Spain,Male,30,3,0.0,1,0,1,163524.18,0
5559,15605558,King,630,France,Male,57,5,24678.72,2,1,0,197557.41,0
5560,15605559,Smith,494,Spain,Male,36,7,179465.15,1,0,1,92555.97,0
5561,15605560,Moore,835,France,Male,47,4,0.0,2,1,0,193311.53,0
5562,15605561,Young,595,Germany,Female,18,8,137523.38,2,0,0,116819.87,0
5563,15605562,Johnson,647,France,Male,29,5,81237.29,1,0,1,135354.77,0
5564,15605563,Martin,766,France,Female,25,5,0.0,1,1,1,5948.18,0
5565,15605564,Moore,850,Germany,Female,37,1,0.0,1,1,1,93661.44,0
5566,15605565,Moore,631,France,Female,63,6,0.0,2,1,1,194975.97,0
5567,15605566,Allen,573,Spain,Male,44,8,0.0,1,1,1,186394.57,0
5568,15605567,Hall,713,Spain,Female,56,4,0.0,1,1,1,77332.43,0
5569,15605568,Wright,646,Germany,Female,36,4,0.0,2,1,0,114293.34,1
5570,15605569,Allen,636,Germany,Male,53,10,0.0,1,1,0,169717.92,0
5571,15605570,White,669,Germany,Male,60,4,0.0,4,1,0,62800.79,1
5572,15605571,Wilson,693,France,Male,38,0,0.0,2,0,0,43559.0,0
5573,15605572,Young,846,Germany,Male,34,4,0.0,2,1,1,29645.3,0
5574,15605573,Allen,520,Spain,Female,26,9,103533.58,1,0,1,25315.91,0
5575,15605574,Lewis,838,Spain,Female,36,7,13506.38,2,0,1,178333.89,0
5576,15605575,Allen,629,France,Male,40,2,203232.02,2,1,1,115910.32,0
5577,15605576,Johnson,737,Spain,Male,59,8,0.0,2,1,1,107226.92,1
5578,15605577,Johnson,665,Germany,Male,26,8,0.0,1,1,0,34579.19,0
5579,15605578,Hall,652,Germany,Male,40,5,56789.9,2,1,1,79431.36,0
5580,15605579,Jackson,669,France,Male,21,3,0.0,2,1,1,198089.9,0
5581,15605580,Brown,573,France,Male,35,3,0.0,1,1,1,96453.3,0
5582,15605581,Young,806,France,Female,42,10,74300.56,2,1,1,10854.36,1
5583,15605582,Lewis,705,Germany,Female,44,0,85485.12,1,0,0,79632.22,0
5584,15605583,Clark,687,Spain,Male,45,9,0.0,2,1,1,10831.27,0
5585,15605584,Harris,620,France,Female,43,4,26635.87,2,1,0,130231.31,0
5586,15605585,Taylor,516,France,Female,45,4,0.0,2,1,1,83872.65,1
5587,15605586,Lewis,716,France,Female,39,4,198853.8,2,1,1,30445.88,0
5588,15605587,Moore,722,France,Female,29,0,0.0,1,0,1,169414.9,0
5589,15605588,Hall,708,Germany,Female,20,0,0.0,1,1,1,117955.18,0
5590,15605589,White,659,Spain,Female,34,9,110115.59,1,0,0,97044.38,0
5591,15605590,Anderson,628,France,Male,38,1,159692.22,2,1,0,158405.36,0
5592,15605591,Moore,770,Spain,Male,52,0,281446.71,2,1,0,114803.89,0
5593,15605592,White,696,France,Male,38,7,148733.34,2,1,1,13061.78,0
5594,15605593,Jackson,677,Germany,Male,37,3,0.0,2,0,1,51583.67,0
5595,15605594,Wilson,508,France,Female,43,5,0.0,2,1,0,114710.66,1
5596,15605595,Harris,472,France,Female,36,7,99721.14,1,1,0,21110.62,1
5597,15605596,Hall,850,France,Female,47,4,0.0,2,1,0,50020.45,1
5598,15605597,Walker,730,Spain,Male,59,5,48889.39,2,1,1,121291.49,0
5599,15605598,Brown,776,Spain,Male,61,3,0.0,1,1,1,185119.37,0
5600,15605599,Taylor,493,Spain,Female,40,5,0.0,1,1,0,146458.11,0
5601,15605600,Harris,746,France,Female,42,5,0.0,2,0,1,101518.15,0
5602,15605601,Hall,622,France,Male,55,2,0.0,1,1,0,42390.73,0
5603,15605602,Martin,661,France,Male,38,3,0.0,2,0,1,38527.45,0
5604,15605603,Smith,702,Spain,Male,46,5,55595.55,2,1,0,155226.71,0
5605,15605604,King,667,France,Female,28,7,20877.87,1,0,1,185306.19,0
5606,15605605,Hall,667,Spain,Female,36,6,197231.85,4,1,0,24108.31,0
5607,15605606,Walker,564,Germany,Male,51,3,6819.75,1,1,1,135061.77,1
5608,15605607,Walker,709,Germany,Male,32,2,16391.55,2,0,1,145574.91,0
5609,15605608,Hall,564,France,Male,38,10,0.0,1,0,1,102057.9,0
5610,15605609,Anderson,570,France,Male,23,7,172818.47,2,1,0,66240.76,0
5611,15605610,Harris,660,France,Male,59,5,120783.29,2,0,0,141680.14,1
5612,15605611,Wright,528,Spain,Male,52,7,39658.33,2,0,1,91482.87,0
5613,15605612,Lewis,764,Germany,Female,41,8,64646.82,2,0,0,91699.64,0
5614,15605613,Anderson,765,France,Female,44,8,0.0,2,0,0,20364.96,0
5615,15605614,Clark,609,France,Male,43,9,0.0,1,1,0,125957.05,0
5616,15605615,Taylor,626,Germany,Female,53,10,99493.32,2,1,1,18242.53,0
5617,15605616,Harris,653,Germany,Male,34,8,76038.67,2,1,0,55831.94,1
5618,15605617,Brown,459,France,Male,46,9,63718.35,1,1,0,36025.19,0
5619,15605618,Taylor,507,Spain,Male,50,0,93760.92,2,0,1,189024.38,0
5620,15605619,Johnson,720,France,Female,51,2,0.0,2,1,0,16054.1,1
5621,15605620,King,688,France,Female,18,8,0.0,2,1,1,92505.2,0
5622,15605621,Moore,615,Germany,Male,33,3,0.0,1,1,1,122588.17,0
5623,15605622,Hall,608,Germany,Male,29,9,124711.15,2,0,1,93213.67,0
5624,15605623,Harris,719,Germany,Male,40,1,3706.31,2,0,1,132368.84,0
5625,15605624,Moore,467,France,Male,19,0,0.0,1,1,0,6316.75,0
5626,15605625,Walker,832,Germany,Female,19,4,65569.24,2,0,0,185471.96,0
5627,15605626,Wright,739,France,Male,61,3,122566.97,2,0,0,70960.45,0
5628,15605627,King,611,France,Male,45,4,71281.48,1,1,1,86574.6,0
5629,15605628,Young,687,Spain,Male,40,10,0.0,2,1,0,107570.89,0
5630,15605629,Brown,784,France,Female,43,4,60855.63,2,0,1,128865.2,0
5631,15605630,Clark,548,Germany,Female,40,7,0.0,1,1,0,25121.92,1
5632,15605631,Hall,775,Spain,Male,49,5,66451.65,1,1,1,73408.83,0
5633,15605632,Moore,649,France,Male,33,2,118316.22,2,1,1,119234.91,0
5634,15605633,Lewis,716,France,Male,41,8,0.0,2,1,0,105588.44,0
5635,15605634,Young,735,France,Female,41,7,0.0,2,1,0,10340.56,1
5636,15605635,Harris,666,France,Female,29,8,84516.63,2,0,1,150016.59,0
5637,15605636,Clark,756,Spain,Male,52,3,63505.33,1,1,1,77402.09,0
5638,15605637,Wright,609,Germany,Female,35,7,103152.63,2,1,1,3900.76,0
5639,15605638,Hall,648,France,Male,49,10,141734.46,2,1,0,159327.2,0
5640,15605639,Hall,575,France,Male,40,2,0.0,2,1,0,1162.19,1
5641,15605640,Clark,583,Spain,Male,55,4,0.0,1,0,1,40436.26,0
5642,15605641,Martin,669,Germany,Female,29,6,0.0,2,1,0,144910.15,0
5643,15605642,Harris,732,France,Male,28,0,0.0,3,0,0,118624.61,1
5644,15605643,White,525,France,Female,30,0,0.0,1,1,0,111609.88,1
5645,15605644,Harris,688,Spain,Female,40,2,102522.95,2,0,1,101357.06,0
5646,15605645,Brown,764,France,Male,54,3,0.0,1,0,1,191630.22,0
5647,15605646,Hall,778,France,Male,55,0,154183.82,1,0,1,11936.12,0
5648,15605647,Walker,639,Spain,Male,18,7,0.0,1,1,1,92446.14,0
5649,15605648,Martin,548,Spain,Female,41,1,0.0,1,0,0,193740.89,1
5650,15605649,Jackson,715,Spain,Female,18,10,0.0,2,1,1,52501.7,0
5651,15605650,Hall,693,Spain,Female,47,4,57216.85,2,1,0,6590.56,1
5652,15605651,Lewis,650,Spain,Female,50,5,0.0,2,1,1,95096.5,0
5653,15605652,King,622,France,Male,39,10,34709.37,2,1,1,154194.4,0
5654,15605653,Martin,683,France,Female,40,5,0.0,1,0,1,40227.9,0
5655,15605654,Brown,691,France,Male,40,5,0.0,2,1,1,49663.73,0
5656,15605655,White,610,France,Female,31,10,0.0,1,1,1,32241.97,0
5657,15605656,Johnson,629,Spain,Female,43,0,0.0,1,1,1,71854.48,0
5658,15605657,Harris,515,Germany,Male,37,2,0.0,1,1,1,176930.01,0
5659,15605658,Smith,680,Germany,Female,48,2,93211.23,2,0,1,40619.89,0
5660,15605659,Thomas,690,Spain,Female,38,7,0.0,1,0,0,52498.88,0
5661,15605660,Smith,531,France,Female,30,5,0.0,4,1,1,176961.3,0
5662,15605661,Jackson,640,France,Female,24,1,0.0,1,1,1,185778.82,0
5663,15605662,Moore,599,Germany,Male,20,0,144864.26,1,1,0,10697.44,0
5664,15605663,Moore,761,Spain,Female,52,3,0.0,2,1,1,108163.23,0
5665,15605664,King,527,Spain,Male,34,0,0.0,2,1,1,59301.01,0
5666,15605665,Anderson,759,Germany,Male,42,4,0.0,2,0,1,33789.58,0
5667,15605666,Jackson,773,Spain,Male,57,10,117996.8,1,0,1,103635.65,0
5668,15605667,Thomas,414,Germany,Female,33,7,14970.45,1,1,1,155790.13,0
5669,15605668,Allen,712,France,Male,33,9,160336.21,4,1,0,34329.76,1
5670,15605669,Jackson,699,Spain,Female,38,1,0.0,1,1,1,64602.5,0
5671,15605670,Young,502,Germany,Male,39,7,0.0,1,0,0,113773.27,0
5672,15605671,Anderson,619,France,Male,58,7,167663.47,1,1,1,178426.55,0
5673,15605672,Lewis,608,Spain,Female,55,5,108776.44,2,1,0,178163.74,1
5674,15605673,Johnson,558,France,Male,45,7,43051.25,2,1,0,131892.97,0
5675,15605674,Hall,588,Germany,Male,53,1,0.0,1,1,1,147261.91,0
5676,15605675,Smith,732,France,Male,37,6,0.0,1,1,0,21863.24,0
5677,15605676,Thomas,658,Spain,Female,42,7,147890.46,2,1,1,135508.84,0
5678,15605677,Smith,592,France,Male,36,3,0.0,1,0,0,67065.54,0
5679,15605678,Anderson,539,Spain,Male,26,8,40557.42,2,0,0,142681.44,1
5680,15605679,White,732,France,Female,51,10,26268.98,1,0,0,25612.7,1
5681,15605680,Thomas,814,France,Male,44,5,0.0,1,1,1,116637.39,0
5682,15605681,Wilson,629,France,Female,39,2,70999.92,1,1,0,71822.77,1
5683,15605682,Wright,641,Germany,Female,39,3,136333.0,1,1,0,85533.65,1
5684,15605683,Wright,850,France,Male,24,3,0.0,1,0,0,21751.04,0
5685,15605684,Lewis,731,France,Male,29,0,0.0,1,1,0,137986.62,0
5686,15605685,Clark,757,Germany,Male,42,9,33786.19,2,0,0,149090.29,1
5687,15605686,Young,594,Spain,Male,34,0,88831.41,2,1,0,26882.84,0
5688,15605687,Martin,568,Germany,Female,37,0,0.0,2,1,0,100731.1,0
5689,15605688,Clark,775,France,Female,38,3,55878.24,2,0,1,157413.19,0
5690,15605689,Anderson,694,Spain,Male,32,0,70791.99,2,1,1,44658.81,0
5691,15605690,Harris,669,France,Female,29,5,197654.4,2,0,0,18384.79,0
5692,15605691,Lewis,691,France,Male,23,1,161253.82,2,0,0,182287.95,0
5693,15605692,Johnson,817,Spain,Male,38,0,2657.72,1,0,0,152614.18,0
5694,15605693,Martin,579,Spain,Female,45,6,94550.81,1,0,0,60790.64,1
5695,15605694,Clark,665,Germany,Female,23,5,0.0,2,1,0,146660.35,0
5696,15605695,Wright,584,France,Male,39,0,0.0,2,1,1,5776.3,0
5697,15605696,Taylor,677,France,Male,42,9,0.0,1,1,1,161583.95,1
5698,15605697,Lewis,728,France,Male,29,8,0.0,2,1,1,77781.25,0
5699,15605698,Moore,681,Germany,Male,53,5,0.0,1,1,1,52971.32,1
5700,15605699,Lewis,818,France,Male,35,1,93062.08,1,0,0,42066.56,0
5701,15605700,King,600,France,Female,38,6,25469.11,1,1,0,82554.85,1
5702,15605701,Wilson,703,France,Female,37,2,0.0,2,0,1,130445.58,0
5703,15605702,Brown,774,Spain,Female,21,6,101992.0,1,1,0,158880.01,0
5704,15605703,Allen,613,France,Female,49,8,0.0,1,0,1,3871.19,0
5705,15605704,Young,605,Germany,Female,29,4,0.0,1,0,1,188122.82,0
5706,15605705,Thomas,635,France,Female,37,0,0.0,2,1,1,167414.51,1
5707,15605706,Martin,510,Germany,Female,45,4,0.0,1,1,0,191864.96,1
5708,15605707,King,760,France,Female,54,7,114468.71,1,0,1,51415.26,0
5709,15605708,Hall,666,Spain,Male,28,7,0.0,1,1,1,31995.84,0
5710,15605709,Taylor,486,Germany,Male,35,2,28202.78,2,0,1,174954.86,0
5711,15605710,Walker,609,France,Female,53,3,161821.75,2,0,1,3717.99,1
5712,15605711,Walker,777,Germany,Male,44,7,126233.42,2,1,1,83109.72,0
5713,15605712,Hall,618,France,Female,46,7,100542.42,1,0,1,85956.54,0
5714,15605713,Martin,802,Germany,Male,28,6,0.0,1,1,1,45245.55,0
5715,15605714,Allen,624,Spain,Female,35,5,0.0,1,1,0,46349.06,0
5716,15605715,King,510,France,Male,37,3,110185.77,2,0,1,133447.63,0
5717,15605716,Hall,444,France,Female,30,9,154049.12,1,1,0,63887.97,1
5718,15605717,Hall,850,France,Male,22,8,0.0,2,0,1,20731.75,1
5719,15605718,King,570,France,Female,34,1,0.0,1,1,0,67589.02,0
5720,15605719,Thomas,593,France,Male,53,1,22515.8,2,0,1,100053.0,0
5721,15605720,Anderson,639,France,Female,40,0,0.0,1,0,1,8217.14,1
5722,15605721,Jackson,674,France,Female,53,10,0.0,3,0,0,198148.41,0
5723,15605722,Young,554,Germany,Male,41,2,89908.48,2,1,1,141567.1,0
5724,15605723,King,774,France,Female,31,2,0.0,2,1,0,22681.08,0
5725,15605724,Moore,680,France,Male,52,3,0.0,1,1,0,8666.86,0
5726,15605725,King,769,Spain,Female,41,2,0.0,1,1,0,198232.35,1
5727,15605726,Lewis,458,France,Male,49,9,69377.11,2,0,0,125179.9,1
5728,15605727,Taylor,697,France,Male,28,5,0.0,1,1,0,119981.57,1
5729,15605728,Moore,689,France,Female,49,8,107154.52,2,1,0,44380.27,1
5730,15605729,Brown,647,Germany,Female,50,7,0.0,1,1,0,174945.09,1
5731,15605730,Hall,599,Germany,Male,42,5,0.0,2,1,0,14042.22,0
5732,15605731,Anderson,506,France,Male,31,7,0.0,2,0,0,153209.99,1
5733,15605732,King,517,Spain,Male,39,7,0.0,2,0,1,26692.34,0
5734,15605733,Anderson,776,Spain,Female,45,9,0.0,2,1,0,160585.31,1
5735,15605734,Taylor,686,Spain,Male,41,5,35168.52,1,1,0,42927.81,0
5736,15605735,Wright,631,Spain,Female,45,1,18328.73,2,0,0,194935.5,1
5737,15605736,Allen,625,Spain,Female,49,4,48561.23,2,1,1,40612.35,0
5738,15605737,Moore,749,France,Male,33,3,99412.51,1,0,1,120145.82,0
5739,15605738,Allen,745,France,Female,27,5,0.0,1,1,0,173564.32,1
5740,15605739,Clark,571,France,Female,39,1,10553.11,1,1,1,86623.79,0
5741,15605740,Wright,510,Germany,Female,36,3,0.0,1,1,0,94329.77,1
5742,15605741,Harris,686,Spain,Male,47,7,0.0,2,1,0,189308.64,0
5743,15605742,Walker,770,Germany,Male,28,0,0.0,1,1,0,14458.2,0
5744,15605743,Anderson,717,Germany,Male,49,2,0.0,2,1,1,102445.99,0
5745,15605744,Anderson,811,France,Male,53,3,121457.32,1,0,0,80168.36,1
5746,15605745,Thomas,633,Spain,Male,39,1,165189.73,2,1,0,99180.67,0
5747,15605746,Anderson,678,Spain,Male,40,1,44015.61,1,0,0,58832.78,0
5748,15605747,Hall,645,Germany,Female,31,5,0.0,1,1,1,14326.34,0
5749,15605748,Allen,724,Germany,Female,34,5,106496.47,1,1,1,50081.81,1
5750,15605749,Thomas,581,Spain,Female,35,2,0.0,2,0,1,4247.91,0
5751,15605750,Hall,669,France,Male,53,7,109741.77,3,0,0,24677.05,1
5752,15605751,Wilson,810,Germany,Male,38,2,0.0,1,1,1,48927.14,0
5753,15605752,Johnson,579,France,Female,26,1,0.0,1,0,1,59093.43,0
5754,15605753,Wright,455,Germany,Female,42,4,132021.14,2,0,0,75210.82,0
5755,15605754,Hall,701,Germany,Male,47,6,6585.73,1,1,1,179931.4,0
5756,15605755,Harris,850,France,Male,39,0,65610.93,1,0,0,113106.9,0
5757,15605756,Allen,584,Spain,Male,54,1,0.0,2,1,0,178867.65,1
5758,15605757,Hall,774,France,Female,47,1,0.0,1,1,1,12790.99,0
5759,15605758,Anderson,651,France,Female,29,7,126472.86,1,1,1,66555.11,0
5760,15605759,Johnson,555,France,Female,33,9,0.0,1,1,0,77244.48,1
5761,15605760,Thomas,717,Germany,Female,41,5,0.0,2,0,1,12035.2,0
5762,15605761,King,512,Germany,Female,22,3,139507.27,2,1,0,184575.48,0
5763,15605762,Taylor,798,Germany,Male,42,3,0.0,1,1,0,57549.13,0
5764,15605763,Clark,661,France,Female,21,4,30567.6,2,1,0,156335.42,0
5765,15605764,Clark,484,Germany,Female,49,2,0.0,2,1,1,93515.21,1
5766,15605765,Hall,830,Spain,Female,48,3,82402.45,1,1,0,89835.16,1
5767,15605766,Clark,733,France,Male,44,3,141329.72,1,0,0,169595.08,0
5768,15605767,Johnson,681,France,Male,32,6,94498.76,1,1,1,66904.26,0
5769,15605768,Moore,736,France,Male,41,6,0.0,2,1,0,8209.31,1
5770,15605769,White,412,Germany,Female,34,0,51102.58,1,1,1,103367.0,1
5771,15605770,Taylor,589,Spain,Female,29,2,116575.03,1,1,0,47647.51,1
5772,15605771,Hall,850,Spain,Female,36,8,0.0,2,0,1,68937.72,0
5773,15605772,Clark,663,France,Female,46,5,0.0,2,1,0,71720.37,0
5774,15605773,White,588,Spain,Male,39,5,86772.72,1,1,1,177914.27,0
5775,15605774,Jackson,666,France,Male,54,3,0.0,2,1,0,173750.31,0
5776,15605775,Wright,543,France,Male,47,9,0.0,1,0,1,186798.7,0
5777,15605776,Walker,803,Spain,Male,46,8,0.0,2,1,1,115174.62,0
5778,15605777,White,607,France,Male,23,2,40860.56,1,1,0,118835.22,0
5779,15605778,Martin,497,Germany,Female,36,7,169680.5,2,0,1,98211.16,0
5780,15605779,Smith,667,France,Male,28,5,0.0,4,0,1,146910.31,0
5781,15605780,Lewis,747,Spain,Female,37,1,102460.86,2,1,1,184520.64,0
5782,15605781,Martin,717,France,Male,32,2,0.0,1,0,1,5101.83,0
5783,15605782,Lewis,514,Spain,Female,35,0,119445.09,1,1,1,54627.36,0
5784,15605783,Martin,558,France,Female,50,2,140405.85,2,1,0,10318.07,1
5785,15605784,Allen,444,France,Male,44,3,11709.44,2,1,1,68089.11,0
5786,15605785,Harris,719,Germany,Female,49,5,155448.36,2,1,0,169615.67,0
5787,15605786,Anderson,696,France,Female,23,9,0.0,2,1,0,96557.72,1
5788,15605787,White,705,Germany,Female,40,6,95940.47,1,1,0,178112.05,1
5789,15605788,White,608,Germany,Female,49,2,145520.23,1,1,1,172015.37,1
5790,15605789,Brown,465,France,Male,54,10,93446.6,1,0,0,28333.48,0
5791,15605790,Anderson,572,France,Male,24,6,0.0,2,0,1,56732.49,0
5792,15605791,Brown,758,Spain,Male,35,3,0.0,1,1,1,111075.27,0
5793,15605792,Hall,686,Germany,Female,49,0,0.0,2,1,1,73223.66,0
5794,15605793,Smith,482,Germany,Male,37,0,38884.36,2,1,1,123853.65,0
5795,15605794,Brown,623,Spain,Female,30,7,0.0,1,0,1,119338.37,0
5796,15605795,Taylor,705,Germany,Female,24,9,97386.55,2,1,1,6389.56,0
5797,15605796,White,640,France,Female,30,6,87281.14,2,0,0,79614.81,0
5798,15605797,Taylor,512,Germany,Male,22,3,36175.87,2,1,1,89814.68,0
5799,15605798,Brown,603,Germany,Female,40,0,159037.4,1,0,0,177967.74,1
5800,15605799,Clark,579,France,Female,48,5,0.0,2,0,1,142287.14,0
5801,15605800,Brown,653,France,Male,26,10,0.0,1,0,0,46526.5,0
5802,15605801,Wright,677,France,Female,42,10,101634.51,2,0,1,117036.45,1
5803,15605802,Lewis,586,France,Male,47,9,0.0,1,1,1,83205.19,0
5804,15605803,Martin,713,Germany,Male,39,6,0.0,1,0,0,179987.62,0
5805,15605804,Wilson,809,France,Female,23,5,49572.37,1,1,1,7101.17,1
5806,15605805,Thomas,850,France,Female,43,5,0.0,1,1,0,199312.51,0
5807,15605806,Brown,560,France,Female,38,7,0.0,1,0,1,26911.18,0
5808,15605807,Smith,657,Germany,Male,37,5,0.0,1,1,0,126224.49,0
5809,15605808,Anderson,474,Spain,Male,34,1,0.0,1,1,0,59419.04,0
5810,15605809,Wilson,604,France,Female,40,6,96956.51,1,0,0,101816.32,0
5811,15605810,Taylor,774,France,Female,44,9,0.0,1,1,1,60754.33,0
5812,15605811,Wilson,430,Germany,Female,63,3,147367.2,2,1,1,87137.7,0
5813,15605812,Wright,610,Germany,Male,40,10,0.0,1,1,0,46295.73,0
5814,15605813,Smith,647,France,Male,54,10,15985.38,2,1,1,16537.78,0
5815,15605814,Thomas,498,France,Female,43,2,139805.72,2,0,1,124591.16,0
5816,15605815,Harris,687,France,Male,38,7,111961.69,2,1,1,175151.86,0
5817,15605816,Wilson,675,France,Male,40,9,0.0,1,0,1,112238.79,0
5818,15605817,Thomas,591,Spain,Male,27,4,61857.69,2,1,1,92944.0,1
5819,15605818,Harris,713,Germany,Female,42,3,13133.66,2,0,0,5472.29,1
5820,15605819,White,569,France,Female,19,10,0.0,2,1,0,98293.6,0
5821,15605820,Wright,694,Germany,Female,30,3,15479.36,1,1,1,147255.3,0
5822,15605821,Anderson,650,France,Male,40,4,0.0,3,1,0,31632.68,0
5823,15605822,Taylor,673,Spain,Male,51,3,105236.56,3,0,0,152890.0,1
5824,15605823,Martin,626,Spain,Male,53,2,0.0,2,1,1,96759.76,0
5825,15605824,Martin,519,France,Female,37,3,0.0,1,1,0,152576.65,1
5826,15605825,Wilson,514,France,Female,41,9,121099.31,2,1,0,29749.4,1
5827,15605826,Harris,575,Spain,Female,49,4,0.0,1,0,0,40358.41,1
5828,15605827,Moore,597,France,Male,26,1,0.0,2,1,1,89243.79,0
5829,15605828,Taylor,676,France,Female,43,6,0.0,1,1,0,95344.65,0
5830,15605829,Allen,647,Spain,Female,31,4,102796.6,1,1,0,198831.64,0
5831,15605830,King,606,Germany,Male,37,8,11270.19,2,1,1,197230.02,1
5832,15605831,Martin,456,France,Female,34,5,83577.77,1,1,1,91386.84,0
5833,15605832,Martin,583,Germany,Male,43,10,0.0,1,1,1,47968.45,0
5834,15605833,Clark,538,France,Female,45,0,57783.2,2,1,0,138530.06,0
5835,15605834,Harris,819,Germany,Male,48,8,47287.33,2,1,0,38728.34,1
5836,15605835,Wright,657,Spain,Male,42,4,0.0,1,0,1,55266.73,0
5837,15605836,Martin,802,Germany,Male,41,8,20854.38,1,1,1,107784.25,1
5838,15605837,Wilson,657,France,Male,58,0,0.0,2,0,1,189097.4,0
5839,15605838,Wright,831,Spain,Male,24,1,71860.12,2,1,1,5809.46,0
5840,15605839,White,681,Spain,Male,56,2,0.0,2,1,0,134885.05,0
5841,15605840,Smith,684,France,Male,36,4,0.0,2,0,1,173041.44,1
5842,15605841,Taylor,839,France,Male,45,5,81087.02,1,0,1,146746.39,0
5843,15605842,Brown,581,France,Female,36,4,0.0,2,0,0,96395.3,0
5844,15605843,Wilson,585,France,Female,32,0,109678.39,2,1,1,171480.58,0
5845,15605844,Martin,662,Germany,Female,44,3,0.0,1,0,1,156462.92,0
5846,15605845,Martin,850,France,Male,49,5,0.0,2,1,1,146743.92,0
5847,15605846,Thomas,613,France,Male,44,3,0.0,1,0,0,21234.8,1
5848,15605847,Smith,680,Spain,Male,34,3,0.0,1,1,1,140940.21,0
5849,15605848,Moore,738,France,Female,75,4,34024.03,1,1,1,31127.22,0
5850,15605849,Wright,805,Spain,Female,51,7,0.0,1,0,0,179610.31,0
5851,15605850,Lewis,737,France,Female,48,4,81712.33,1,1,0,129630.34,0
5852,15605851,Brown,794,Germany,Male,35,6,8688.35,1,1,0,175570.18,1
5853,15605852,Jackson,724,Germany,Female,33,7,83335.65,2,1,1,34216.99,0
5854,15605853,Smith,661,Germany,Male,36,5,109105.67,1,1,1,115724.91,0
5855,15605854,Brown,545,France,Female,50,5,0.0,2,0,0,2812.26,0
5856,15605855,Wright,600,Germany,Female,29,1,135808.14,1,1,1,18577.64,0
5857,15605856,Thomas,615,France,Male,28,9,74055.85,1,0,1,69477.93,1
5858,15605857,Allen,678,France,Male,44,4,139197.29,1,0,0,56607.0,0
5859,15605858,Clark,701,France,Female,42,0,56323.71,2,1,1,160118.16,0
5860,15605859,Moore,836,Spain,Male,31,8,0.0,2,1,1,108755.23,0
5861,15605860,Walker,449,France,Female,28,6,166970.08,2,1,1,180970.46,0
5862,15605861,Anderson,645,Spain,Male,53,1,75474.85,1,1,1,190481.25,1
5863,15605862,Brown,835,France,Male,43,5,66106.65,2,1,0,174203.02,1
5864,15605863,Hall,516,France,Female,25,9,0.0,2,1,1,56908.13,0
5865,15605864,Wright,582,Spain,Male,26,8,63229.53,1,1,1,122303.31,0
5866,15605865,Young,695,France,Female,35,4,92924.18,2,1,1,152361.78,0
5867,15605866,Harris,734,Spain,Male,46,2,0.0,1,1,1,106254.9,0
5868,15605867,Harris,516,France,Male,45,10,0.0,2,1,1,66734.33,0
5869,15605868,Moore,800,Germany,Male,50,9,106111.96,1,1,1,36488.39,0
5870,15605869,Allen,706,Spain,Female,24,10,57457.11,2,1,1,192702.21,0
5871,15605870,Martin,515,France,Female,41,3,89252.58,1,1,0,41253.31,1
5872,15605871,Hall,762,France,Female,53,2,36564.62,2,1,0,162319.16,1
5873,15605872,Hall,749,Spain,Male,52,0,665.05,2,1,0,26643.67,0
5874,15605873,King,650,Germany,Male,43,9,179163.96,1,1,1,197633.08,0
5875,15605874,Johnson,606,France,Male,62,10,0.0,1,0,1,67494.25,0
5876,15605875,Brown,537,France,Male,45,6,59255.36,2,1,1,155715.16,1
5877,15605876,Martin,610,Germany,Female,49,7,122413.42,2,1,0,30508.98,0
5878,15605877,Lewis,750,Spain,Female,39,1,0.0,2,1,0,143397.97,0
5879,15605878,Martin,483,France,Female,31,7,111248.77,2,1,0,138072.72,1
5880,15605879,Martin,569,France,Female,30,8,142658.1,1,0,1,75946.67,0
5881,15605880,Hall,678,France,Female,41,6,80486.74,1,1,0,8071.13,0
5882,15605881,Wright,719,Spain,Male,37,10,0.0,2,1,0,82415.33,0
5883,15605882,Martin,715,France,Female,21,0,0.0,1,1,1,111950.86,0
5884,15605883,Hall,574,Germany,Female,29,3,0.0,2,1,0,11050.84,1
5885,15605884,Wilson,640,France,Male,36,6,0.0,1,0,1,53826.42,0
5886,15605885,Moore,605,France,Female,46,5,200933.15,2,0,1,195824.42,0
5887,15605886,Harris,676,Spain,Male,39,10,103034.51,1,1,1,183980.1,0
5888,15605887,White,706,Germany,Female,38,7,22280.93,2,0,0,163536.24,0
5889,15605888,Martin,633,Germany,Male,29,5,0.0,1,1,0,30037.59,0
5890,15605889,Hall,661,France,Male,39,9,0.0,2,0,1,81157.81,0
5891,15605890,Smith,650,Spain,Female,52,5,21707.73,2,1,0,41489.29,1
5892,15605891,Walker,497,Spain,Male,41,9,46888.67,1,1,1,43090.51,0
5893,15605892,Hall,776,France,Male,24,5,136660.89,2,1,1,176069.69,0
5894,15605893,White,750,France,Male,26,6,51864.76,2,1,0,82466.32,0
5895,15605894,Anderson,475,France,Female,45,4,69556.84,1,0,1,169797.11,0
5896,15605895,Hall,850,France,Female,37,10,0.0,1,0,0,73328.04,0
5897,15605896,Moore,690,Germany,Male,38,8,65553.48,1,1,1,10841.92,0
5898,15605897,Young,703,France,Male,33,6,0.0,2,1,1,26891.35,0
5899,15605898,Young,601,Germany,Female,44,0,0.0,1,1,0,8998.95,1
5900,15605899,Harris,662,Spain,Female,36,10,56240.09,2,0,1,55770.6,0
5901,15605900,Moore,703,Spain,Female,37,8,0.0,2,0,0,103709.46,1
5902,15605901,Taylor,827,Spain,Female,30,10,165162.99,1,1,1,44011.41,0
5903,15605902,Moore,544,France,Female,48,5,92679.15,1,0,0,115625.42,1
5904,15605903,Walker,759,France,Female,37,10,167336.17,1,1,1,58871.65,1
5905,15605904,Hall,609,France,Female,45,7,0.0,2,1,0,97322.06,0
5906,15605905,Wilson,788,Spain,Female,27,8,0.0,1,1,1,62725.88,0
5907,15605906,Lewis,509,France,Male,56,10,31198.38,1,1,0,119762.18,1
5908,15605907,White,643,Germany,Female,52,10,25668.88,1,0,1,127179.8,0
5909,15605908,Wilson,449,France,Female,20,1,95370.97,1,1,1,171899.88,0
5910,15605909,Young,586,France,Female,31,1,0.0,1,0,1,165034.66,1
5911,15605910,Allen,604,France,Male,44,4,0.0,2,0,0,110070.21,0
5912,15605911,White,692,Germany,Male,26,4,252398.71,2,1,0,79560.21,1
5913,15605912,Allen,498,Spain,Male,38,9,0.0,1,0,0,42217.47,1
5914,15605913,Smith,811,France,Female,43,9,0.0,2,0,1,123550.86,0
5915,15605914,Brown,828,Spain,Male,37,1,121031.17,1,1,0,109149.18,0
5916,15605915,White,665,France,Female,44,9,224952.79,1,0,0,7523.61,1
5917,15605916,Brown,522,Germany,Female,32,3,121105.26,1,1,0,7485.68,1
5918,15605917,Clark,512,Spain,Male,18,8,11889.71,1,0,1,30024.54,0
5919,15605918,Martin,659,France,Male,49,3,0.0,2,1,0,143461.58,0
5920,15605919,Anderson,573,Spain,Male,49,0,126393.91,2,1,0,171850.03,0
5921,15605920,Taylor,774,France,Male,64,4,0.0,1,1,1,5120.01,0
5922,15605921,Johnson,617,Germany,Male,18,1,66448.6,2,0,1,163641.68,0
5923,15605922,Anderson,694,France,Female,47,5,20001.17,1,0,0,93080.48,1
5924,15605923,Harris,644,Spain,Female,19,0,0.0,1,1,0,80250.17,0
5925,15605924,Clark,598,France,Female,57,6,0.0,2,1,1,108939.7,1
5926,15605925,Smith,576,Spain,Male,44,6,0.0,1,1,1,187397.26,0
5927,15605926,Moore,539,Germany,Female,29,3,138766.27,1,1,0,113781.73,1
5928,15605927,Martin,613,Spain,Male,47,8,164001.44,1,1,0,20925.73,0
5929,15605928,White,657,Spain,Female,33,2,176783.82,1,1,1,94360.08,0
5930,15605929,Moore,672,Germany,Female,42,4,0.0,2,1,0,195568.6,0
5931,15605930,Hall,653,France,Female,41,4,0.0,1,1,0,32672.63,0
5932,15605931,Lewis,631,France,Female,56,7,19309.76,2,1,1,92441.39,0
5933,15605932,Clark,468,France,Male,57,9,86186.28,2,1,1,139416.57,0
5934,15605933,Jackson,763,Germany,Female,33,9,0.0,1,1,0,73001.68,1
5935,15605934,Wright,501,France,Female,50,3,52308.79,2,0,1,153814.9,0
5936,15605935,Johnson,699,Spain,Female,43,0,142424.05,2,1,0,42441.28,1
5937,15605936,Hall,770,Spain,Female,25,10,110219.12,1,1,0,18720.12,0
5938,15605937,Thomas,766,France,Female,32,4,0.0,1,0,0,65822.21,0
5939,15605938,Harris,728,France,Female,62,0,124919.75,1,1,0,173722.04,1
5940,15605939,Allen,657,France,Male,43,2,93916.39,1,1,1,142846.86,0
5941,15605940,Wilson,562,France,Female,49,5,94137.39,2,1,1,196606.69,0
5942,15605941,Allen,514,France,Female,37,0,0.0,1,1,0,65967.84,0
5943,15605942,Wright,654,France,Male,34,9,0.0,1,1,0,100492.06,0
5944,15605943,Hall,584,Germany,Female,39,2,20582.4,1,1,0,84681.13,0
5945,15605944,Smith,600,Germany,Female,36,6,12815.37,1,1,1,97464.61,1
5946,15605945,Anderson,717,France,Male,24,1,0.0,1,1,1,28343.62,0
5947,15605946,Thomas,633,France,Female,29,5,123619.07,1,1,0,39440.02,0
5948,15605947,Jackson,577,France,Male,46,6,43974.78,1,0,1,100122.48,0
5949,15605948,Allen,850,Spain,Male,35,1,18033.11,2,1,0,193636.51,0
5950,15605949,Johnson,617,Germany,Male,39,10,0.0,1,1,1,188932.83,0
5951,15605950,Wilson,726,France,Male,41,10,98939.72,1,1,1,18808.77,0
5952,15605951,Clark,717,France,Female,42,4,2950.7,1,0,0,116543.56,0
5953,15605952,White,610,Germany,Female,50,9,0.0,1,1,0,124058.68,0
5954,15605953,Wilson,583,Spain,Female,28,9,21028.39,2,1,1,127189.85,0
5955,15605954,Hall,492,France,Female,45,0,110382.85,1,1,1,128413.66,0
5956,15605955,Wright,674,Spain,Male,47,2,98706.85,1,1,1,12303.14,0
5957,15605956,Taylor,653,France,Male,49,0,0.0,1,0,0,101461.56,0
5958,15605957,Thomas,532,France,Male,25,2,130139.05,2,1,0,462.45,0
5959,15605958,Anderson,773,Germany,Male,42,3,94452.97,2,1,1,183610.86,0
5960,15605959,Lewis,711,Germany,Female,56,4,143162.02,1,1,0,3391.44,1
5961,15605960,Clark,652,France,Male,38,3,0.0,1,0,1,155468.99,0
5962,15605961,Taylor,614,Germany,Male,44,3,7233.67,2,1,1,48038.86,0
5963,15605962,Harris,629,France,Male,47,8,0.0,2,1,0,117282.15,0
5964,15605963,Anderson,535,Germany,Female,29,8,66266.91,1,1,1,90305.39,0
5965,15605964,Clark,591,France,Male,57,8,0.0,1,0,0,108769.22,0
5966,15605965,Brown,720,Germany,Female,44,10,0.0,1,0,0,120243.82,1
5967,15605966,Walker,634,Germany,Male,44,4,0.0,1,1,1,196646.29,0
5968,15605967,Young,850,France,Male,22,10,58328.57,1,1,1,156305.01,0
5969,15605968,Anderson,592,Germany,Female,47,4,0.0,2,0,1,160315.87,0
5970,15605969,Young,642,Germany,Male,44,1,77045.36,2,1,0,179361.36,0
5971,15605970,Smith,697,Germany,Male,55,5,91073.98,2,1,1,182173.18,1
5972,15605971,Martin,710,France,Female,36,1,68557.21,1,1,1,170642.73,0
5973,15605972,Johnson,626,Germany,Male,29,9,15831.98,1,0,0,149908.78,0
5974,15605973,Wright,582,Germany,Male,32,4,0.0,1,1,1,157.02,0
5975,15605974,King,621,France,Male,34,10,130671.04,1,1,1,120325.66,0
5976,15605975,Jackson,692,Germany,Male,28,4,15074.95,2,1,0,13239.63,0
5977,15605976,Young,624,France,Male,52,3,0.0,2,1,0,2477.83,0
5978,15605977,Taylor,850,France,Male,52,4,0.0,1,0,0,4056.54,0
5979,15605978,Taylor,622,Spain,Female,37,6,105655.81,2,1,0,186854.14,0
5980,15605979,Thomas,674,Spain,Female,35,9,0.0,1,1,1,57368.0,0
5981,15605980,Lewis,654,Spain,Male,21,1,0.0,2,0,0,113874.05,0
5982,15605981,Hall,630,France,Male,46,0,0.0,1,1,1,38097.21,0
5983,15605982,Johnson,735,Germany,Male,56,3,88809.88,2,1,1,151416.48,0
5984,15605983,Wright,552,France,Male,33,6,0.0,1,1,0,161558.49,0
5985,15605984,Anderson,850,France,Male,38,0,0.0,1,1,1,70779.01,0
5986,15605985,Hall,584,France,Female,43,3,0.0,2,1,0,2264.77,0
5987,15605986,King,696,Spain,Male,56,5,38755.57,2,1,1,127177.11,0
5988,15605987,White,671,Germany,Female,41,5,83401.67,1,1,1,174920.62,0
5989,15605988,Jackson,648,Spain,Male,41,0,0.0,1,1,0,25522.12,0
5990,15605989,Anderson,778,Germany,Male,41,6,101992.05,1,0,1,140347.02,0
5991,15605990,Moore,839,France,Male,25,4,107617.26,1,0,1,53330.4,0
5992,15605991,Smith,574,Spain,Female,25,5,0.0,1,1,1,87126.92,0
5993,15605992,Hall,576,France,Male,31,0,0.0,1,1,0,66755.55,0
5994,15605993,Allen,703,France,Male,49,6,0.0,2,1,1,181306.54,0
5995,15605994,Thomas,645,France,Male,36,3,98284.77,1,0,0,59993.91,0
5996,15605995,Martin,602,Spain,Female,34,2,0.0,2,1,1,191925.04,0
5997,15605996,Taylor,623,Spain,Male,34,10,0.0,2,1,0,23053.0,0
5998,15605997,Anderson,602,Germany,Male,38,3,0.0,2,1,1,184619.0,0
5999,15605998,King,541,France,Male,56,8,21490.59,2,1,0,132176.21,0
6000,15605999,King,676,France,Male,37,4,114905.42,2,0,1,53254.7,0
6001,15606000,Moore,655,Spain,Female,31,4,66403.66,1,1,0,5192.98,0
6002,15606001,Walker,606,France,Female,39,7,0.0,2,1,0,30108.15,0
6003,15606002,Anderson,465,Germany,Male,57,6,0.0,2,1,1,186083.64,0
6004,15606003,Harris,618,Spain,Female,34,2,64506.18,1,1,0,99773.46,0
6005,15606004,Clark,840,France,Male,27,0,0.0,1,1,0,115437.14,1
6006,15606005,King,618,Germany,Female,34,10,107897.45,1,1,1,165825.81,0
6007,15606006,Martin,621,Spain,Male,40,1,0.0,1,1,0,124819.96,0
6008,15606007,Clark,603,France,Female,46,2,0.0,3,1,1,40158.58,0
6009,15606008,White,710,Spain,Male,49,10,81066.86,1,1,0,114609.1,0
6010,15606009,Smith,754,France,Female,29,0,0.0,2,1,1,131090.4,1
6011,15606010,Anderson,586,Germany,Female,29,0,152198.24,1,1,1,47507.53,0
6012,15606011,Wright,504,Germany,Female,36,7,0.0,2,1,1,186327.91,1
6013,15606012,Thomas,617,Germany,Female,46,7,9414.35,1,1,1,35389.61,0
6014,15606013,Brown,599,Spain,Male,26,1,0.0,2,1,0,142406.03,0
6015,15606014,Thomas,630,France,Female,33,7,124666.86,2,1,1,181269.45,1
6016,15606015,Lewis,766,Germany,Male,33,10,0.0,2,0,1,66031.63,0
6017,15606016,Clark,551,France,Male,48,1,68232.12,1,1,1,170273.85,0
6018,15606017,Anderson,691,Spain,Male,44,10,66695.22,1,1,0,118113.16,0
6019,15606018,Smith,692,Spain,Male,48,4,148687.74,2,1,1,60893.56,1
6020,15606019,Wilson,699,France,Male,52,0,0.0,2,1,1,146317.15,0
6021,15606020,Jackson,717,France,Male,36,8,189612.93,1,0,1,82607.24,0
6022,15606021,Young,467,Germany,Male,27,3,88739.14,1,1,1,40393.62,0
6023,15606022,Jackson,709,Germany,Female,27,9,182226.55,2,1,0,183399.95,1
6024,15606023,White,649,France,Female,21,10,73970.11,1,1,0,100883.1,0
6025,15606024,White,583,France,Male,34,1,230447.21,2,0,0,158643.01,0
6026,15606025,Clark,810,France,Male,35,0,0.0,1,1,1,189271.83,1
6027,15606026,Wilson,737,Germany,Male,47,5,80785.07,1,1,1,146818.32,0
6028,15606027,Jackson,571,France,Male,39,10,0.0,1,1,0,93960.07,1
6029,15606028,Lewis,604,Spain,Female,34,7,124636.83,2,1,0,171455.59,1
6030,15606029,Wilson,755,France,Male,38,3,22312.87,1,0,1,117729.82,0
6031,15606030,Johnson,647,Spain,Male,29,0,0.0,2,1,0,20113.32,0
6032,15606031,Allen,524,France,Female,49,0,23981.69,1,1,1,122347.95,0
6033,15606032,White,820,Germany,Male,31,5,60979.73,4,0,0,1088.45,0
6034,15606033,Wilson,626,France,Female,28,1,67015.95,2,1,0,195148.59,0
6035,15606034,Jackson,653,Spain,Male,47,4,82560.6,1,0,0,104166.09,1
6036,15606035,Jackson,695,France,Male,45,1,120827.07,3,1,0,18453.54,0
6037,15606036,Jackson,569,Spain,Female,22,8,69193.02,1,1,0,59915.83,1
6038,15606037,White,776,Germany,Male,48,1,0.0,1,1,1,131758.27,1
6039,15606038,Moore,560,France,Male,32,4,136249.16,1,1,1,57765.91,0
6040,15606039,Clark,673,Germany,Female,35,3,148034.52,2,0,0,84197.61,0
6041,15606040,Wright,599,Spain,Female,41,10,96091.1,1,1,1,59778.02,0
6042,15606041,Moore,753,France,Male,45,0,0.0,3,1,1,125800.12,0
6043,15606042,Clark,705,France,Female,43,9,91718.32,2,0,0,56826.27,1
6044,15606043,Lewis,633,France,Male,39,8,0.0,1,1,1,162610.95,0
6045,15606044,White,500,Spain,Female,35,2,6977.1,1,1,0,144923.48,1
6046,15606045,Moore,687,Germany,Male,43,9,37654.03,2,1,1,65059.94,0
6047,15606046,Taylor,664,France,Male,38,7,0.0,2,1,0,124893.45,0
6048,15606047,Smith,500,Spain,Female,57,3,6409.94,2,1,0,97050.13,0
6049,15606048,Smith,670,Germany,Male,45,10,0.0,1,1,1,10821.12,1
6050,15606049,Harris,714,Germany,Male,30,8,83791.1,1,1,0,82997.56,1
6051,15606050,Wright,656,Spain,Male,34,4,5994.49,1,1,0,26304.52,0
6052,15606051,Smith,602,Germany,Male,39,1,0.0,1,1,1,23790.31,0
6053,15606052,Wilson,783,Spain,Male,52,7,128134.41,1,1,1,31964.61,0
6054,15606053,Clark,827,France,Male,53,3,0.0,2,1,0,85712.6,0
6055,15606054,Clark,542,Germany,Male,35,1,135224.61,2,1,1,183435.15,0
6056,15606055,Taylor,750,France,Male,30,5,0.0,2,1,1,154318.32,0
6057,15606056,Lewis,692,France,Female,28,0,0.0,1,1,1,170652.43,0
6058,15606057,Young,591,France,Male,42,7,0.0,2,1,1,147165.53,0
6059,15606058,Taylor,629,Germany,Female,62,8,0.0,1,1,1,193926.53,0
6060,15606059,Jackson,634,Germany,Female,44,6,0.0,1,1,0,148148.85,0
6061,15606060,Harris,752,France,Female,23,8,0.0,2,1,1,158179.81,1
6062,15606061,Anderson,607,France,Female,32,1,23942.42,1,1,1,162642.12,1
6063,15606062,Brown,472,France,Female,33,10,0.0,1,1,0,137704.42,1
6064,15606063,Jackson,629,Spain,Female,31,0,0.0,2,1,1,40820.42,0
6065,15606064,Jackson,741,France,Female,35,6,0.0,2,1,1,194204.73,0
6066,15606065,Allen,765,Germany,Male,43,3,100089.79,1,1,1,96169.95,0
6067,15606066,Taylor,610,France,Female,46,9,0.0,2,1,1,165871.8,0
6068,15606067,Taylor,696,France,Female,50,7,0.0,2,1,0,159774.99,0
6069,15606068,Wilson,767,France,Female,44,2,71530.8,1,1,1,85513.6,0
6070,15606069,Clark,713,France,Female,19,6,0.0,2,1,1,167921.76,0
6071,15606070,Wilson,850,Germany,Female,28,6,47362.82,1,0,0,49673.58,0
6072,15606071,Allen,785,France,Male,37,10,0.0,1,0,1,70906.44,0
6073,15606072,Johnson,608,France,Male,40,9,13012.88,1,0,0,45812.67,1
6074,15606073,Harris,640,France,Male,48,8,123288.34,1,1,1,11469.88,0
6075,15606074,Jackson,815,France,Male,39,10,58749.56,2,0,1,46971.42,0
6076,15606075,Brown,536,France,Female,40,3,121076.86,1,1,0,129725.02,1
6077,15606076,Hall,643,France,Female,41,9,25021.13,2,1,1,152318.5,0
6078,15606077,Martin,835,Spain,Female,36,0,40119.32,2,1,0,70289.75,0
6079,15606078,Harris,847,Spain,Male,40,6,0.0,1,0,1,147490.43,0
6080,15606079,Martin,679,France,Female,50,9,148372.43,1,0,0,1421.2,0
6081,15606080,King,488,France,Male,38,5,0.0,2,0,0,151822.93,0
6082,15606081,Wilson,615,Germany,Female,39,10,45885.06,1,1,0,167951.08,1
6083,15606082,Allen,720,France,Female,39,0,0.0,2,0,1,198401.56,0
6084,15606083,Wilson,573,France,Male,52,8,109779.48,2,1,0,178893.92,1
6085,15606084,Brown,850,France,Male,28,9,0.0,2,1,0,138251.72,0
6086,15606085,Brown,627,France,Male,57,7,0.0,1,1,0,69402.89,0
6087,15606086,Smith,779,Germany,Male,27,9,0.0,1,0,1,56897.91,0
6088,15606087,Taylor,638,France,Male,32,3,0.0,1,1,0,23394.89,0
6089,15606088,Thomas,680,Spain,Male,46,4,0.0,1,1,0,57384.43,0
6090,15606089,King,650,France,Male,49,7,130757.17,2,0,1,61048.48,0
6091,15606090,Clark,595,France,Female,25,1,88686.72,2,1,0,142747.0,0
6092,15606091,Allen,611,Germany,Male,28,5,159841.2,2,1,1,145280.54,0
6093,15606092,Anderson,718,France,Male,42,9,38251.69,1,1,0,104212.91,0
6094,15606093,Lewis,629,Spain,Female,62,1,26474.38,2,0,0,154439.51,1
6095,15606094,Wright,607,France,Male,51,10,0.0,2,1,1,68436.9,0
6096,15606095,Johnson,710,Spain,Male,37,7,0.0,1,1,0,94153.9,0
6097,15606096,Harris,798,France,Male,18,4,142256.21,1,1,1,9675.25,0
6098,15606097,Martin,816,Germany,Female,40,9,119372.34,2,0,0,107323.77,1
6099,15606098,Smith,553,France,Male,43,2,14785.77,1,0,1,77536.03,0
6100,15606099,Harris,575,Germany,Male,35,1,0.0,4,0,1,13313.42,0
6101,15606100,Johnson,776,France,Male,30,3,131711.34,2,1,0,18584.2,1
6102,15606101,Allen,602,Spain,Female,41,7,91219.68,2,1,0,131490.8,1
6103,15606102,Wilson,627,France,Male,30,0,0.0,1,1,0,148684.65,0
6104,15606103,Clark,519,Germany,Female,58,9,0.0,1,1,0,19685.23,1
6105,15606104,Smith,720,France,Male,54,2,191940.99,2,1,0,154976.8,1
6106,15606105,King,647,France,Female,46,0,54421.39,1,1,1,172712.86,0
6107,15606106,Wright,753,France,Male,40,1,70780.68,1,1,0,113230.52,1
6108,15606107,Hall,728,France,Male,32,9,0.0,1,0,0,97750.87,0
6109,15606108,Lewis,752,France,Female,39,10,0.0,1,1,1,92018.13,0
6110,15606109,Hall,753,Germany,Female,55,6,79521.84,2,0,0,59338.91,1
6111,15606110,Walker,612,Germany,Female,48,0,0.0,1,1,0,179426.37,0
6112,15606111,Anderson,649,France,Female,41,8,141906.77,1,1,0,173750.48,0
6113,15606112,Thomas,670,Germany,Female,48,7,35498.32,2,1,1,102313.27,0
6114,15606113,Harris,660,Spain,Male,44,0,0.0,1,1,1,48494.99,1
6115,15606114,Wright,717,France,Male,43,9,146603.78,1,0,0,182051.75,0
6116,15606115,Johnson,605,Spain,Male,49,0,118748.13,1,1,1,146275.96,0
6117,15606116,Moore,681,Spain,Male,44,1,0.0,2,0,0,164567.36,1
6118,15606117,Jackson,594,Germany,Female,48,1,73685.42,1,1,0,165544.25,0
6119,15606118,Anderson,675,France,Female,41,5,0.0,1,1,1,37788.15,1
6120,15606119,Jackson,686,Spain,Female,36,0,0.0,2,1,0,10820.98,1
6121,15606120,Clark,536,France,Male,34,3,9932.03,2,0,1,101051.47,0
6122,15606121,Johnson,684,France,Male,32,6,0.0,1,1,1,93221.84,0
6123,15606122,White,782,France,Female,23,8,0.0,2,1,1,64286.69,0
6124,15606123,King,753,Germany,Female,30,9,72129.6,2,1,1,144676.56,1
6125,15606124,Anderson,536,Germany,Male,30,2,0.0,1,0,0,121349.02,0
6126,15606125,Brown,527,Germany,Male,34,3,0.0,1,1,0,77054.79,0
6127,15606126,Taylor,701,Spain,Male,55,4,25247.4,2,0,1,97643.49,0
6128,15606127,Anderson,665,France,Female,37,4,32545.08,2,1,1,107874.65,0
6129,15606128,Anderson,635,France,Male,41,1,80204.46,1,0,0,188152.43,0
6130,15606129,Taylor,408,France,Female,42,4,0.0,1,1,0,103566.33,1
6131,15606130,Hall,550,France,Male,55,9,131077.43,1,1,1,130904.16,0
6132,15606131,Thomas,775,Germany,Male,33,0,0.0,2,1,1,182005.22,0
6133,15606132,Johnson,691,Spain,Male,37,6,83513.63,1,1,0,143355.36,0
6134,15606133,Brown,843,France,Female,38,4,0.0,1,1,1,108883.65,0
6135,15606134,Harris,734,France,Female,50,5,0.0,2,1,1,80334.91,0
6136,15606135,Harris,682,France,Male,52,8,0.0,2,0,0,22456.64,0
6137,15606136,Wilson,498,France,Female,44,2,51330.13,2,1,0,157201.89,1
6138,15606137,Young,683,Germany,Male,51,0,0.0,1,1,1,157439.27,0
6139,15606138,Brown,641,Spain,Male,41,7,58418.53,1,1,1,194386.33,0
6140,15606139,Moore,541,Germany,Female,37,1,0.0,2,1,1,102279.66,1
6141,15606140,Walker,776,France,Male,51,1,188608.22,1,0,0,140379.11,0
6142,15606141,King,656,France,Female,44,9,185522.2,2,0,0,195582.62,1
6143,15606142,Lewis,690,France,Male,32,3,48209.82,1,1,1,122449.57,0
6144,15606143,Brown,570,Germany,Male,49,4,0.0,1,1,1,164912.95,0
6145,15606144,Clark,685,Germany,Male,37,0,136763.19,2,1,0,82150.96,1
6146,15606145,Young,634,France,Female,36,10,79368.45,1,1,0,37290.77,0
6147,15606146,Allen,850,Spain,Male,48,2,112561.81,2,1,0,168599.93,0
6148,15606147,Johnson,596,France,Male,38,10,0.0,1,0,0,86084.76,0
6149,15606148,Anderson,582,Spain,Female,43,7,103177.31,1,1,0,148776.24,0
6150,15606149,Hall,675,Germany,Male,46,5,0.0,2,0,0,105190.69,0
6151,15606150,Lewis,628,Spain,Male,31,2,0.0,1,1,1,91419.59,1
6152,15606151,Harris,673,Spain,Male,43,6,0.0,2,1,0,10313.91,0
6153,15606152,Young,809,France,Male,52,10,135019.38,2,0,1,153802.99,0
6154,15606153,Anderson,555,France,Female,29,5,99369.25,1,1,0,64258.24,0
6155,15606154,Young,661,France,Male,43,4,0.0,2,1,0,78192.06,0
6156,15606155,Lewis,589,France,Female,31,7,0.0,1,0,1,69916.07,0
6157,15606156,Taylor,585,Spain,Female,49,7,0.0,2,1,1,138833.91,0
6158,15606157,Clark,637,Spain,Female,49,2,58329.24,2,1,1,142649.89,0
6159,15606158,Young,651,France,Female,35,7,54557.75,2,0,1,163067.52,1
6160,15606159,White,823,Germany,Female,61,9,72464.27,1,1,0,135326.91,1
6161,15606160,Lewis,599,France,Male,50,8,0.0,1,0,0,181509.53,0
6162,15606161,Smith,626,France,Male,46,9,84806.86,2,1,1,48274.84,0
6163,15606162,King,469,France,Male,46,2,159222.61,2,1,1,99015.85,0
6164,15606163,Anderson,694,France,Female,49,10,0.0,2,0,1,193797.85,1
6165,15606164,Wilson,662,France,Female,29,7,0.0,1,1,1,49878.97,1
6166,15606165,White,708,France,Male,41,7,0.0,1,1,1,145095.85,0
6167,15606166,Allen,673,France,Male,43,6,0.0,2,0,0,62818.31,0
6168,15606167,Harris,474,Germany,Male,35,7,166736.06,2,1,1,91298.58,0
6169,15606168,Wilson,818,France,Female,44,0,0.0,1,1,1,107595.02,1
6170,15606169,Young,679,France,Male,51,2,39789.22,1,1,0,159907.64,0
6171,15606170,Thomas,686,France,Female,35,5,41527.22,1,1,0,123962.78,0
6172,15606171,Allen,821,Spain,Male,38,6,0.0,1,0,1,212.84,0
6173,15606172,Johnson,603,France,Male,31,6,17341.96,2,1,0,67312.54,1
6174,15606173,Lewis,516,Germany,Male,21,10,0.0,1,1,0,69179.76,0
6175,15606174,Allen,544,Spain,Male,47,5,0.0,2,0,0,98056.15,0
6176,15606175,Wilson,647,Spain,Female,39,10,119913.69,1,1,0,181403.25,1
6177,15606176,Allen,639,Spain,Male,39,3,13884.2,2,1,0,182621.19,0
6178,15606177,Wilson,808,France,Male,29,4,135697.01,1,1,0,91974.12,0
6179,15606178,Hall,688,France,Male,37,8,0.0,1,1,1,145133.68,0
6180,15606179,Harris,509,France,Female,50,0,40274.86,2,0,0,70752.21,1
6181,15606180,Clark,584,Spain,Male,39,1,139672.05,2,0,0,57507.27,0
6182,15606181,Jackson,592,France,Male,39,4,80124.31,1,1,0,92531.95,1
6183,15606182,Martin,624,France,Female,41,4,0.0,1,1,0,169267.24,0
6184,15606183,Harris,582,Germany,Female,27,6,141491.28,2,1,1,104223.53,0
6185,15606184,Johnson,532,France,Female,45,7,118708.44,1,1,1,94480.64,0
6186,15606185,Allen,664,Germany,Male,26,9,73526.27,1,0,0,31544.83,1
6187,15606186,Johnson,606,Germany,Female,30,5,0.0,1,1,0,148548.12,1
6188,15606187,Harris,528,France,Male,29,5,0.0,2,1,1,72447.72,0
6189,15606188,Anderson,806,France,Male,37,4,0.0,1,1,0,151067.41,0
6190,15606189,Wright,644,France,Male,35,4,109067.51,2,0,1,194099.85,0
6191,15606190,Wilson,843,Spain,Male,39,10,0.0,2,1,0,18180.73,0
6192,15606191,King,759,Spain,Female,30,7,0.0,2,1,0,172441.95,0
6193,15606192,Johnson,605,Germany,Male,49,4,69584.23,2,1,1,33410.75,0
6194,15606193,Lewis,829,Germany,Male,47,5,0.0,2,1,1,173782.3,0
6195,15606194,Clark,757,Spain,Male,37,2,0.0,1,1,1,145454.6,1
6196,15606195,King,594,France,Male,34,4,0.0,1,0,1,84385.45,0
6197,15606196,White,619,France,Male,33,8,0.0,2,0,1,91224.61,0
6198,15606197,Wright,679,Germany,Female,36,2,129622.8,1,0,0,58208.72,0
6199,15606198,Wright,629,France,Male,25,7,100568.35,1,0,0,139834.57,0
6200,15606199,Anderson,750,France,Male,29,10,0.0,2,1,0,179376.06,0
6201,15606200,Walker,688,Spain,Male,48,6,0.0,1,0,0,116570.77,1
6202,15606201,King,752,France,Male,42,3,97969.05,1,1,0,58780.42,0
6203,15606202,Young,711,Germany,Female,55,4,113879.98,1,0,0,143439.53,1
6204,15606203,Wright,584,Spain,Male,36,7,122198.86,2,1,1,50764.49,0
6205,15606204,Johnson,493,France,Male,35,9,0.0,2,1,1,53160.12,0
6206,15606205,Allen,579,Germany,Female,35,6,75205.05,4,1,1,127579.98,0
6207,15606206,Walker,850,France,Male,36,9,126568.28,1,0,1,18980.28,0
6208,15606207,Harris,745,France,Female,32,9,10401.74,1,1,1,79197.28,0
6209,15606208,King,662,France,Male,42,1,85839.08,1,1,0,73672.55,0
6210,15606209,Hall,785,France,Female,39,7,0.0,1,0,1,10593.05,0
6211,15606210,Johnson,653,France,Male,34,7,122684.71,1,1,1,183605.08,0
6212,15606211,Clark,661,France,Female,52,8,0.0,2,0,1,187538.94,1
6213,15606212,King,687,France,Male,58,1,42757.17,2,0,0,79467.8,0
6214,15606213,Moore,610,France,Female,51,3,0.0,2,1,1,73893.49,1
6215,15606214,Walker,564,Germany,Female,45,1,0.0,2,1,1,24330.57,1
6216,15606215,King,692,Germany,Male,47,3,0.0,1,1,0,112510.88,1
6217,15606216,Hall,652,France,Female,58,2,19432.2,1,1,0,69535.58,0
6218,15606217,Jackson,627,France,Male,47,6,0.0,1,1,0,168572.9,0
6219,15606218,Walker,702,France,Male,33,4,0.0,2,1,0,146623.79,0
6220,15606219,Anderson,613,France,Male,43,6,0.0,1,1,0,24650.81,1
6221,15606220,Harris,726,Germany,Male,45,1,0.0,1,1,0,42921.99,0
6222,15606221,Hall,533,Spain,Female,29,3,0.0,2,1,0,23631.15,0
6223,15606222,Hall,526,France,Female,36,5,0.0,2,1,0,27146.19,0
6224,15606223,Martin,522,France,Male,50,4,0.0,2,1,0,13391.85,0
6225,15606224,Lewis,651,France,Female,21,10,102194.39,1,0,1,73224.15,0
6226,15606225,Wright,520,Spain,Male,26,1,0.0,2,1,0,121176.92,0
6227,15606226,Wright,819,France,Female,37,6,24590.39,1,1,0,192619.56,0
6228,15606227,Moore,815,Germany,Male,43,1,0.0,2,1,1,84869.8,0
6229,15606228,Young,688,Germany,Female,25,8,7096.94,1,0,1,190370.01,1
6230,15606229,Hall,740,France,Male,38,6,155274.76,2,1,1,19016.21,0
6231,15606230,Smith,567,Spain,Female,51,2,146324.37,2,0,1,32657.83,0
6232,15606231,Martin,762,Germany,Female,40,5,0.0,3,1,1,80398.95,0
6233,15606232,Jackson,620,Spain,Male,48,4,0.0,1,1,0,78735.82,0
6234,15606233,King,645,France,Female,33,8,0.0,1,1,0,3466.39,1
6235,15606234,Moore,631,France,Male,31,2,105149.34,2,0,0,11855.93,0
6236,15606235,Allen,581,Germany,Male,47,1,110358.79,2,1,0,65151.31,0
6237,15606236,Wright,707,Spain,Female,43,1,116968.71,2,0,1,62705.48,1
6238,15606237,Hall,598,Spain,Male,27,3,0.0,1,1,0,57195.6,0
6239,15606238,Wilson,624,Germany,Male,31,0,0.0,1,1,0,104638.0,0
6240,15606239,Young,430,Germany,Male,55,8,106056.82,1,0,0,39743.14,0
6241,15606240,Hall,686,Germany,Male,30,2,0.0,1,1,1,101236.7,0
6242,15606241,White,640,France,Male,48,4,0.0,2,0,0,10159.11,1
6243,15606242,King,559,Spain,Female,34,1,9249.44,1,1,1,99583.84,1
6244,15606243,Thomas,627,Spain,Female,39,7,2758.97,2,1,0,149623.8,1
6245,15606244,Taylor,605,Germany,Male,42,10,0.0,2,1,1,184549.93,0
6246,15606245,Johnson,500,Spain,Female,18,10,110363.52,1,1,1,179047.17,0
6247,15606246,Lewis,807,France,Female,24,2,138844.83,2,1,1,129410.19,0
6248,15606247,Taylor,787,Germany,Male,40,4,104390.48,2,0,0,196477.22,0
6249,15606248,Wright,719,Spain,Male,32,6,38159.57,2,0,0,73303.89,1
6250,15606249,Wilson,771,France,Female,49,1,0.0,1,1,0,138631.04,0
6251,15606250,Walker,602,France,Female,23,2,0.0,4,1,1,197842.69,0
6252,15606251,Allen,649,France,Female,45,7,141806.57,2,1,1,138954.22,0
6253,15606252,King,598,France,Female,25,9,88990.11,1,0,1,51826.76,0
6254,15606253,Moore,674,France,Female,35,7,162289.47,1,0,1,162542.72,0
6255,15606254,Taylor,743,France,Female,28,2,123682.46,2,0,1,70066.82,0
6256,15606255,Smith,643,Spain,Male,58,9,0.0,1,0,0,56413.33,0
6257,15606256,Wilson,525,Spain,Male,26,6,0.0,1,1,1,165486.53,0
6258,15606257,Thomas,690,Spain,Female,38,10,0.0,2,1,1,80227.5,0
6259,15606258,Anderson,591,Germany,Female,22,1,72373.82,1,0,1,129114.52,0
6260,15606259,King,741,France,Male,55,8,123326.18,1,1,1,173579.2,0
6261,15606260,Harris,832,France,Female,43,7,102227.04,2,1,1,30545.37,0
6262,15606261,Harris,753,Germany,Male,40,8,0.0,3,0,1,122992.49,0
6263,15606262,King,629,France,Male,54,8,202868.47,1,1,0,35964.11,1
6264,15606263,Thomas,661,Germany,Male,40,6,88936.39,1,0,1,120769.28,0
6265,15606264,Brown,641,Germany,Female,41,3,16070.49,2,1,0,98138.06,1
6266,15606265,Jackson,563,Spain,Male,40,4,114402.42,2,0,0,174634.35,0
6267,15606266,Taylor,599,Germany,Male,45,6,10564.2,1,0,0,180168.03,0
6268,15606267,Jackson,635,France,Male,34,4,95574.05,1,0,1,154092.65,1
6269,15606268,Taylor,628,France,Male,37,9,72596.68,2,1,0,125737.03,0
6270,15606269,King,531,Spain,Female,47,7,79929.77,1,1,1,56605.14,0
6271,15606270,Allen,654,France,Female,42,4,0.0,2,0,1,97571.9,0
6272,15606271,Young,644,Germany,Male,38,4,68551.0,1,0,1,30925.36,0
6273,15606272,Thomas,431,France,Male,25,4,69594.52,2,0,1,1604.87,0
6274,15606273,Wright,638,Spain,Male,54,3,75328.8,2,1,0,113415.0,0
6275,15606274,Moore,422,Spain,Male,32,10,0.0,1,0,1,52439.06,0
6276,15606275,Young,551,Spain,Female,49,10,41447.82,2,1,1,55892.32,0
6277,15606276,Wilson,535,France,Female,41,6,0.0,2,0,1,35669.1,1
6278,15606277,Brown,628,France,Male,26,1,0.0,1,1,1,15513.74,1
6279,15606278,Brown,584,Germany,Female,52,9,0.0,1,1,1,49759.96,0
6280,15606279,Moore,617,France,Male,42,3,56081.04,2,1,1,46921.07,0
6281,15606280,Lewis,834,Germany,Female,52,10,163882.09,2,1,0,82542.89,1
6282,15606281,Thomas,556,Spain,Male,37,2,0.0,4,0,1,15246.79,0
6283,15606282,Smith,757,Germany,Male,46,9,120630.95,2,0,1,92818.72,0
6284,15606283,Walker,708,Spain,Male,21,7,149522.76,2,1,1,11042.38,0
6285,15606284,Allen,687,France,Female,34,6,164688.01,1,0,0,39166.62,0
6286,15606285,Anderson,770,Spain,Male,26,2,0.0,2,1,0,168653.9,0
6287,15606286,Moore,606,Germany,Male,35,3,26497.15,1,0,1,12766.63,0
6288,15606287,Wright,636,France,Male,44,3,0.0,3,0,0,20959.16,0
6289,15606288,Brown,568,Germany,Female,33,9,0.0,1,1,1,116873.21,0
6290,15606289,Martin,419,France,Female,48,6,191835.73,1,1,1,52582.84,0
6291,15606290,Taylor,660,France,Female,30,7,129822.55,1,0,1,154681.25,0
6292,15606291,Harris,817,France,Female,48,3,0.0,1,1,0,85457.76,0
6293,15606292,Walker,516,Germany,Male,52,7,0.0,1,1,1,114558.75,0
6294,15606293,Jackson,525,France,Male,49,0,115003.47,1,0,0,22124.32,0
6295,15606294,Martin,679,Germany,Female,36,8,0.0,2,0,0,139484.56,1
6296,15606295,Taylor,628,Germany,Female,18,6,96467.52,1,0,1,189342.68,0
6297,15606296,Harris,796,France,Female,45,3,50058.45,2,0,0,192128.73,0
6298,15606297,Wilson,600,France,Male,38,7,86151.75,2,1,0,129870.78,0
6299,15606298,Thomas,799,Spain,Male,29,9,11066.76,3,1,1,16507.29,0
6300,15606299,Martin,693,France,Male,33,1,80776.8,2,1,1,171744.92,0
6301,15606300,Martin,760,Germany,Female,53,7,0.0,1,1,1,198667.18,0
6302,15606301,Johnson,572,France,Male,28,9,0.0,2,0,1,26931.82,0
6303,15606302,White,628,France,Female,44,5,128484.34,2,1,1,165816.84,1
6304,15606303,Wilson,666,Germany,Female,41,6,0.0,1,1,0,31121.61,1
6305,15606304,Anderson,684,France,Male,35,6,0.0,1,0,0,89496.66,0
6306,15606305,Thomas,579,France,Male,45,1,0.0,1,1,0,184951.15,1
6307,15606306,Hall,601,France,Female,55,10,120869.93,1,1,1,186416.14,0
6308,15606307,Anderson,799,France,Female,36,1,123357.16,1,1,1,110529.23,0
6309,15606308,Wright,738,Spain,Female,37,3,186007.77,2,1,1,187278.16,0
6310,15606309,Hall,531,Germany,Female,45,5,16280.02,2,0,1,7564.72,1
6311,15606310,Moore,676,France,Male,48,3,57129.13,2,1,1,137237.15,0
6312,15606311,Johnson,767,Spain,Male,38,5,102872.17,1,0,1,85657.72,0
6313,15606312,King,579,Spain,Female,36,4,86450.92,1,0,0,110770.38,1
6314,15606313,Jackson,701,France,Female,18,5,129066.38,1,0,0,38715.76,0
6315,15606314,Clark,705,France,Female,31,8,0.0,2,1,1,40363.35,0
6316,15606315,Clark,486,Germany,Male,28,5,55664.03,1,1,1,145879.93,0
6317,15606316,Martin,575,Spain,Female,46,5,56126.34,2,0,1,153612.29,1
6318,15606317,Anderson,599,Spain,Male,37,10,124532.64,1,1,0,128076.34,0
6319,15606318,Harris,650,Spain,Female,36,10,150521.21,2,0,1,69138.95,0
6320,15606319,Moore,597,France,Male,39,7,96120.61,1,1,1,141216.38,0
6321,15606320,Martin,688,Spain,Male,30,4,199997.92,1,1,0,103596.58,0
6322,15606321,Young,619,Spain,Male,55,4,0.0,1,0,1,140216.42,1
6323,15606322,Allen,499,Spain,Male,52,9,37867.04,1,0,0,43078.51,0
6324,15606323,Taylor,387,France,Male,55,10,176975.02,2,0,0,98383.29,1
6325,15606324,Anderson,598,France,Male,46,0,0.0,2,1,0,25168.57,0
6326,15606325,Johnson,665,France,Female,39,5,29929.53,1,1,0,192469.47,1
6327,15606326,Hall,650,Germany,Female,55,0,0.0,1,0,0,198726.28,1
6328,15606327,Johnson,545,France,Female,32,10,31431.01,2,1,0,85857.53,1
6329,15606328,Young,731,France,Male,30,7,0.0,1,1,0,79262.99,0
6330,15606329,Martin,611,France,Male,33,9,161091.26,1,1,0,85578.41,0
6331,15606330,Jackson,733,France,Female,44,8,0.0,1,0,0,37316.35,0
6332,15606331,Jackson,736,Spain,Male,31,5,0.0,1,1,1,41624.83,0
6333,15606332,Jackson,730,Spain,Male,37,8,101925.56,1,1,1,194993.88,0
6334,15606333,Martin,712,Spain,Male,23,1,0.0,1,0,0,67820.01,0
6335,15606334,Lewis,535,France,Male,44,8,134874.42,1,1,1,174061.86,0
6336,15606335,Harris,630,Spain,Male,24,3,172323.46,2,1,1,1541.13,0
6337,15606336,Hall,795,France,Female,30,2,108055.9,2,0,0,119263.1,0
6338,15606337,Johnson,626,France,Female,51,0,55867.55,1,1,0,45557.33,0
6339,15606338,Martin,501,France,Male,51,0,95209.05,2,1,0,114011.97,0
6340,15606339,Thomas,719,France,Female,43,7,0.0,2,1,0,134003.3,0
6341,15606340,Clark,702,France,Female,42,1,0.0,1,1,1,162632.77,0
6342,15606341,Smith,639,Spain,Male,34,0,93430.26,1,1,0,49060.57,0
6343,15606342,Hall,622,Spain,Male,31,1,99686.88,2,1,0,127773.13,0
6344,15606343,Lewis,672,Germany,Male,35,2,0.0,2,1,0,832.52,0
6345,15606344,Wright,723,France,Female,24,3,0.0,2,1,0,199849.77,0
6346,15606345,King,658,France,Male,42,10,0.0,2,1,0,83687.32,0
6347,15606346,Smith,706,France,Female,39,8,225384.81,1,1,1,39702.42,0
6348,15606347,Wright,812,Germany,Female,30,6,80869.69,2,1,0,128907.32,0
6349,15606348,Lewis,624,Spain,Male,55,4,92231.4,1,1,1,106823.96,0
6350,15606349,King,850,Spain,Female,45,4,0.0,1,1,0,647.0,0
6351,15606350,Johnson,826,France,Female,46,5,181540.46,1,1,1,80375.74,0
6352,15606351,Allen,604,Spain,Male,34,0,0.0,2,0,1,165600.45,0
6353,15606352,Brown,848,France,Female,39,5,126920.11,2,1,0,51846.95,0
6354,15606353,Martin,598,Spain,Male,45,10,43467.16,2,1,1,192013.3,0
6355,15606354,Smith,850,Germany,Male,41,5,162202.56,1,1,1,172914.57,1
6356,15606355,Wilson,625,Germany,Male,55,10,40281.02,2,1,0,74176.79,0
6357,15606356,Smith,700,Spain,Female,37,4,0.0,2,1,1,80226.83,0
6358,15606357,Clark,698,France,Male,34,9,54175.52,2,0,0,90491.68,0
6359,15606358,Jackson,613,Germany,Female,45,8,0.0,1,1,0,127433.63,0
6360,15606359,Allen,694,Spain,Male,26,9,47352.0,1,1,0,65563.54,1
6361,15606360,Allen,763,France,Female,48,9,0.0,1,1,0,222.78,1
6362,15606361,Brown,658,France,Female,26,4,73916.52,1,1,0,87324.31,1
6363,15606362,Moore,675,France,Male,45,8,175117.17,2,0,0,98959.88,0
6364,15606363,Martin,729,France,Female,33,9,188526.25,2,1,1,141870.04,1
6365,15606364,Young,542,France,Female,44,6,230711.71,1,1,0,3642.12,0
6366,15606365,Harris,658,Spain,Female,48,2,62295.59,2,0,1,126398.61,1
6367,15606366,Taylor,772,France,Male,41,10,0.0,1,1,1,15253.61,0
6368,15606367,Martin,623,France,Female,27,8,93596.39,1,1,1,105078.83,0
6369,15606368,Hall,708,Spain,Female,30,9,0.0,1,0,0,40229.25,1
6370,15606369,Jackson,489,Germany,Female,32,6,41529.04,1,1,1,175889.18,0
6371,15606370,Wright,660,Spain,Male,20,3,0.0,2,0,1,85405.22,0
6372,15606371,Taylor,636,France,Male,50,8,21853.31,2,0,1,24920.72,0
6373,15606372,Walker,655,Germany,Female,40,5,0.0,2,1,0,5520.17,0
6374,15606373,Smith,634,Germany,Female,28,8,0.0,2,1,0,170404.26,0
6375,15606374,White,770,France,Female,54,3,0.0,2,1,0,187520.52,0
6376,15606375,Wright,562,France,Female,32,9,0.0,1,0,1,145259.14,0
6377,15606376,Jackson,616,Spain,Female,42,1,39325.76,1,1,0,132819.94,0
6378,15606377,Walker,574,Germany,Male,31,8,0.0,2,1,1,49725.61,0
6379,15606378,Johnson,522,Germany,Male,19,9,0.0,1,1,1,145080.49,0
6380,15606379,Young,643,Germany,Male,25,3,200371.4,1,1,0,30709.68,0
6381,15606380,Anderson,559,Spain,Female,35,10,0.0,1,1,1,163067.54,0
6382,15606381,Allen,674,Spain,Male,48,1,22906.07,1,1,0,87427.9,0
6383,15606382,Moore,676,France,Male,42,6,116939.78,1,1,1,174939.1,0
6384,15606383,Wright,665,France,Male,40,6,37666.52,2,1,1,68617.46,0
6385,15606384,Wilson,706,France,Male,19,4,1378.36,1,1,0,2281.18,0
6386,15606385,Allen,423,Spain,Female,52,4,0.0,1,1,0,162408.25,0
6387,15606386,Lewis,795,Spain,Female,41,7,0.0,1,1,0,176299.63,1
6388,15606387,King,644,Spain,Male,38,5,148963.34,1,1,1,3786.21,0
6389,15606388,Hall,717,France,Female,50,0,152107.26,2,1,0,51318.01,0
6390,15606389,Johnson,553,Spain,Female,51,10,0.0,1,0,1,63506.29,1
6391,15606390,Walker,526,France,Female,51,3,104438.42,2,1,1,119636.15,0
6392,15606391,Harris,699,France,Female,37,0,156099.21,2,0,0,47231.42,1
6393,15606392,Brown,720,Germany,Male,29,4,0.0,1,1,0,185208.61,0
6394,15606393,Johnson,531,Spain,Female,49,4,90828.44,2,1,1,192661.67,0
6395,15606394,Thomas,708,Germany,Female,25,3,0.0,2,1,0,117077.87,1
6396,15606395,White,718,France,Male,58,8,0.0,2,1,1,197141.6,0
6397,15606396,Brown,711,France,Male,39,7,124358.75,1,0,0,34142.34,0
6398,15606397,King,665,France,Male,28,9,0.0,1,0,1,23077.25,0
6399,15606398,Wilson,680,France,Female,27,2,115998.52,1,1,1,81156.84,0
6400,15606399,Young,816,Germany,Male,26,4,0.0,2,0,1,159138.72,0
6401,15606400,Taylor,594,Spain,Male,40,5,0.0,2,1,0,117849.28,0
6402,15606401,Walker,735,Germany,Male,39,4,0.0,3,0,0,125989.6,1
6403,15606402,Clark,691,France,Female,27,7,0.0,2,0,0,191753.96,0
6404,15606403,Wilson,517,Germany,Male,35,4,0.0,1,0,0,119606.02,0
6405,15606404,Jackson,512,France,Male,25,7,32568.22,2,1,1,86729.34,0
6406,15606405,White,666,Germany,Male,45,9,138278.09,1,1,1,156965.96,0
6407,15606406,White,495,France,Female,38,9,80237.42,1,1,1,152982.7,0
6408,15606407,Lewis,418,France,Female,35,2,5912.29,1,1,1,189396.1,0
6409,15606408,Walker,850,Spain,Male,26,4,39586.33,1,1,1,122848.95,0
6410,15606409,King,556,Germany,Male,36,3,244731.17,2,0,1,2973.38,0
6411,15606410,Hall,739,France,Female,35,10,0.0,2,1,0,66768.66,0
6412,15606411,Moore,673,France,Male,42,5,133691.15,2,1,1,84298.02,0
6413,15606412,King,850,Germany,Male,41,2,0.0,2,1,0,145155.6,1
6414,15606413,Lewis,834,France,Male,47,9,14544.27,2,0,0,118951.18,1
6415,15606414,Hall,704,France,Male,34,3,71328.81,1,0,0,127083.14,1
6416,15606415,Johnson,512,France,Female,20,10,35378.8,2,1,0,53001.99,1
6417,15606416,Wright,799,France,Male,49,3,68807.0,2,1,0,165858.29,0
6418,15606417,Lewis,530,Germany,Male,30,4,0.0,1,1,0,64013.51,0
6419,15606418,Brown,754,Germany,Male,28,10,110227.16,1,0,0,143166.47,0
6420,15606419,Hall,554,Spain,Female,39,5,28614.23,1,1,1,52455.41,1
6421,15606420,Young,602,Germany,Male,42,1,34655.98,2,0,0,126531.96,0
6422,15606421,Allen,850,France,Female,34,9,103651.44,2,1,1,101668.2,0
6423,15606422,Lewis,674,France,Female,34,7,199041.18,2,1,1,25804.76,1
6424,15606423,Anderson,574,France,Male,35,3,11035.34,1,0,0,60853.19,0
6425,15606424,Moore,629,France,Male,53,6,0.0,2,1,1,108272.98,0
6426,15606425,Harris,673,France,Male,39,6,79612.01,2,0,1,87819.16,0
6427,15606426,White,567,Germany,Female,29,9,46346.5,1,1,1,80769.96,0
6428,15606427,Thomas,713,Germany,Male,29,10,0.0,1,1,1,144742.78,0
6429,15606428,Wilson,571,France,Female,36,10,175794.18,1,1,1,143314.67,0
6430,15606429,Martin,442,Spain,Male,41,1,0.0,2,0,0,198607.9,0
6431,15606430,Allen,629,Spain,Female,44,6,96130.67,2,1,0,24492.24,0
6432,15606431,Jackson,591,Germany,Male,40,0,0.0,2,1,0,49668.78,0
6433,15606432,Anderson,664,Germany,Male,31,1,0.0,1,1,0,57692.17,1
6434,15606433,Hall,631,Spain,Female,35,4,0.0,2,1,1,61830.82,1
6435,15606434,Taylor,734,Germany,Female,46,7,116425.78,1,1,1,66252.57,0
6436,15606435,King,720,Spain,Male,28,6,0.0,1,1,0,113298.87,0
6437,15606436,Harris,455,Spain,Male,34,2,0.0,1,1,0,9511.52,0
6438,15606437,Moore,645,France,Male,45,9,0.0,2,1,0,93142.64,0
6439,15606438,Martin,607,France,Male,48,8,135785.97,2,1,1,141679.51,1
6440,15606439,Harris,620,Spain,Female,37,4,0.0,1,1,1,145030.3,0
6441,15606440,Allen,476,France,Female,35,2,0.0,2,1,0,110560.99,1
6442,15606441,Moore,350,France,Female,26,6,133572.42,1,1,1,184202.85,0
6443,15606442,Clark,795,Spain,Female,44,3,96085.68,1,1,1,38273.46,1
6444,15606443,Johnson,627,France,Male,52,0,121975.4,1,1,1,197186.85,0
6445,15606444,Lewis,678,Spain,Female,65,4,0.0,2,0,1,33627.37,0
6446,15606445,Harris,583,Spain,Male,43,10,20236.14,1,1,1,68730.33,0
6447,15606446,Wright,511,Germany,Male,38,7,133710.62,1,1,0,10338.6,0
6448,15606447,Wilson,597,France,Male,30,3,0.0,2,1,0,192417.31,0
6449,15606448,Young,552,France,Male,20,6,0.0,2,1,0,116200.42,0
6450,15606449,Wright,709,Spain,Female,41,7,0.0,2,1,1,135042.23,0
6451,15606450,Thomas,683,Germany,Male,63,8,0.0,2,0,0,192055.64,0
6452,15606451,Wilson,714,Germany,Female,52,10,155687.61,2,0,1,151260.62,0
6453,15606452,King,688,France,Female,50,8,0.0,2,1,1,195848.37,0
6454,15606453,White,462,France,Male,41,4,0.0,1,0,0,106756.55,0
6455,15606454,Anderson,615,Germany,Female,43,5,160399.53,2,1,0,144098.66,1
6456,15606455,Young,570,France,Male,18,6,44335.49,2,1,1,31375.3,0
6457,15606456,Johnson,666,Spain,Male,47,9,171757.72,2,0,1,8453.65,0
6458,15606457,Wilson,586,France,Male,33,1,22080.14,2,0,1,89012.13,0
6459,15606458,Wilson,680,France,Female,32,8,0.0,1,1,1,17998.1,0
6460,15606459,Wright,685,France,Male,36,0,123318.47,2,1,0,100337.53,0
6461,15606460,White,625,France,Female,35,5,0.0,4,1,1,70654.61,1
6462,15606461,Harris,677,Spain,Male,32,5,89090.12,2,0,0,37149.6,0
6463,15606462,Thomas,687,Germany,Female,39,6,0.0,1,1,1,196977.56,0
6464,15606463,Wright,662,France,Male,33,1,63905.96,1,1,1,188021.02,0
6465,15606464,Hall,685,Germany,Female,40,5,62028.57,2,1,0,55758.93,1
6466,15606465,Wilson,714,France,Female,24,5,68107.93,1,1,1,85569.78,0
6467,15606466,Johnson,615,Spain,Male,37,8,0.0,2,1,1,133704.28,0
6468,15606467,Moore,578,France,Female,28,7,0.0,1,1,1,105458.84,0
6469,15606468,Young,684,Germany,Male,33,4,70657.1,2,1,0,182424.85,1
6470,15606469,Harris,594,Germany,Female,40,6,65557.05,2,1,0,197522.24,0
6471,15606470,Wilson,649,Spain,Female,23,6,62008.8,2,1,0,12463.43,0
6472,15606471,Wilson,637,Germany,Male,31,4,19110.89,2,0,0,89899.96,0
6473,15606472,Young,814,Spain,Female,45,6,0.0,1,0,0,75493.32,0
6474,15606473,Lewis,724,Germany,Female,25,2,52101.89,1,0,1,10494.68,0
6475,15606474,Smith,770,Spain,Male,57,6,0.0,2,0,0,182329.08,0
6476,15606475,Thomas,690,Germany,Female,51,5,0.0,2,1,0,31215.93,0
6477,15606476,Walker,678,Spain,Female,34,5,40081.44,2,0,0,7446.45,1
6478,15606477,Wilson,690,France,Female,31,1,16419.0,2,1,1,19202.95,1
6479,15606478,Wilson,606,Spain,Female,41,1,0.0,2,1,0,87559.23,0
6480,15606479,Walker,539,France,Male,25,6,0.0,1,0,1,82149.83,0
6481,15606480,Moore,706,Spain,Female,19,0,184954.81,2,1,0,180991.79,0
6482,15606481,Harris,700,France,Male,34,8,87943.87,1,1,1,3878.9,0
6483,15606482,Johnson,788,Spain,Female,38,2,0.0,1,0,1,184929.21,0
6484,15606483,Lewis,733,France,Female,40,5,0.0,2,1,1,80890.51,0
6485,15606484,Jackson,608,France,Female,33,2,0.0,1,1,1,43961.9,0
6486,15606485,Anderson,542,France,Male,52,8,0.0,2,0,1,195473.73,1
6487,15606486,Young,684,Germany,Male,24,9,0.0,1,1,1,182838.45,0
6488,15606487,Lewis,652,France,Male,28,6,184761.58,1,0,0,125834.68,0
6489,15606488,Young,596,France,Male,44,0,0.0,1,1,0,17968.91,1
6490,15606489,Clark,703,Spain,Female,27,3,192080.59,1,1,0,154392.92,0
6491,15606490,Harris,535,Spain,Female,27,4,0.0,1,1,0,15465.23,0
6492,15606491,White,590,France,Female,40,6,38613.94,1,1,0,52042.69,1
6493,15606492,Lewis,850,France,Female,28,6,0.0,1,1,0,120894.39,0
6494,15606493,Harris,555,France,Female,38,4,158925.08,1,1,0,7006.26,0
6495,15606494,Anderson,693,Germany,Female,32,0,0.0,2,1,0,59513.46,0
6496,15606495,King,748,France,Female,30,4,55934.77,2,0,1,71643.37,0
6497,15606496,Harris,732,France,Female,18,4,46225.62,2,1,1,10295.8,0
6498,15606497,Wilson,716,France,Female,40,3,56007.92,2,1,1,113147.74,0
6499,15606498,Smith,694,France,Female,27,5,74617.49,2,1,1,135066.87,1
6500,15606499,Clark,648,Germany,Male,37,7,111399.36,1,1,1,18892.03,0
6501,15606500,Hall,789,France,Female,34,9,0.0,2,0,0,75084.92,0
6502,15606501,Young,784,France,Male,37,4,67339.48,1,1,1,63797.48,0
6503,15606502,Young,747,France,Male,38,7,0.0,2,1,0,98257.26,0
6504,15606503,Allen,805,France,Female,41,4,90480.02,2,1,0,186551.61,0
6505,15606504,Wilson,742,France,Female,32,2,0.0,2,0,1,97812.74,0
6506,15606505,Taylor,618,Germany,Female,51,7,0.0,2,1,1,557.52,0
6507,15606506,Johnson,583,Germany,Male,21,3,0.0,2,0,0,7247.08,0
6508,15606507,Young,686,Germany,Female,37,2,0.0,2,1,0,68249.51,0
6509,15606508,Young,678,Germany,Female,47,2,0.0,1,1,1,20935.34,1
6510,15606509,Hall,695,Spain,Female,44,5,135266.79,1,1,0,59590.67,1
6511,15606510,Johnson,799,France,Male,29,7,0.0,2,0,0,128049.75,0
6512,15606511,King,613,Germany,Female,31,9,0.0,1,1,1,51711.47,0
6513,15606512,King,635,Germany,Male,29,4,0.0,1,0,1,22963.87,0
6514,15606513,Martin,679,Germany,Male,45,0,17921.29,1,0,0,140259.71,0
6515,15606514,King,636,Spain,Male,32,0,76712.38,2,0,0,183444.23,0
6516,15606515,Lewis,472,France,Male,42,2,43955.93,2,0,0,182110.66,1
6517,15606516,Harris,605,Germany,Male,42,5,137463.96,2,1,0,130560.64,0
6518,15606517,Clark,555,Spain,Male,63,1,0.0,1,0,1,37021.05,1
6519,15606518,Moore,783,Germany,Male,42,0,138275.93,2,0,1,174640.79,0
6520,15606519,White,570,France,Female,31,6,153086.92,1,1,1,152354.34,0
6521,15606520,Allen,646,France,Female,24,1,0.0,2,1,0,167780.57,1
6522,15606521,Moore,655,France,Male,36,7,94083.69,1,0,1,29733.52,0
6523,15606522,Johnson,698,Germany,Male,38,1,0.0,1,1,0,96829.3,0
6524,15606523,Jackson,675,France,Male,18,10,0.0,2,1,0,106608.85,0
6525,15606524,King,680,France,Male,32,0,0.0,2,0,1,155018.71,0
6526,15606525,Taylor,565,Germany,Male,42,9,0.0,1,0,1,65133.51,1
6527,15606526,Thomas,623,France,Female,34,1,123742.52,2,1,1,69323.54,0
6528,15606527,Hall,515,Germany,Male,49,1,2237.08,1,1,1,177175.21,0
6529,15606528,Johnson,687,France,Female,23,6,105027.99,2,1,0,148073.18,0
6530,15606529,Martin,575,Germany,Male,46,0,64083.35,2,0,1,127829.37,0
6531,15606530,Lewis,781,Spain,Male,48,2,0.0,1,1,0,24191.61,0
6532,15606531,Wright,458,Germany,Male,49,4,54020.81,1,1,1,13791.97,0
6533,15606532,Martin,837,Germany,Female,23,6,0.0,2,1,0,129127.12,0
6534,15606533,Clark,673,France,Female,42,5,56225.44,1,1,1,102576.51,0
6535,15606534,Moore,620,France,Female,32,7,49058.46,2,1,1,196908.62,0
6536,15606535,Johnson,703,France,Male,25,0,100261.72,2,1,0,170430.57,0
6537,15606536,Wilson,792,Spain,Male,35,6,70873.44,1,0,0,114021.23,0
6538,15606537,Taylor,833,Germany,Female,30,8,4949.8,2,0,0,23866.43,1
6539,15606538,Wilson,650,France,Male,48,6,0.0,2,1,1,19659.66,0
6540,15606539,Johnson,456,Spain,Male,44,5,0.0,3,1,0,92347.01,1
6541,15606540,Walker,642,France,Female,27,8,75981.19,2,1,0,29877.54,0
6542,15606541,Hall,599,Germany,Male,32,3,151624.67,1,1,1,137040.25,0
6543,15606542,Wright,714,Germany,Male,35,9,17815.29,1,0,1,9440.79,0
6544,15606543,Jackson,610,France,Male,38,5,128252.12,2,1,1,198766.45,0
6545,15606544,Clark,540,France,Male,49,5,114122.47,1,0,0,189168.98,0
6546,15606545,Wilson,599,France,Male,46,9,0.0,1,1,1,120818.95,0
6547,15606546,Taylor,782,Spain,Male,40,2,82412.47,1,1,1,39615.18,1
6548,15606547,Johnson,663,Spain,Female,36,6,0.0,2,1,1,56463.54,0
6549,15606548,Allen,745,France,Male,21,0,38992.34,2,1,0,58893.3,0
6550,15606549,Walker,610,France,Female,52,10,0.0,2,0,1,37272.49,0
6551,15606550,Brown,764,France,Female,35,7,24168.52,1,1,1,22002.67,0
6552,15606551,Walker,566,Spain,Female,55,7,91292.36,2,1,0,132616.71,0
6553,15606552,Taylor,577,Spain,Female,41,7,0.0,1,1,0,149571.06,0
6554,15606553,Martin,783,France,Male,59,8,1717.46,2,0,0,48882.79,0
6555,15606554,Moore,778,Germany,Male,45,3,0.0,3,0,1,151696.65,1
6556,15606555,Clark,465,Spain,Female,25,5,0.0,2,0,1,33002.55,0
6557,15606556,Moore,747,France,Male,33,10,0.0,2,1,0,46602.38,0
6558,15606557,Taylor,520,France,Male,37,6,0.0,1,1,0,156871.34,0
6559,15606558,Young,753,Germany,Male,30,1,54692.65,2,0,1,195539.89,0
6560,15606559,Jackson,751,Germany,Male,35,5,155140.78,4,1,1,155574.84,0
6561,15606560,Martin,803,France,Female,25,7,0.0,1,0,0,39488.89,0
6562,15606561,White,815,France,Male,39,3,0.0,1,1,0,59597.81,0
6563,15606562,Hall,673,France,Male,41,4,207779.8,1,0,1,127939.45,0
6564,15606563,Taylor,626,Spain,Male,29,7,71627.46,3,1,0,190945.1,0
6565,15606564,Thomas,648,France,Male,58,2,0.0,1,0,1,198931.54,0
6566,15606565,Hall,638,France,Male,40,5,0.0,1,1,1,117524.78,0
6567,15606566,Moore,625,Spain,Male,31,0,116046.14,2,1,0,87291.63,1
6568,15606567,Clark,632,Spain,Male,23,3,0.0,2,1,0,48368.88,0
6569,15606568,Harris,759,France,Male,40,5,0.0,2,1,1,15248.89,1
6570,15606569,Moore,524,France,Female,36,2,0.0,1,1,1,61442.51,0
6571,15606570,Young,755,Spain,Female,47,0,0.0,2,1,0,111977.27,0
6572,15606571,Brown,649,France,Female,38,5,0.0,1,0,0,127773.08,0
6573,15606572,Young,507,France,Male,27,2,0.0,2,1,0,66175.41,0
6574,15606573,Anderson,708,Germany,Male,56,7,90947.06,2,1,0,191908.45,1
6575,15606574,Wright,499,France,Female,43,6,112069.64,1,1,0,18879.08,1
6576,15606575,Taylor,658,Spain,Male,36,10,0.0,1,1,0,141900.39,0
6577,15606576,Young,850,Germany,Male,41,6,139115.64,2,0,1,75402.87,0
6578,15606577,Brown,607,France,Male,44,7,75561.42,2,1,0,155908.14,1
6579,15606578,Jackson,614,France,Female,25,6,0.0,1,1,0,166948.5,1
6580,15606579,Jackson,726,Spain,Male,41,4,0.0,2,1,1,145029.93,0
6581,15606580,Clark,712,Germany,Male,34,9,22333.6,1,1,0,114184.64,0
6582,15606581,Young,712,Germany,Male,44,7,16208.38,2,0,0,15494.53,0
6583,15606582,Clark,606,Spain,Male,32,7,175760.02,1,1,0,28158.61,0
6584,15606583,Hall,696,France,Male,33,10,55931.18,1,0,0,119390.08,0
6585,15606584,Anderson,595,Spain,Female,56,7,0.0,2,0,1,192882.58,1
6586,15606585,Young,695,France,Male,51,9,0.0,2,1,0,105918.86,0
6587,15606586,White,637,France,Female,18,5,81916.88,2,0,0,180059.76,0
6588,15606587,Harris,724,France,Female,51,1,82042.13,2,1,1,185139.53,0
6589,15606588,Smith,738,France,Female,38,7,0.0,2,0,0,24035.58,0
6590,15606589,Jackson,692,Germany,Female,32,9,15970.17,1,1,1,91247.93,0
6591,15606590,White,575,France,Female,29,0,85311.83,3,0,0,150564.68,1
6592,15606591,Allen,504,France,Male,30,8,100124.68,1,0,1,81720.83,0
6593,15606592,Clark,540,France,Male,32,8,0.0,2,1,1,58708.04,0
6594,15606593,Smith,556,Germany,Female,28,5,31889.78,1,1,0,182815.2,0
6595,15606594,Jackson,850,Spain,Male,25,9,0.0,1,1,1,119445.91,0
6596,15606595,White,714,France,Female,29,5,131555.32,2,1,1,125633.36,0
6597,15606596,Anderson,672,France,Female,42,5,0.0,1,1,0,139767.18,0
6598,15606597,Moore,596,France,Male,40,10,65930.95,2,1,0,194569.64,0
6599,15606598,Clark,741,Germany,Male,45,3,0.0,2,1,0,123079.54,1
6600,15606599,Walker,631,Spain,Male,38,0,0.0,1,0,0,3252.79,0
6601,15606600,Smith,683,Spain,Female,26,0,68989.61,1,1,1,193267.0,0
6602,15606601,Clark,708,Spain,Male,44,0,0.0,1,1,0,45455.56,0
6603,15606602,Anderson,690,France,Male,29,4,0.0,1,1,0,192278.23,0
6604,15606603,Taylor,657,Germany,Male,45,6,130582.26,2,1,0,79377.55,0
6605,15606604,Thomas,552,Spain,Female,27,0,141033.07,1,1,1,171841.02,1
6606,15606605,Lewis,656,France,Male,32,0,0.0,1,0,0,80213.8,0
6607,15606606,Moore,755,France,Male,35,10,0.0,1,1,1,126016.24,0
6608,15606607,Wilson,723,Spain,Male,46,5,14981.67,2,1,0,80357.8,0
6609,15606608,Lewis,681,Germany,Female,41,10,0.0,2,1,1,147777.88,1
6610,15606609,Anderson,729,France,Male,39,1,84238.77,2,1,1,161101.03,0
6611,15606610,Johnson,534,Germany,Female,58,1,114040.29,1,0,0,169738.24,1
6612,15606611,Harris,634,Germany,Male,21,6,0.0,1,0,1,44587.1,0
6613,15606612,Young,646,France,Female,29,8,0.0,2,1,1,166115.37,0
6614,15606613,White,546,France,Female,28,7,50078.13,1,1,1,80801.09,0
6615,15606614,Thomas,700,France,Male,21,1,0.0,1,1,1,121384.2,0
6616,15606615,Brown,716,Spain,Female,32,6,4646.61,2,0,0,12486.77,1
6617,15606616,Allen,666,France,Female,46,4,0.0,1,0,1,119934.38,0
6618,15606617,Hall,669,France,Female,33,10,154203.1,2,0,0,164922.14,1
6619,15606618,King,592,Spain,Female,36,9,0.0,2,1,1,56595.68,0
6620,15606619,White,593,Spain,Male,22,3,51849.63,1,0,1,92319.47,0
6621,15606620,Lewis,518,France,Male,31,9,0.0,1,0,1,164300.55,1
6622,15606621,Young,632,France,Male,34,3,0.0,2,1,1,60065.07,0
6623,15606622,Johnson,592,France,Female,45,3,0.0,1,0,1,183850.27,0
6624,15606623,Martin,572,Spain,Male,22,8,0.0,2,1,1,30903.65,0
6625,15606624,Taylor,655,Germany,Male,34,6,93449.88,2,0,1,95122.12,1
6626,15606625,King,614,France,Male,50,6,59192.71,1,1,1,126785.24,0
6627,15606626,Hall,513,Germany,Male,35,3,0.0,2,1,0,94281.7,1
6628,15606627,Allen,596,Spain,Male,18,8,193308.33,2,1,1,82536.16,0
6629,15606628,White,637,Spain,Male,52,7,0.0,4,0,1,127350.87,0
6630,15606629,Johnson,544,Spain,Female,46,9,0.0,1,0,1,177627.57,1
6631,15606630,Wright,684,France,Female,48,3,17864.7,1,0,1,132537.54,0
6632,15606631,Thomas,657,France,Male,22,5,0.0,2,1,1,124824.99,0
6633,15606632,Jackson,565,Spain,Male,54,3,56078.83,2,1,0,149025.17,0
6634,15606633,Walker,726,Spain,Female,31,0,16333.27,1,1,0,80804.55,0
6635,15606634,Allen,785,Spain,Female,34,4,74141.73,1,1,1,3482.71,0
6636,15606635,Wright,643,France,Male,32,9,154011.38,1,1,1,187784.62,0
6637,15606636,Allen,630,Germany,Male,48,10,0.0,1,1,1,61262.0,0
6638,15606637,Moore,619,Spain,Female,37,2,0.0,1,1,1,153636.51,0
6639,15606638,Martin,599,France,Female,44,0,0.0,1,1,1,117868.37,0
6640,15606639,Walker,559,France,Male,40,1,139841.33,1,1,1,138844.74,0
6641,15606640,Clark,661,Germany,Male,38,1,144746.98,3,1,0,163560.72,0
6642,15606641,Martin,576,Germany,Female,30,7,0.0,1,1,0,98519.81,1
6643,15606642,Johnson,398,France,Male,57,3,103063.53,2,1,0,6823.62,0
6644,15606643,Hall,847,Germany,Male,24,2,71347.22,2,1,1,192653.62,0
6645,15606644,Wilson,815,France,Male,43,3,133479.95,1,0,1,160580.28,0
6646,15606645,Martin,661,France,Male,43,9,85399.73,2,1,1,128474.09,1
6647,15606646,Allen,524,Germany,Male,51,0,0.0,1,1,1,177740.9,0
6648,15606647,Clark,850,Germany,Female,53,0,15993.46,2,1,0,184766.6,1
6649,15606648,Moore,700,Spain,Female,38,4,18153.0,2,1,0,175457.96,0
6650,15606649,Hall,614,Germany,Female,44,6,107183.59,2,1,0,28492.71,0
6651,15606650,Thomas,797,France,Female,57,8,53882.31,1,0,1,145767.3,1
6652,15606651,White,553,Germany,Female,38,6,0.0,1,1,0,63799.03,1
6653,15606652,Hall,449,France,Female,28,10,0.0,1,0,1,8482.11,0
6654,15606653,Harris,587,France,Male,35,4,0.0,1,1,1,55782.42,0
6655,15606654,Young,720,France,Male,26,2,0.0,1,1,0,130929.36,0
6656,15606655,Moore,850,France,Male,43,7,27369.85,2,0,1,182560.18,0
6657,15606656,Johnson,581,France,Male,50,6,0.0,1,1,1,138156.63,1
6658,15606657,King,537,France,Female,38,3,67413.86,2,1,1,116342.1,0
6659,15606658,White,653,France,Female,23,0,97633.66,2,1,0,66748.0,0
6660,15606659,Hall,649,France,Female,49,2,26967.88,1,1,0,44308.41,1
6661,15606660,Harris,833,Spain,Male,21,10,79432.33,1,1,1,110317.19,0
6662,15606661,Clark,675,France,Female,24,7,0.0,1,0,1,96766.75,0
6663,15606662,Harris,850,France,Male,37,1,0.0,2,1,0,137036.81,1
6664,15606663,Jackson,783,Spain,Male,42,8,38867.71,1,1,0,107537.93,0
6665,15606664,Walker,740,Germany,Female,43,3,90396.88,2,1,0,83180.06,0
6666,15606665,Clark,508,Germany,Female,38,6,0.0,2,1,0,169473.17,1
6667,15606666,King,612,France,Male,57,9,0.0,2,1,1,159023.98,0
6668,15606667,Lewis,675,Spain,Male,40,6,69613.8,2,1,1,162696.63,0
6669,15606668,Allen,396,France,Male,49,7,0.0,2,1,1,18229.95,0
6670,15606669,Taylor,585,France,Female,47,6,127334.35,2,1,0,29847.7,0
6671,15606670,Moore,619,France,Male,26,10,0.0,2,1,0,40092.3,1
6672,15606671,Taylor,574,Germany,Female,37,3,0.0,2,0,1,181982.23,0
6673,15606672,Taylor,850,France,Male,60,6,0.0,1,1,1,72358.36,0
6674,15606673,Taylor,698,France,Male,34,4,0.0,1,1,1,131015.55,0
6675,15606674,King,630,France,Male,32,9,130237.94,1,1,1,8482.94,0
6676,15606675,Jackson,472,Germany,Female,41,6,118151.73,2,1,0,146640.33,0
6677,15606676,King,599,Spain,Male,34,2,0.0,1,1,1,152616.06,0
6678,15606677,Brown,805,France,Female,31,9,121687.2,2,1,0,149119.94,0
6679,15606678,Moore,591,Spain,Female,34,10,0.0,3,1,1,8703.01,0
6680,15606679,King,611,Spain,Female,53,6,0.0,1,1,1,19665.92,1
6681,15606680,Wright,524,Spain,Male,38,6,113534.44,1,0,1,148521.76,0
6682,15606681,Young,666,France,Male,26,1,0.0,1,0,1,125373.32,0
6683,15606682,Wilson,681,Germany,Female,24,7,139227.27,2,1,1,72815.9,0
6684,15606683,Wright,668,France,Male,61,6,61548.68,1,0,0,110873.04,0
6685,15606684,Brown,536,Spain,Female,37,8,111795.78,1,0,0,736.48,0
6686,15606685,Moore,700,France,Female,43,3,106100.56,1,0,0,86241.82,0
6687,15606686,Wilson,610,France,Female,31,8,9748.11,1,1,0,33416.16,1
6688,15606687,White,673,France,Male,42,0,158570.02,2,1,0,193195.73,0
6689,15606688,Moore,727,Spain,Male,54,4,25351.87,1,0,0,63393.1,0
6690,15606689,Wright,691,France,Male,32,9,19036.81,2,0,0,159410.59,0
6691,15606690,Harris,713,Germany,Male,44,6,0.0,2,0,1,25445.92,0
6692,15606691,Clark,717,France,Female,25,3,0.0,1,0,0,36028.02,0
6693,15606692,Martin,735,Spain,Male,59,6,211159.81,1,0,0,139614.11,0
6694,15606693,White,745,Germany,Female,42,8,0.0,2,0,0,154596.72,1
6695,15606694,White,766,Spain,Male,35,4,0.0,2,1,0,179749.36,0
6696,15606695,King,692,Spain,Male,36,4,0.0,1,1,0,138883.99,1
6697,15606696,Wright,732,Spain,Male,34,1,0.0,2,0,1,141519.46,0
6698,15606697,Walker,667,France,Male,34,4,0.0,2,0,1,46527.0,0
6699,15606698,Young,717,Germany,Male,18,7,122344.87,2,1,0,189183.28,0
6700,15606699,Wilson,606,France,Female,38,3,108589.16,2,1,0,142554.55,1
6701,15606700,Wilson,479,Spain,Male,38,1,76017.05,2,1,1,35497.0,0
6702,15606701,Martin,791,Spain,Female,44,7,77490.45,2,1,0,129795.79,0
6703,15606702,Clark,669,France,Female,34,3,131669.2,2,1,0,161922.94,1
6704,15606703,Wilson,666,France,Male,31,4,0.0,1,0,1,92665.05,0
6705,15606704,White,737,France,Male,39,6,112298.55,2,1,1,67525.84,0
6706,15606705,Jackson,586,Germany,Female,23,10,0.0,1,1,0,171939.79,0
6707,15606706,King,640,Germany,Male,40,4,0.0,2,0,1,170957.36,0
6708,15606707,Brown,593,Spain,Male,20,9,0.0,2,1,0,157055.11,0
6709,15606708,Taylor,632,Spain,Male,50,3,40969.51,1,1,0,40989.53,1
6710,15606709,King,612,Germany,Male,46,6,90796.83,2,1,1,111999.26,1
6711,15606710,Walker,596,France,Male,30,3,0.0,2,1,1,88023.24,0
6712,15606711,Allen,688,France,Female,46,9,0.0,1,1,0,139519.98,1
6713,15606712,Harris,469,Spain,Male,40,3,22160.27,1,1,1,179029.89,0
6714,15606713,Clark,778,Germany,Male,29,1,0.0,2,0,1,49382.33,0
6715,15606714,Allen,581,Germany,Male,19,4,0.0,2,0,0,62015.06,0
6716,15606715,Thomas,697,France,Male,42,7,15621.18,2,1,0,47308.06,0
6717,15606716,Anderson,703,France,Female,31,3,127346.77,1,1,0,151345.12,1
6718,15606717,White,621,France,Female,50,10,119028.58,1,1,1,99399.57,0
6719,15606718,Young,692,France,Female,39,1,27988.71,2,1,1,95269.45,1
6720,15606719,Allen,545,France,Female,32,8,97281.65,1,0,1,99106.98,0
6721,15606720,Jackson,597,Germany,Female,57,5,0.0,1,1,0,61616.34,1
6722,15606721,Thomas,627,France,Female,45,2,0.0,1,0,1,45775.65,0
6723,15606722,Walker,694,Germany,Male,18,9,99676.74,1,1,0,160703.14,0
6724,15606723,Wright,617,France,Male,34,10,80789.87,2,0,1,125936.15,0
6725,15606724,Walker,634,Spain,Male,25,4,127313.02,1,1,0,144135.2,1
6726,15606725,Young,730,France,Male,31,5,69998.93,2,1,0,59834.75,0
6727,15606726,Allen,688,France,Female,38,8,165650.7,2,1,0,34503.72,1
6728,15606727,Harris,850,France,Female,43,4,40265.54,2,1,1,54185.39,0
6729,15606728,Jackson,562,Germany,Male,42,8,0.0,2,1,1,178559.05,0
6730,15606729,Jackson,525,Germany,Male,50,0,89029.35,1,1,1,67372.79,0
6731,15606730,Walker,835,France,Male,45,9,150588.84,2,1,1,12804.46,0
6732,15606731,Taylor,675,France,Female,45,3,7415.07,2,1,0,97978.57,1
6733,15606732,Taylor,779,Germany,Female,41,0,60171.7,1,1,0,65824.04,0
6734,15606733,Thomas,552,France,Male,52,1,0.0,2,1,1,95881.03,0
6735,15606734,Allen,603,France,Male,36,1,0.0,3,0,1,137871.6,0
6736,15606735,Moore,663,Spain,Male,36,9,0.0,1,1,0,191005.52,0
6737,15606736,Smith,650,Germany,Male,20,10,0.0,2,0,0,155801.57,0
6738,15606737,Wright,643,France,Male,50,4,0.0,2,0,1,98938.51,0
6739,15606738,Clark,496,France,Male,38,0,0.0,2,1,1,154667.04,1
6740,15606739,Johnson,639,Germany,Male,68,9,78437.52,2,1,0,47901.61,1
6741,15606740,Taylor,683,France,Male,35,2,44083.03,1,0,0,165440.45,0
6742,15606741,Lewis,617,France,Male,40,10,0.0,2,1,1,110340.33,0
6743,15606742,Brown,745,Spain,Male,44,5,99556.1,1,1,0,162459.22,1
6744,15606743,Taylor,745,Germany,Male,28,0,0.0,1,1,1,114629.62,0
6745,15606744,Wilson,671,France,Female,43,10,53725.74,2,1,0,66324.44,1
6746,15606745,White,580,Germany,Male,39,0,42451.44,2,0,0,21817.42,1
6747,15606746,Johnson,685,Spain,Male,36,2,54460.7,2,1,1,93064.97,0
6748,15606747,Brown,698,France,Female,51,8,0.0,1,1,0,147422.91,0
6749,15606748,Johnson,660,Germany,Male,30,1,0.0,1,1,0,59306.29,0
6750,15606749,Jackson,578,France,Female,42,5,135970.87,1,1,1,59242.95,0
6751,15606750,Moore,732,France,Male,54,2,0.0,1,1,0,153737.79,0
6752,15606751,Lewis,692,Spain,Male,32,5,123542.09,1,0,0,37351.53,0
6753,15606752,Brown,611,France,Female,36,10,0.0,2,1,0,81386.41,1
6754,15606753,Young,665,France,Male,62,10,0.0,2,1,1,123670.6,0
6755,15606754,Walker,561,France,Male,44,6,0.0,2,1,1,73957.08,0
6756,15606755,White,467,France,Male,34,6,0.0,2,1,0,192872.31,1
6757,15606756,Young,502,Germany,Female,47,1,43734.24,2,1,0,183902.47,1
6758,15606757,White,675,Spain,Male,33,2,35354.78,2,0,1,189794.82,0
6759,15606758,Wright,621,Germany,Male,23,3,175798.18,3,0,1,196454.43,0
6760,15606759,Johnson,691,France,Male,53,7,0.0,1,1,1,194690.18,0
6761,15606760,Anderson,731,France,Female,28,4,129871.14,2,1,1,63234.6,0
6762,15606761,Smith,684,France,Male,64,0,0.0,1,0,1,105521.12,0
6763,15606762,Clark,588,France,Female,34,8,0.0,1,1,0,156755.03,1
6764,15606763,King,690,France,Male,60,0,26899.87,1,1,1,143926.74,1
6765,15606764,Moore,612,Germany,Male,25,1,55068.44,1,1,1,52467.57,1
6766,15606765,Walker,619,Germany,Female,49,6,139505.63,1,1,1,72670.57,0
6767,15606766,King,752,Germany,Male,44,10,0.0,2,1,0,187589.83,0
6768,15606767,Hall,705,France,Female,47,2,0.0,1,1,1,186694.02,0
6769,15606768,Allen,610,Germany,Male,49,5,35287.34,2,1,0,145189.74,0
6770,15606769,Johnson,571,France,Male,34,7,79910.0,1,1,0,1313.53,0
6771,15606770,Moore,785,France,Male,26,4,140197.3,1,1,1,103244.52,0
6772,15606771,Harris,646,Germany,Male,38,0,115167.9,1,1,1,41955.46,1
6773,15606772,Hall,539,Spain,Male,41,9,110698.01,1,1,0,154961.33,1
6774,15606773,Harris,607,France,Male,34,2,0.0,2,0,0,16251.42,1
6775,15606774,Moore,480,France,Male,42,10,37696.44,2,0,1,161561.42,0
6776,15606775,Wilson,397,France,Female,42,1,83939.95,2,0,1,61201.29,0
6777,15606776,Clark,743,Spain,Male,30,5,62747.66,2,1,1,74317.39,0
6778,15606777,Brown,565,France,Male,43,4,0.0,2,1,0,138819.26,0
6779,15606778,Wright,532,Germany,Female,36,6,0.0,2,1,0,45862.45,1
6780,15606779,Hall,595,France,Female,32,1,0.0,2,1,0,168445.88,0
6781,15606780,Taylor,617,France,Female,47,5,97019.54,1,1,0,186016.23,1
6782,15606781,Wright,592,France,Female,31,10,130237.6,3,1,1,197633.86,0
6783,15606782,Moore,562,Spain,Female,34,4,222963.18,3,0,0,138561.16,1
6784,15606783,Anderson,646,France,Male,40,5,0.0,1,1,0,112185.67,0
6785,15606784,Allen,627,Spain,Male,53,4,92279.65,1,0,0,178243.68,0
6786,15606785,Jackson,814,Germany,Male,41,6,61362.46,1,1,1,56705.99,0
6787,15606786,Wilson,615,Germany,Female,44,4,148986.22,1,0,1,106567.5,0
6788,15606787,Johnson,646,Germany,Male,36,6,137459.85,2,0,0,43438.84,1
6789,15606788,Moore,561,Germany,Male,38,0,66937.88,1,1,0,65179.0,0
6790,15606789,White,713,Spain,Male,39,8,84365.46,1,1,0,140469.34,0
6791,15606790,White,812,Germany,Male,42,5,0.0,1,1,0,19488.47,0
6792,15606791,Young,641,France,Female,36,8,120726.7,1,1,0,97184.62,1
6793,15606792,Clark,589,France,Male,52,0,189220.5,1,1,0,168283.1,0
6794,15606793,Moore,668,France,Male,35,1,92718.01,1,1,0,99183.09,1
6795,15606794,Wright,696,France,Female,22,6,0.0,2,1,1,48196.38,0
6796,15606795,King,850,France,Female,66,3,22048.98,2,1,0,71099.15,0
6797,15606796,Allen,636,Germany,Female,36,9,0.0,4,1,0,115807.14,1
6798,15606797,Allen,617,France,Female,52,0,18101.63,2,1,0,124518.54,1
6799,15606798,Young,538,France,Female,53,4,83364.69,2,1,1,1637.11,0
6800,15606799,Hall,621,Spain,Male,48,3,0.0,1,1,0,35819.73,0
6801,15606800,Clark,609,France,Male,37,5,136418.64,2,1,1,138350.9,0
6802,15606801,Taylor,703,France,Male,42,6,0.0,2,1,1,16641.3,0
6803,15606802,Taylor,624,France,Male,26,10,0.0,2,1,0,170198.07,0
6804,15606803,Thomas,551,France,Male,59,2,0.0,2,1,0,61093.7,1
6805,15606804,Hall,547,France,Male,30,5,0.0,2,1,1,157547.48,0
6806,15606805,Lewis,609,Germany,Male,36,1,55640.23,1,1,1,168332.39,1
6807,15606806,Taylor,723,Spain,Female,40,9,0.0,1,1,1,187674.14,0
6808,15606807,Wilson,667,France,Male,38,3,125961.85,1,1,1,141760.73,0
6809,15606808,King,696,France,Male,32,9,111444.61,1,0,0,172356.74,0
6810,15606809,Brown,651,France,Female,53,8,0.0,2,1,1,54559.57,0
6811,15606810,Wilson,689,Germany,Male,49,6,41075.71,1,1,0,3138.45,1
6812,15606811,Lewis,616,France,Male,42,1,34285.55,1,0,1,135899.08,1
6813,15606812,Walker,566,France,Male,35,5,162981.19,2,1,0,51220.98,0
6814,15606813,Hall,569,Germany,Female,50,3,0.0,1,0,1,149951.36,0
6815,15606814,Jackson,564,France,Male,34,7,0.0,2,1,0,75053.13,0
6816,15606815,Moore,773,France,Female,55,7,65369.47,2,0,1,153627.85,0
6817,15606816,Young,745,France,Female,40,0,0.0,1,1,1,152361.75,0
6818,15606817,Anderson,609,Germany,Female,51,7,71730.06,1,1,1,88326.53,0
6819,15606818,Wright,666,Germany,Male,38,9,72303.81,2,1,0,171899.84,0
6820,15606819,Smith,718,Spain,Male,40,6,0.0,1,1,1,93852.04,1
6821,15606820,Clark,593,France,Female,51,0,109543.54,1,1,1,191788.8,1
6822,15606821,Martin,638,Spain,Male,61,2,137651.8,2,0,1,7988.5,0
6823,15606822,Martin,558,Germany,Female,55,4,0.0,1,1,0,108411.33,1
6824,15606823,Thomas,565,Germany,Female,48,2,122202.02,1,1,0,3729.59,1
6825,15606824,White,715,France,Male,45,2,0.0,2,1,0,63072.84,1
6826,15606825,Thomas,656,Germany,Female,34,0,175318.5,2,1,1,92394.23,0
6827,15606826,Jackson,653,France,Male,42,7,82939.42,1,1,1,34165.68,0
6828,15606827,Smith,760,France,Female,30,8,32981.53,2,1,0,162821.86,1
6829,15606828,Walker,608,Spain,Female,43,4,0.0,1,1,1,83863.37,0
6830,15606829,King,719,France,Male,43,0,0.0,1,1,1,28895.27,0
6831,15606830,Brown,570,Germany,Male,19,0,89793.88,2,0,0,58359.07,0
6832,15606831,Taylor,610,France,Female,39,8,0.0,2,1,0,26776.78,0
6833,15606832,Johnson,580,Spain,Male,43,0,79143.79,2,0,1,108665.9,0
6834,15606833,Wright,573,Germany,Male,38,8,41926.7,2,1,0,93512.97,0
6835,15606834,Moore,823,Germany,Male,43,2,0.0,1,1,1,42233.83,1
6836,15606835,Lewis,527,France,Female,26,2,122749.79,2,1,1,194305.05,0
6837,15606836,Brown,582,France,Male,31,3,54270.11,2,1,1,131922.91,0
6838,15606837,Clark,451,Spain,Male,49,4,70011.88,2,1,1,63970.51,0
6839,15606838,Allen,599,France,Female,39,5,142340.48,1,1,0,73647.87,0
6840,15606839,Taylor,632,Germany,Male,42,5,0.0,1,1,1,188487.76,0
6841,15606840,Moore,732,Germany,Male,34,9,48791.95,2,1,0,115575.6,0
6842,15606841,Jackson,601,France,Male,39,8,107440.43,4,0,1,22396.98,0
6843,15606842,Taylor,537,France,Male,18,0,121803.6,2,1,0,161299.49,0
6844,15606843,Thomas,601,France,Male,47,8,29947.95,1,1,1,175709.22,0
6845,15606844,Young,676,Germany,Male,57,3,0.0,2,0,1,130056.46,1
6846,15606845,White,724,France,Male,28,6,94960.62,1,1,1,9476.39,0
6847,15606846,King,588,France,Male,30,5,123233.01,1,1,1,59066.9,0
6848,15606847,White,558,France,Male,43,8,101077.52,2,0,1,146453.09,0
6849,15606848,Johnson,613,Spain,Female,54,1,100618.14,1,1,0,50598.42,1
6850,15606849,Wright,683,France,Female,39,10,49868.75,1,1,0,87797.23,0
6851,15606850,Walker,727,France,Male,27,1,0.0,4,0,0,56560.71,0
6852,15606851,Taylor,551,Germany,Female,37,6,107161.09,1,1,0,20364.3,1
6853,15606852,Wilson,580,Germany,Male,29,8,33572.62,2,0,0,90755.21,0
6854,15606853,Wright,446,Germany,Male,32,4,47716.62,1,0,1,125491.94,0
6855,15606854,White,451,France,Male,36,6,0.0,1,1,0,57871.67,0
6856,15606855,Hall,543,France,Male,30,10,0.0,1,1,0,45328.0,0
6857,15606856,Anderson,554,Spain,Male,31,7,50103.59,2,0,0,24944.78,0
6858,15606857,Taylor,603,France,Female,40,7,15211.41,2,0,0,136335.07,0
6859,15606858,Martin,679,Germany,Male,41,3,0.0,4,1,1,45520.41,0
6860,15606859,Moore,642,Spain,Female,25,9,81375.89,1,1,1,86218.48,1
6861,15606860,Lewis,677,France,Female,43,6,109279.83,1,1,0,33680.14,1
6862,15606861,Anderson,738,Germany,Female,35,0,110254.34,1,1,0,123187.31,0
6863,15606862,Wright,674,Germany,Female,46,3,115158.13,1,0,0,124873.21,1
6864,15606863,Wright,631,France,Female,47,4,0.0,2,0,0,171294.8,0
6865,15606864,Allen,695,Spain,Female,34,9,153279.71,2,1,0,197064.73,0
6866,15606865,Brown,466,France,Male,45,6,65640.22,2,1,0,180277.31,0
6867,15606866,Walker,625,France,Male,31,5,47614.5,2,0,1,164565.11,0
6868,15606867,Hall,712,France,Female,52,3,122552.02,2,1,1,176670.97,1
6869,15606868,Taylor,636,Spain,Female,31,2,0.0,2,1,1,10769.59,0
6870,15606869,Young,672,Germany,Male,43,10,70284.34,1,1,1,152317.56,1
6871,15606870,Lewis,631,Spain,Male,37,5,0.0,2,1,0,73926.77,0
6872,15606871,Johnson,709,France,Male,29,9,0.0,2,0,1,37681.53,0
6873,15606872,White,736,Spain,Female,48,4,42738.46,2,0,1,86480.71,0
6874,15606873,Taylor,446,France,Male,33,2,119641.42,2,1,0,23069.38,1
6875,15606874,Walker,586,Germany,Male,22,3,208943.69,1,1,1,53637.14,1
6876,15606875,Johnson,454,France,Male,18,1,124010.26,2,1,1,82559.17,0
6877,15606876,Wright,350,France,Female,30,8,0.0,1,1,1,117480.25,0
6878,15606877,Smith,707,France,Female,53,6,62541.45,2,1,0,186865.08,1
6879,15606878,Brown,727,Germany,Female,52,9,35967.88,1,0,1,14765.49,1
6880,15606879,Martin,601,France,Female,32,2,0.0,1,1,0,124188.25,0
6881,15606880,Johnson,583,Germany,Male,35,7,64865.43,2,1,1,15341.13,0
6882,15606881,Allen,633,France,Male,34,7,0.0,2,1,0,118662.15,1
6883,15606882,Moore,850,France,Male,26,10,0.0,2,1,1,120737.5,0
6884,15606883,King,549,France,Male,30,0,0.0,2,1,0,77957.16,0
6885,15606884,Smith,519,Germany,Male,49,4,87489.4,2,0,0,10418.93,0
6886,15606885,Lewis,708,Germany,Female,44,4,176767.59,2,1,0,164210.6,0
6887,15606886,Brown,713,France,Male,42,2,77.65,2,1,0,67417.67,1
6888,15606887,Harris,687,France,Male,26,1,0.0,2,0,0,11966.03,0
6889,15606888,Martin,657,France,Female,40,0,55955.02,1,0,1,10611.41,0
6890,15606889,Taylor,620,Spain,Female,18,3,0.0,1,1,1,17517.55,0
6891,15606890,Smith,505,France,Male,47,10,116553.93,1,1,0,173162.39,1
6892,15606891,Lewis,830,Germany,Male,42,9,0.0,1,1,1,94772.84,0
6893,15606892,Anderson,837,Germany,Female,26,1,0.0,1,0,0,174559.07,1
6894,15606893,Allen,602,France,Male,55,4,0.0,1,0,1,149766.29,0
6895,15606894,Wilson,787,France,Male,21,10,59826.82,2,1,0,2822.55,0
6896,15606895,Martin,683,Germany,Male,44,9,0.0,2,1,1,60965.53,0
6897,15606896,King,479,Germany,Female,45,1,141892.74,1,0,1,104472.63,1
6898,15606897,King,488,France,Female,27,0,24318.7,1,1,0,5973.95,0
6899,15606898,Hall,724,France,Male,39,9,74131.76,2,1,0,191662.49,0
6900,15606899,Harris,775,France,Male,23,9,0.0,1,0,1,181881.38,0
6901,15606900,Johnson,684,France,Female,18,9,0.0,1,1,0,47185.56,0
6902,15606901,Smith,675,France,Female,28,9,56696.38,2,1,0,73182.04,0
6903,15606902,King,565,France,Female,33,8,0.0,1,0,1,145359.58,0
6904,15606903,Young,541,Spain,Female,45,1,81558.82,2,1,1,3450.88,0
6905,15606904,Clark,724,France,Male,40,9,0.0,1,0,1,44989.56,0
6906,15606905,Lewis,655,France,Male,40,3,140451.88,1,0,0,102577.12,1
6907,15606906,Anderson,639,France,Female,29,2,0.0,2,1,0,72602.24,0
6908,15606907,Hall,772,Germany,Female,34,0,83265.28,1,1,1,22093.12,0
6909,15606908,Brown,814,Germany,Male,30,7,36747.47,1,1,0,110983.69,0
6910,15606909,Clark,707,France,Female,27,1,58857.1,2,1,0,164461.48,0
6911,15606910,Johnson,560,France,Male,33,10,0.0,2,0,0,46240.82,0
6912,15606911,Harris,655,Germany,Male,40,7,97345.24,1,1,0,44528.92,0
6913,15606912,Lewis,609,France,Male,33,0,23452.73,1,1,1,14154.25,0
6914,15606913,Young,637,France,Female,36,5,67472.9,1,0,0,110860.89,0
6915,15606914,Lewis,533,France,Female,46,3,0.0,1,1,0,80942.77,1
6916,15606915,Young,772,France,Male,34,2,0.0,4,1,1,126397.97,0
6917,15606916,Wright,604,France,Male,26,0,50221.36,1,0,1,6953.9,1
6918,15606917,Anderson,806,Germany,Female,45,9,41649.86,1,1,1,128016.59,0
6919,15606918,Wilson,638,Spain,Male,42,10,83343.93,1,1,1,186358.7,0
6920,15606919,Walker,603,France,Male,42,0,71606.59,2,0,0,164367.42,0
6921,15606920,Wilson,585,Germany,Male,45,10,0.0,3,1,1,69068.34,0
6922,15606921,Walker,586,France,Female,44,6,0.0,2,1,0,22120.85,0
6923,15606922,Hall,671,France,Male,39,5,34508.27,1,1,1,107695.58,0
6924,15606923,Wright,645,Spain,Male,63,2,46714.81,4,0,1,56766.76,1
6925,15606924,White,728,Spain,Female,26,1,0.0,1,1,1,2165.8,0
6926,15606925,Taylor,575,France,Male,33,9,0.0,1,1,1,81738.19,0
6927,15606926,Hall,672,France,Female,49,2,33073.93,1,1,0,107996.33,0
6928,15606927,Martin,768,Spain,Female,40,7,101707.04,2,1,1,155096.88,0
6929,15606928,Martin,784,Spain,Female,47,10,115075.29,1,0,1,195944.99,0
6930,15606929,King,579,Spain,Male,41,6,0.0,1,1,1,173323.95,0
6931,15606930,Lewis,617,France,Male,53,6,28644.33,2,1,1,108309.64,0
6932,15606931,Hall,590,France,Female,29,4,91733.5,2,1,0,161343.62,1
6933,15606932,Anderson,566,France,Female,52,9,0.0,2,1,0,165841.98,0
6934,15606933,Jackson,715,France,Female,51,2,117411.37,1,1,0,193341.63,0
6935,15606934,Brown,541,Germany,Female,27,0,60136.51,1,0,0,49399.84,1
6936,15606935,Martin,850,France,Male,45,0,30572.68,2,1,0,50375.99,0
6937,15606936,Moore,673,France,Female,39,5,0.0,2,1,0,43719.59,0
6938,15606937,Young,633,Germany,Female,33,3,61654.85,2,0,1,180238.93,0
6939,15606938,Jackson,845,France,Male,20,6,50340.01,2,1,0,136813.97,0
6940,15606939,King,523,France,Male,29,9,162001.13,1,0,1,27983.44,0
6941,15606940,Martin,575,Germany,Male,46,9,0.0,1,1,1,192267.68,0
6942,15606941,Walker,529,Germany,Female,47,9,17095.05,1,1,0,121093.04,1
6943,15606942,Harris,648,Spain,Female,37,0,77471.34,2,1,1,432.14,0
6944,15606943,Thomas,588,France,Male,47,5,0.0,2,1,1,87331.81,0
6945,15606944,Brown,524,Spain,Female,48,6,52616.74,2,1,0,154563.2,1
6946,15606945,Thomas,535,Germany,Female,41,0,17247.38,2,0,0,62065.22,1
6947,15606946,Walker,682,France,Male,32,1,80829.85,2,1,1,134225.23,0
6948,15606947,King,711,France,Male,43,8,117573.47,2,1,0,143608.74,0
6949,15606948,Allen,516,Germany,Female,44,8,114077.37,2,0,1,165715.67,0
6950,15606949,Taylor,631,France,Female,46,5,0.0,2,1,0,116094.83,0
6951,15606950,Brown,610,Germany,Male,48,10,0.0,1,1,1,38317.2,0
6952,15606951,King,586,France,Female,25,3,48324.09,1,1,1,168446.49,0
6953,15606952,Wilson,806,France,Male,34,6,0.0,1,1,1,36668.03,0
6954,15606953,Moore,645,France,Male,20,4,134256.69,1,1,1,91710.49,0
6955,15606954,Clark,666,Germany,Male,46,2,0.0,1,0,1,18003.08,1
6956,15606955,Thomas,716,France,Male,37,3,0.0,2,0,0,31852.51,1
6957,15606956,Harris,658,Spain,Female,43,1,0.0,2,1,0,38374.18,0
6958,15606957,King,648,Spain,Female,24,5,0.0,2,1,0,143901.94,1
6959,15606958,Wilson,730,Spain,Male,53,2,0.0,1,0,0,43971.86,0
6960,15606959,Smith,594,Germany,Male,27,6,18584.21,1,1,0,102437.02,0
6961,15606960,Moore,606,Spain,Male,47,3,62519.81,2,0,0,135495.19,0
6962,15606961,Smith,553,France,Male,40,7,0.0,1,1,1,110003.07,0
6963,15606962,Johnson,787,Germany,Male,37,10,0.0,1,0,0,132108.55,1
6964,15606963,Clark,704,Spain,Male,36,0,103280.18,1,1,1,179894.81,0
6965,15606964,Moore,673,France,Male,33,8,115697.37,1,1,0,193181.29,0
6966,15606965,Johnson,801,France,Male,52,2,0.0,2,1,1,136813.4,0
6967,15606966,Wright,531,Germany,Male,39,2,98452.12,2,0,0,37362.19,1
6968,15606967,Jackson,642,France,Female,26,4,232669.89,2,1,1,195848.03,0
6969,15606968,Martin,506,Spain,Male,35,9,74691.71,1,1,0,14056.52,0
6970,15606969,Johnson,513,France,Male,40,0,0.0,1,1,0,185546.86,0
6971,15606970,Jackson,759,France,Female,48,2,70707.34,1,1,1,90352.25,0
6972,15606971,Anderson,814,Spain,Male,33,3,78464.23,1,1,1,168497.57,1
6973,15606972,King,610,France,Male,34,1,0.0,1,1,1,68041.76,1
6974,15606973,Walker,610,France,Male,39,5,0.0,2,0,0,112303.34,0
6975,15606974,Thomas,607,Spain,Female,48,9,0.0,2,0,0,28342.74,0
6976,15606975,Jackson,814,France,Male,25,3,35150.54,2,1,0,181022.21,0
6977,15606976,Wilson,593,Spain,Female,44,0,8330.73,1,0,1,59969.26,0
6978,15606977,Lewis,812,Germany,Male,34,2,0.0,2,1,1,52470.0,0
6979,15606978,Thomas,655,Germany,Female,36,6,0.0,2,1,0,89140.42,0
6980,15606979,Johnson,603,France,Male,59,2,179386.58,2,1,0,73110.21,0
6981,15606980,Wilson,676,France,Male,37,5,37860.7,1,1,1,27591.28,0
6982,15606981,Smith,833,Spain,Female,47,10,0.0,2,1,1,4935.82,0
6983,15606982,Wilson,666,Germany,Male,46,5,134251.42,1,1,1,64215.4,0
6984,15606983,Johnson,631,Germany,Male,27,0,0.0,1,1,1,143968.86,0
6985,15606984,King,702,Germany,Female,21,1,0.0,2,0,0,37819.26,1
6986,15606985,White,628,France,Female,47,9,0.0,1,1,0,34508.69,1
6987,15606986,Allen,541,France,Female,28,10,0.0,1,0,1,106460.66,1
6988,15606987,Wilson,643,France,Female,22,10,106602.49,2,1,0,134336.86,0
6989,15606988,Jackson,734,France,Male,49,5,0.0,2,1,0,197365.22,0
6990,15606989,Young,693,France,Male,29,1,165902.17,1,0,1,16689.83,0
6991,15606990,Brown,525,Germany,Female,31,1,0.0,2,0,1,92706.2,1
6992,15606991,Smith,727,France,Male,59,3,31173.43,1,0,1,193751.07,1
6993,15606992,Lewis,699,France,Male,22,7,0.0,1,0,0,128645.47,0
6994,15606993,Martin,662,France,Female,26,5,0.0,2,1,0,130121.74,0
6995,15606994,Anderson,755,Germany,Female,34,7,85513.17,1,1,1,179797.87,1
6996,15606995,Taylor,739,Spain,Female,37,3,0.0,2,1,0,67981.76,0
6997,15606996,Moore,736,Spain,Male,30,10,0.0,1,0,1,109626.79,0
6998,15606997,Young,480,Germany,Male,27,2,72206.24,2,0,0,93657.25,1
6999,15606998,Allen,712,France,Male,54,6,148124.72,2,0,0,68401.61,1
7000,15606999,Lewis,622,Spain,Female,42,6,112979.42,1,1,1,176590.77,0
7001,15607000,Walker,683,France,Male,45,1,0.0,2,1,0,83730.6,0
7002,15607001,Lewis,559,France,Male,38,0,67362.55,2,1,0,28256.26,0
7003,15607002,King,739,Germany,Male,42,10,202562.38,1,0,1,31049.2,0
7004,15607003,Allen,754,Germany,Female,48,7,0.0,2,1,1,22930.01,1
7005,15607004,Brown,641,France,Male,29,2,0.0,1,0,0,149042.09,0
7006,15607005,King,486,France,Male,42,5,126381.46,2,0,1,192203.85,0
7007,15607006,King,702,Spain,Female,46,6,85044.02,2,1,0,48360.56,0
7008,15607007,Brown,670,France,Female,54,7,0.0,2,1,0,9944.82,1
7009,15607008,Lewis,464,France,Male,58,5,93421.8,2,1,1,25329.58,0
7010,15607009,Brown,650,France,Male,40,6,37610.98,1,1,1,147644.55,0
7011,15607010,Wright,729,France,Male,50,4,47014.18,1,1,0,159455.32,0
7012,15607011,Clark,433,Germany,Male,18,2,192811.64,2,0,1,69697.27,1
7013,15607012,Hall,656,France,Male,55,1,138338.27,1,1,1,1697.66,0
7014,15607013,Moore,672,France,Female,32,6,114682.06,2,1,1,173461.04,0
7015,15607014,Brown,672,Spain,Female,37,7,110493.5,1,1,0,18187.77,0
7016,15607015,Allen,627,Germany,Male,43,7,6261.4,2,1,0,30645.04,0
7017,15607016,Clark,665,France,Female,37,2,16121.65,2,0,1,49361.53,0
7018,15607017,Thomas,629,France,Female,41,1,113694.28,1,1,0,127129.96,0
7019,15607018,Martin,623,France,Male,55,8,0.0,1,1,1,69904.13,0
7020,15607019,Harris,696,Spain,Male,35,5,136422.15,2,1,1,9109.9,0
7021,15607020,Moore,850,Spain,Female,28,9,46693.21,1,1,1,151980.6,0
7022,15607021,Jackson,645,Germany,Female,57,2,20981.68,2,1,1,110744.13,0
7023,15607022,Allen,583,Germany,Male,44,4,102174.13,2,1,1,166044.77,0
7024,15607023,Hall,637,Germany,Female,58,0,0.0,1,0,1,13173.22,1
7025,15607024,Wilson,641,Spain,Male,48,1,46647.16,1,1,1,190279.89,0
7026,15607025,King,586,France,Female,26,8,146099.63,1,1,0,20585.86,0
7027,15607026,Young,585,France,Male,45,9,40598.18,1,1,0,111597.11,0
7028,15607027,Johnson,568,Germany,Male,29,10,120657.43,1,1,0,104026.31,1
7029,15607028,Lewis,595,France,Male,39,9,0.0,1,1,1,178427.77,0
7030,15607029,Harris,657,France,Female,38,2,0.0,2,0,0,112387.72,1
7031,15607030,Smith,641,Spain,Male,23,7,5722.91,2,1,0,55739.75,1
7032,15607031,Taylor,760,France,Female,31,9,0.0,2,1,0,34384.55,0
7033,15607032,Young,451,Spain,Female,61,7,0.0,2,0,1,51940.53,1
7034,15607033,Taylor,633,Spain,Male,41,4,68655.47,2,1,1,54073.06,0
7035,15607034,White,594,France,Male,37,7,53662.6,2,1,1,42324.99,0
7036,15607035,Wright,532,Germany,Male,57,1,0.0,1,1,1,46800.71,1
7037,15607036,Harris,570,France,Female,35,1,107043.5,2,0,0,171410.6,0
7038,15607037,Taylor,473,France,Female,38,3,98522.33,2,0,1,174124.46,1
7039,15607038,Jackson,635,Spain,Male,49,7,0.0,2,1,0,106202.72,0
7040,15607039,Hall,650,Spain,Male,35,1,0.0,1,1,1,182979.8,0
7041,15607040,Walker,514,Germany,Male,32,3,0.0,2,1,0,100958.72,0
7042,15607041,White,644,France,Male,18,7,0.0,1,1,1,119971.21,0
7043,15607042,Brown,657,Spain,Female,30,2,0.0,2,0,0,198798.87,1
7044,15607043,Johnson,560,France,Male,30,7,76712.91,1,1,1,74652.71,0
7045,15607044,Anderson,659,Germany,Female,41,1,127501.44,2,1,0,125518.05,1
7046,15607045,King,655,France,Male,33,0,178346.77,2,1,0,136809.63,1
7047,15607046,Brown,631,Spain,Male,61,5,101536.66,1,1,0,119105.98,1
7048,15607047,Johnson,726,France,Male,28,7,0.0,1,1,0,63053.93,0
7049,15607048,Allen,751,France,Male,53,8,95589.69,2,0,0,184325.07,1
7050,15607049,Lewis,756,France,Female,41,9,124224.5,2,0,0,179219.72,1
7051,15607050,Harris,566,Germany,Male,47,7,43391.48,1,1,1,190311.81,0
7052,15607051,Walker,632,Spain,Female,46,1,0.0,1,1,0,76021.54,0
7053,15607052,Jackson,459,Germany,Female,18,0,132329.12,2,1,1,177636.5,0
7054,15607053,Jackson,716,France,Female,39,6,0.0,3,0,1,126388.37,1
7055,15607054,Brown,732,France,Male,36,6,82174.65,2,1,1,199228.88,0
7056,15607055,King,758,France,Female,28,2,53130.71,2,0,1,81829.55,0
7057,15607056,Hall,830,Germany,Male,44,5,144661.11,2,1,1,1039.49,0
7058,15607057,Martin,753,France,Male,56,6,0.0,1,1,0,100900.0,0
7059,15607058,Allen,702,Germany,Male,18,8,0.0,2,0,0,107771.44,0
7060,15607059,Walker,660,Germany,Female,34,0,46058.35,1,0,1,92729.5,0
7061,15607060,Johnson,850,Germany,Female,27,2,40243.33,2,0,1,81180.71,0
7062,15607061,Johnson,676,Spain,Male,40,4,4128.73,2,0,1,43990.55,0
7063,15607062,Wilson,850,Spain,Male,36,2,157888.84,2,1,0,146128.62,1
7064,15607063,Clark,584,Germany,Female,33,7,0.0,1,0,0,106421.69,0
7065,15607064,Martin,620,France,Male,46,9,0.0,1,1,0,20876.86,0
7066,15607065,Anderson,724,Spain,Male,55,5,125188.76,1,1,0,20125.27,0
7067,15607066,Lewis,359,France,Male,66,1,0.0,2,0,0,155447.57,0
7068,15607067,Moore,627,France,Male,32,0,0.0,3,1,1,117157.11,0
7069,15607068,King,766,France,Male,21,9,0.0,2,1,0,101040.58,0
7070,15607069,Martin,613,France,Male,45,4,67228.4,2,1,0,44236.84,1
7071,15607070,Taylor,650,France,Female,55,10,108993.84,1,1,1,62662.42,1
7072,15607071,Johnson,497,France,Male,47,8,70217.04,2,1,1,163078.8,0
7073,15607072,Jackson,610,Spain,Male,55,9,0.0,2,0,0,55821.03,0
7074,15607073,Johnson,570,France,Female,37,8,0.0,1,1,1,35303.71,0
7075,15607074,Brown,723,Spain,Male,33,0,26750.98,4,0,1,131812.55,0
7076,15607075,Johnson,728,France,Female,40,2,208193.43,1,1,0,153985.73,0
7077,15607076,Anderson,573,Spain,Female,36,5,0.0,1,1,0,34983.01,0
7078,15607077,Moore,558,Spain,Female,46,4,0.0,1,1,1,50498.14,0
7079,15607078,Anderson,801,Spain,Male,49,3,145230.39,3,1,0,6418.63,0
7080,15607079,Anderson,522,Spain,Male,49,1,92736.83,2,0,1,5888.23,0
7081,15607080,Wright,726,France,Male,44,3,72229.43,1,1,0,10975.39,0
7082,15607081,Johnson,654,Germany,Male,41,4,0.0,3,1,1,11503.89,0
7083,15607082,Allen,758,France,Female,47,1,57280.31,1,0,1,155617.08,0
7084,15607083,Moore,670,France,Male,19,9,88215.04,1,1,1,117579.83,0
7085,15607084,Allen,599,Spain,Male,41,0,64371.08,1,1,0,54016.72,0
7086,15607085,Martin,537,France,Male,40,6,0.0,1,1,1,22824.13,0
7087,15607086,Wright,539,Spain,Male,41,6,127723.14,4,1,1,190407.79,1
7088,15607087,Allen,528,Spain,Female,38,7,0.0,2,0,0,74518.14,0
7089,15607088,King,639,France,Male,43,9,47385.44,1,1,0,2758.3,1
7090,15607089,Smith,729,France,Male,33,5,44658.1,1,1,1,3212.63,0
7091,15607090,Martin,561,France,Female,50,0,0.0,1,1,0,42577.67,0
7092,15607091,White,550,Germany,Male,44,7,0.0,2,1,0,161167.88,1
7093,15607092,Moore,667,Spain,Male,41,1,18472.58,1,0,1,158238.17,0
7094,15607093,Moore,785,France,Female,32,2,0.0,1,1,1,4733.59,1
7095,15607094,Taylor,725,France,Male,47,7,146779.52,2,0,1,40205.3,1
7096,15607095,Johnson,641,Spain,Male,41,3,0.0,1,0,1,147540.36,1
7097,15607096,Smith,550,Germany,Male,31,4,63883.42,2,0,0,14644.57,1
7098,15607097,Young,655,France,Female,38,8,0.0,2,0,0,83143.88,0
7099,15607098,Brown,736,France,Female,45,10,145077.46,1,1,1,192108.66,1
7100,15607099,Wright,707,Germany,Female,45,6,102975.85,1,1,1,115735.13,1
7101,15607100,Harris,675,France,Male,44,9,0.0,1,1,0,86173.44,1
7102,15607101,Jackson,758,France,Male,40,6,0.0,1,1,1,192156.47,0
7103,15607102,Thomas,795,Germany,Male,49,0,0.0,1,1,1,101298.95,0
7104,15607103,Walker,731,Spain,Female,51,0,120261.44,1,0,0,120368.09,0
7105,15607104,Wilson,456,France,Female,46,7,0.0,2,0,1,102479.65,0
7106,15607105,Allen,744,France,Male,33,9,121585.44,2,1,0,150070.08,1
7107,15607106,Johnson,636,France,Male,28,0,0.0,1,1,1,66472.42,0
7108,15607107,Wright,663,France,Male,34,9,37046.8,1,1,1,30424.83,0
7109,15607108,Smith,625,Germany,Male,59,1,75010.22,2,0,1,94385.04,1
7110,15607109,Smith,584,France,Male,42,3,0.0,2,1,1,146540.83,0
7111,15607110,Smith,420,Spain,Male,60,8,0.0,2,1,0,93336.42,0
7112,15607111,Hall,679,Germany,Male,38,6,0.0,1,0,0,40476.63,0
7113,15607112,Johnson,524,France,Female,36,6,104034.9,1,0,0,29951.92,0
7114,15607113,White,701,France,Male,38,9,155379.8,1,1,1,194202.79,0
7115,15607114,White,612,Spain,Male,38,6,3749.63,1,1,1,184317.54,0
7116,15607115,Lewis,759,Germany,Female,31,4,107613.95,2,1,1,62200.0,1
7117,15607116,Lewis,819,Germany,Female,28,0,0.0,2,1,1,192681.51,0
7118,15607117,Johnson,638,France,Female,44,4,0.0,1,0,1,123937.85,0
7119,15607118,Hall,600,Spain,Male,50,7,0.0,3,1,1,61631.59,0
7120,15607119,Lewis,580,Spain,Female,63,6,95160.24,1,1,1,60986.49,0
7121,15607120,Hall,694,Germany,Female,35,6,0.0,2,1,0,180007.08,0
7122,15607121,Wright,594,France,Male,35,1,191997.67,2,1,1,74115.84,0
7123,15607122,Wilson,648,Spain,Female,31,0,69910.91,2,1,0,15588.78,0
7124,15607123,Wright,560,Germany,Male,50,3,58752.75,2,0,0,147939.85,0
7125,15607124,Harris,655,France,Male,47,7,118486.4,2,1,0,29447.99,0
7126,15607125,White,811,France,Male,30,0,0.0,1,1,0,138218.2,0
7127,15607126,Smith,578,France,Female,30,1,124436.71,2,1,1,138510.57,0
7128,15607127,Martin,651,France,Female,49,6,0.0,1,1,1,114089.78,0
7129,15607128,White,698,France,Female,43,4,0.0,1,0,1,114634.41,1
7130,15607129,Taylor,780,Germany,Male,47,5,101733.62,1,1,1,70054.62,0
7131,15607130,Harris,762,France,Male,30,7,71414.93,1,1,1,82188.71,0
7132,15607131,Hall,721,France,Female,20,8,99838.29,2,0,1,24211.6,0
7133,15607132,Anderson,690,Spain,Male,30,7,0.0,2,1,1,110928.6,0
7134,15607133,Lewis,850,France,Female,46,0,153450.27,1,1,1,163301.49,0
7135,15607134,Brown,719,France,Male,60,10,119408.17,2,1,0,6059.5,1
7136,15607135,Anderson,678,Spain,Male,35,3,11347.48,2,1,1,141773.63,0
7137,15607136,Thomas,767,Germany,Male,62,4,0.0,2,1,1,26860.18,1
7138,15607137,Martin,706,Spain,Male,47,8,0.0,1,1,1,159744.42,0
7139,15607138,Wilson,850,Spain,Male,25,5,98698.56,2,0,0,206.3,0
7140,15607139,White,596,France,Male,41,5,35655.25,1,1,0,15369.55,0
7141,15607140,Johnson,645,Germany,Male,48,2,89280.93,2,1,0,164393.22,1
7142,15607141,Moore,521,France,Male,18,1,51650.84,2,0,1,53892.89,0
7143,15607142,Wilson,639,Germany,Male,45,1,0.0,1,1,1,178748.95,0
7144,15607143,Martin,536,France,Male,51,6,61591.36,2,1,1,156225.77,0
7145,15607144,White,662,Germany,Male,43,4,105690.59,2,0,0,128263.24,0
7146,15607145,Lewis,583,Spain,Male,38,9,34992.47,1,1,0,59961.37,0
7147,15607146,Moore,727,Germany,Male,37,0,108413.75,2,0,1,167907.97,0
7148,15607147,King,602,France,Female,37,4,133323.26,2,0,1,38759.81,0
7149,15607148,Moore,719,France,Female,27,10,0.0,1,0,1,178373.7,0
7150,15607149,Jackson,630,Spain,Female,32,0,0.0,2,1,0,151286.05,0
7151,15607150,Lewis,766,Germany,Male,35,8,0.0,1,1,1,69690.28,0
7152,15607151,Smith,641,France,Male,40,7,0.0,2,1,0,34875.25,1
7153,15607152,Moore,608,Germany,Male,33,3,88341.43,1,1,1,88368.22,1
7154,15607153,Martin,473,Germany,Male,30,10,0.0,2,1,1,26220.98,0
7155,15607154,Harris,519,France,Male,47,0,0.0,1,0,1,97057.05,0
7156,15607155,Moore,722,Germany,Female,43,10,70057.83,1,1,0,45387.0,0
7157,15607156,Walker,525,Spain,Male,34,7,140696.77,1,1,1,907.66,0
7158,15607157,King,743,France,Male,44,4,0.0,1,1,1,106323.03,0
7159,15607158,Wright,608,France,Male,34,0,0.0,4,1,0,59990.6,0
7160,15607159,Hall,649,Spain,Female,40,1,0.0,2,1,1,122226.0,1
7161,15607160,Allen,705,Spain,Male,49,4,128581.75,1,1,0,62558.58,0
7162,15607161,Wilson,754,France,Male,33,8,154547.74,2,0,1,136888.36,0
7163,15607162,Clark,508,Spain,Male,27,9,54925.2,2,0,1,133359.26,0
7164,15607163,Lewis,516,Spain,Male,38,7,0.0,2,0,0,5012.07,0
7165,15607164,Lewis,625,Spain,Male,25,10,134178.69,1,0,1,137703.81,0
7166,15607165,Smith,766,France,Male,36,9,0.0,1,0,0,36599.0,0
7167,15607166,Lewis,652,Germany,Male,36,7,0.0,1,1,0,164148.23,0
7168,15607167,Young,762,France,Male,18,8,54293.9,2,1,0,23809.84,0
7169,15607168,Smith,490,France,Male,44,1,173936.38,1,1,1,49502.32,0
7170,15607169,Wilson,595,France,Female,37,6,123071.05,1,1,1,114733.99,0
7171,15607170,Taylor,657,France,Female,51,9,0.0,1,1,1,83923.79,1
7172,15607171,Brown,546,Germany,Female,41,4,0.0,1,1,1,198284.24,0
7173,15607172,Young,538,France,Female,46,2,97143.4,2,1,1,143923.1,1
7174,15607173,Wright,572,Spain,Female,51,9,154558.92,1,1,1,44065.47,0
7175,15607174,Young,613,France,Female,38,7,123768.09,2,1,0,146669.13,0
7176,15607175,Hall,540,France,Male,39,1,47949.24,2,0,1,71263.09,0
7177,15607176,King,768,Germany,Female,23,3,0.0,1,1,0,4538.34,0
7178,15607177,Martin,670,Germany,Female,51,4,161375.41,1,0,0,56336.79,1
7179,15607178,Martin,680,France,Male,38,4,83831.45,2,1,1,188202.58,0
7180,15607179,King,677,Spain,Male,29,3,117255.01,1,0,1,25631.56,0
7181,15607180,Lewis,803,France,Male,46,2,0.0,1,1,0,114475.74,1
7182,15607181,Taylor,846,France,Male,18,2,107832.66,2,0,0,195510.39,1
7183,15607182,Allen,623,Germany,Male,35,4,0.0,1,1,0,104165.86,0
7184,15607183,Moore,702,Germany,Female,48,9,0.0,2,1,1,66037.56,0
7185,15607184,Lewis,621,France,Female,35,5,0.0,1,1,1,119714.07,0
7186,15607185,Young,736,Germany,Female,32,0,151622.84,1,1,1,51325.18,0
7187,15607186,Walker,787,Spain,Female,35,10,48733.6,2,1,0,155122.22,0
7188,15607187,King,649,France,Male,19,3,0.0,2,1,0,172534.31,0
7189,15607188,Smith,742,Spain,Female,46,9,9030.34,2,1,1,70460.32,1
7190,15607189,Hall,618,Spain,Female,38,9,0.0,1,0,1,154582.81,0
7191,15607190,Clark,763,Spain,Female,36,5,0.0,2,0,0,167057.7,1
7192,15607191,King,564,France,Male,36,1,0.0,2,1,0,81600.9,0
7193,15607192,Martin,546,Spain,Female,39,9,49417.71,2,1,1,189952.47,0
7194,15607193,Taylor,708,France,Male,46,4,0.0,1,1,1,137964.41,0
7195,15607194,Jackson,761,Germany,Female,38,10,126784.56,2,1,1,91330.83,0
7196,15607195,Anderson,713,Spain,Female,25,8,151591.49,2,1,1,122104.88,1
7197,15607196,Brown,753,France,Female,45,2,138652.91,2,1,0,99394.71,0
7198,15607197,Brown,567,Germany,Male,44,2,0.0,1,1,1,33004.83,0
7199,15607198,Harris,643,Germany,Female,41,8,122096.69,1,1,1,92461.06,0
7200,15607199,King,497,Germany,Male,50,2,193576.61,2,0,0,111526.93,0
7201,15607200,Wilson,534,France,Male,39,3,57386.68,2,0,1,32128.91,1
7202,15607201,Thomas,791,France,Male,50,8,155364.12,1,1,1,178337.13,0
7203,15607202,Johnson,614,Spain,Female,53,3,16154.42,2,1,1,119336.54,0
7204,15607203,Walker,830,France,Female,45,4,110756.39,1,1,0,92776.44,1
7205,15607204,Moore,666,Germany,Female,32,1,77391.87,1,1,0,156894.16,0
7206,15607205,Lewis,629,France,Male,38,7,0.0,1,0,0,153253.3,0
7207,15607206,King,626,France,Male,51,8,42854.23,1,1,0,77393.92,1
7208,15607207,King,747,France,Male,24,9,140282.08,2,1,0,89356.27,0
7209,15607208,Walker,638,France,Male,35,3,110901.38,1,1,0,93913.18,0
7210,15607209,Harris,654,Germany,Male,36,2,71407.08,1,1,1,29752.36,0
7211,15607210,Wilson,680,France,Male,30,3,126094.46,1,1,1,144995.47,0
7212,15607211,Clark,520,France,Female,48,6,0.0,2,0,0,35444.03,0
7213,15607212,Moore,659,France,Male,43,0,64008.54,1,1,0,14466.86,0
7214,15607213,Harris,645,Spain,Female,32,10,21767.1,2,1,1,134312.65,0
7215,15607214,Wilson,694,France,Male,45,10,0.0,2,1,0,16470.9,0
7216,15607215,King,746,Spain,Female,37,1,131190.29,1,1,1,173362.33,1
7217,15607216,Allen,627,Spain,Female,30,9,0.0,2,1,0,66245.48,0
7218,15607217,Harris,699,Spain,Male,32,4,58022.18,2,1,1,46556.05,0
7219,15607218,Wilson,519,Germany,Male,43,8,45458.29,1,1,0,85550.37,1
7220,15607219,Allen,844,Germany,Female,48,5,0.0,1,1,0,96598.89,1
7221,15607220,Hall,799,Germany,Female,34,2,0.0,1,1,1,28425.4,1
7222,15607221,Walker,618,France,Male,44,2,114225.7,1,0,1,178321.89,0
7223,15607222,Smith,660,France,Male,55,6,39832.34,1,0,1,35522.11,0
7224,15607223,Martin,439,France,Male,26,2,149018.36,1,0,1,102116.57,1
7225,15607224,Allen,715,Germany,Male,43,9,0.0,2,0,1,120212.28,0
7226,15607225,Young,579,Germany,Female,47,2,0.0,2,1,0,130166.98,0
7227,15607226,King,492,Germany,Male,38,9,80516.39,1,1,1,101857.12,0
7228,15607227,Lewis,683,France,Male,51,6,0.0,1,1,1,52044.43,0
7229,15607228,Walker,562,Germany,Male,61,8,0.0,1,1,1,14128.94,0
7230,15607229,Brown,550,France,Female,42,8,0.0,1,1,1,188693.5,0
7231,15607230,Martin,726,France,Male,37,2,62351.77,2,1,0,159806.2,0
7232,15607231,Johnson,808,France,Male,49,7,0.0,1,1,0,55218.88,0
7233,15607232,King,677,France,Male,47,0,126818.26,1,1,0,20395.39,1
7234,15607233,Brown,772,Spain,Male,18,7,0.0,2,1,1,195441.18,0
7235,15607234,Thomas,617,France,Male,39,10,74657.92,2,0,0,175468.23,0
7236,15607235,Hall,707,France,Male,35,1,94877.54,3,0,1,122071.15,0
7237,15607236,Taylor,674,Spain,Female,43,3,10997.54,2,1,1,103418.26,0
7238,15607237,Martin,694,Germany,Female,37,6,0.0,2,0,0,57409.86,0
7239,15607238,Clark,558,Spain,Male,38,5,28447.2,3,1,0,70213.66,0
7240,15607239,Wilson,414,France,Male,30,8,0.0,2,1,1,173312.66,1
7241,15607240,Smith,786,Germany,Female,46,7,0.0,2,1,1,115788.01,0
7242,15607241,Moore,625,Germany,Male,56,1,14445.69,1,1,0,179328.64,1
7243,15607242,Moore,469,France,Female,31,3,0.0,1,1,1,173400.54,0
7244,15607243,Moore,649,Spain,Female,25,0,0.0,2,0,0,84233.88,0
7245,15607244,White,686,France,Male,39,6,99706.23,2,0,0,28971.44,0
7246,15607245,Lewis,655,France,Male,39,3,0.0,1,1,0,188659.49,0
7247,15607246,Wright,676,Spain,Female,51,7,3975.68,2,1,1,160814.31,1
7248,15607247,Brown,660,Germany,Male,27,1,101953.43,1,1,1,73151.68,0
7249,15607248,Taylor,619,France,Male,34,7,79828.11,2,1,0,177132.25,0
7250,15607249,Walker,667,Germany,Male,18,1,0.0,2,1,0,72710.49,1
7251,15607250,Wright,635,Germany,Female,53,10,116742.38,2,1,0,129792.84,1
7252,15607251,Thomas,669,Germany,Male,42,7,64214.79,1,1,0,62757.37,0
7253,15607252,Wright,689,France,Female,34,0,34630.56,2,1,0,181548.93,0
7254,15607253,Johnson,706,Germany,Female,26,1,123600.22,2,1,0,7640.55,0
7255,15607254,Johnson,602,France,Male,27,4,0.0,1,1,1,135929.33,0
7256,15607255,Jackson,716,Spain,Male,43,0,0.0,1,1,0,38371.14,0
7257,15607256,White,693,France,Female,28,4,23056.38,1,1,0,19058.85,0
7258,15607257,Young,769,France,Male,40,4,129727.28,1,1,0,116264.7,0
7259,15607258,Thomas,669,Spain,Male,59,6,0.0,1,0,0,146375.45,0
7260,15607259,Johnson,748,France,Male,36,1,18599.76,1,1,0,198262.69,0
7261,15607260,Moore,435,France,Male,29,1,142426.32,2,1,1,24748.81,0
7262,15607261,Anderson,547,France,Female,43,5,19162.21,2,1,0,46099.58,0
7263,15607262,Wright,758,Spain,Male,27,10,0.0,1,1,1,195949.23,0
7264,15607263,Brown,682,France,Female,56,9,0.0,1,1,0,45731.14,1
7265,15607264,Taylor,548,Germany,Male,53,2,31994.34,1,0,1,124221.3,1
7266,15607265,Jackson,668,France,Female,37,7,41666.96,2,1,0,133553.0,1
7267,15607266,Anderson,754,France,Female,30,2,0.0,1,1,0,161845.55,0
7268,15607267,Clark,530,France,Male,35,9,101291.49,2,1,1,72886.35,0
7269,15607268,Wilson,677,France,Female,36,3,159484.85,2,0,1,26089.13,0
7270,15607269,Lewis,850,France,Female,43,6,3061.97,1,1,0,9495.39,1
7271,15607270,Thomas,572,France,Male,49,0,12338.28,1,0,1,17712.7,0
7272,15607271,King,562,Germany,Male,29,0,130947.02,1,0,0,111924.87,0
7273,15607272,Harris,412,Spain,Male,49,8,173887.5,2,1,1,72786.92,1
7274,15607273,Moore,614,France,Female,45,5,0.0,1,1,1,165037.57,1
7275,15607274,Young,740,France,Female,34,4,0.0,1,1,0,81210.15,0
7276,15607275,Allen,600,Germany,Female,28,1,0.0,1,1,0,104081.15,0
7277,15607276,Moore,850,France,Male,40,1,68650.39,1,0,1,190065.81,0
7278,15607277,Young,850,France,Male,28,6,0.0,2,1,0,106429.88,0
7279,15607278,Jackson,825,Germany,Female,49,5,174093.16,2,1,1,159310.25,1
7280,15607279,Johnson,580,Spain,Female,28,7,0.0,1,1,1,152563.22,0
7281,15607280,Allen,680,Spain,Female,44,2,0.0,1,1,0,51099.94,1
7282,15607281,Anderson,593,France,Female,38,2,0.0,2,1,0,107759.08,0
7283,15607282,White,587,France,Female,33,4,0.0,2,1,1,29761.21,0
7284,15607283,Young,683,Spain,Male,38,9,126613.08,2,1,0,46340.23,0
7285,15607284,Hall,548,France,Female,50,3,0.0,2,0,1,192652.09,0
7286,15607285,White,466,Spain,Male,27,7,0.0,1,1,1,33522.32,0
7287,15607286,Walker,514,Spain,Male,35,5,189927.82,1,1,0,192207.82,1
7288,15607287,Clark,676,France,Female,31,7,0.0,2,1,1,140425.08,0
7289,15607288,Lewis,834,Germany,Male,39,6,120723.78,1,1,1,173091.02,0
7290,15607289,Allen,741,Germany,Male,32,1,0.0,1,0,0,42778.23,0
7291,15607290,Walker,639,Spain,Female,21,8,61196.32,2,1,0,77294.76,0
7292,15607291,King,724,France,Male,28,10,181456.79,1,1,1,167324.45,1
7293,15607292,Moore,643,France,Female,55,5,77813.46,1,1,0,157141.44,1
7294,15607293,Hall,754,France,Male,41,10,0.0,2,1,1,143289.2,0
7295,15607294,Brown,723,France,Male,41,10,80426.99,1,1,1,59537.14,0
7296,15607295,Clark,418,Germany,Male,36,5,0.0,2,0,1,94557.66,0
7297,15607296,Martin,587,France,Male,38,1,0.0,2,0,0,94185.16,0
7298,15607297,Allen,716,France,Male,35,8,71437.81,2,1,1,189152.04,0
7299,15607298,Smith,729,France,Male,44,0,109589.62,1,1,1,129414.83,0
7300,15607299,Wright,605,Spain,Male,40,5,0.0,1,1,1,68458.58,1
7301,15607300,Clark,442,France,Female,27,7,0.0,1,1,1,102461.17,0
7302,15607301,Jackson,670,France,Male,42,1,0.0,1,0,0,177480.16,0
7303,15607302,Harris,501,France,Female,18,2,0.0,1,1,1,144361.52,0
7304,15607303,Young,569,Germany,Female,43,9,195856.29,2,1,0,121871.35,0
7305,15607304,Brown,787,France,Male,25,9,104028.95,1,1,0,108135.75,0
7306,15607305,King,606,Germany,Female,38,6,114571.74,1,1,0,101399.29,1
7307,15607306,Thomas,581,Germany,Female,27,10,177943.19,2,1,0,90656.48,0
7308,15607307,Brown,638,France,Male,39,0,198752.03,2,1,1,178185.95,0
7309,15607308,Taylor,738,Germany,Female,45,4,129151.36,2,1,0,7737.15,1
7310,15607309,Clark,626,France,Female,54,10,130073.19,1,1,1,60719.81,1
7311,15607310,Wilson,792,Germany,Male,24,5,0.0,2,0,0,141807.63,0
7312,15607311,Hall,561,Spain,Male,49,9,57089.28,2,1,1,175234.2,0
7313,15607312,Martin,549,France,Male,40,6,0.0,2,1,1,193671.21,0
7314,15607313,Moore,696,France,Male,34,9,119741.03,1,0,0,190278.83,0
7315,15607314,Hall,582,France,Male,47,9,107746.32,1,1,1,75195.3,0
7316,15607315,Martin,697,Germany,Male,37,6,0.0,2,0,0,175150.35,1
7317,15607316,Hall,850,France,Male,46,2,136295.08,1,1,0,109682.84,1
7318,15607317,Thomas,527,Spain,Male,29,6,51688.5,2,1,1,74286.35,0
7319,15607318,Hall,682,France,Male,33,0,103526.64,2,0,0,181310.97,0
7320,15607319,Johnson,740,Germany,Female,48,10,192657.72,2,0,0,121555.73,0
7321,15607320,Anderson,586,France,Female,54,3,68589.57,1,0,0,153861.36,0
7322,15607321,Smith,651,Spain,Female,39,6,82903.04,2,1,1,50343.98,0
7323,15607322,Moore,427,France,Male,18,6,60882.24,1,1,1,79171.86,1
7324,15607323,Taylor,650,Spain,Female,37,3,88188.93,1,0,0,9749.38,1
7325,15607324,Wright,554,France,Male,39,0,93481.63,1,1,1,25438.38,0
7326,15607325,Young,555,France,Male,37,7,0.0,1,0,0,129903.67,1
7327,15607326,Thomas,630,France,Male,42,3,42201.05,1,1,0,44368.17,0
7328,15607327,Clark,606,Spain,Female,34,1,92399.8,2,1,1,83121.74,0
7329,15607328,Thomas,530,France,Male,47,3,0.0,1,0,0,82464.28,0
7330,15607329,Wright,802,Spain,Female,27,7,3943.13,2,1,1,153532.73,0
7331,15607330,Wright,664,France,Male,51,7,0.0,1,1,1,113408.27,0
7332,15607331,Brown,688,Germany,Male,55,4,0.0,2,0,0,135488.85,1
7333,15607332,Jackson,595,Germany,Female,30,1,108809.57,2,1,1,24360.33,0
7334,15607333,Wright,644,Spain,Male,30,6,22635.55,2,1,0,121348.18,0
7335,15607334,Harris,448,France,Female,43,2,0.0,3,1,0,123652.92,0
7336,15607335,Walker,544,France,Male,27,5,103559.47,1,1,0,106620.49,0
7337,15607336,Lewis,795,France,Female,34,8,220735.47,1,0,0,20246.36,0
7338,15607337,Wilson,710,France,Female,50,4,0.0,1,0,1,154270.1,0
7339,15607338,Walker,603,Spain,Female,46,8,50421.09,1,1,0,108913.77,1
7340,15607339,Martin,688,Spain,Female,59,3,0.0,1,0,1,108429.95,1
7341,15607340,Clark,480,Germany,Male,41,8,21141.92,2,1,0,169938.37,1
7342,15607341,Hall,611,France,Male,33,0,62586.18,2,1,0,48635.69,1
7343,15607342,Brown,650,Spain,Male,40,3,130452.83,2,0,0,101352.36,0
7344,15607343,Wilson,727,France,Female,37,10,83404.52,1,1,0,148037.72,0
7345,15607344,Thomas,572,Spain,Female,38,0,64720.29,2,1,1,182316.68,1
7346,15607345,Jackson,654,France,Male,39,8,0.0,1,1,1,170031.09,0
7347,15607346,Martin,626,France,Female,30,7,0.0,1,1,0,154603.01,0
7348,15607347,King,686,France,Male,42,7,10239.37,1,0,1,174754.06,0
7349,15607348,Young,673,Spain,Male,25,6,0.0,2,1,0,53560.44,0
7350,15607349,Anderson,646,Germany,Female,32,8,0.0,1,0,1,89182.72,1
7351,15607350,Hall,683,France,Male,38,10,0.0,2,0,0,195973.45,0
7352,15607351,Taylor,592,France,Male,18,10,89824.75,2,1,1,3020.58,0
7353,15607352,King,599,France,Male,47,2,0.0,1,0,0,198008.35,0
7354,15607353,Young,498,Spain,Female,18,6,127566.71,1,1,1,20990.53,0
7355,15607354,King,718,France,Female,46,5,135387.39,2,1,1,182077.76,0
7356,15607355,Young,637,Germany,Female,26,4,83620.69,2,1,1,112419.97,0
7357,15607356,Wilson,545,Germany,Female,35,8,0.0,1,1,0,59251.78,1
7358,15607357,White,573,Germany,Female,44,3,0.0,2,1,1,190025.71,0
7359,15607358,Hall,810,France,Male,61,2,0.0,1,1,0,120721.51,0
7360,15607359,Jackson,625,Germany,Male,40,10,0.0,1,0,0,177670.06,1
7361,15607360,King,691,Spain,Male,19,2,0.0,2,0,0,76554.34,0
7362,15607361,Smith,600,France,Female,49,1,0.0,2,1,1,130852.83,1
7363,15607362,Brown,539,Spain,Male,37,0,0.0,1,1,1,70503.99,0
7364,15607363,Johnson,654,Germany,Female,40,2,109888.85,2,1,1,198342.11,1
7365,15607364,Jackson,757,France,Male,45,7,0.0,2,0,1,110411.52,0
7366,15607365,Jackson,793,France,Male,18,5,130091.8,2,1,0,141091.54,0
7367,15607366,Hall,782,France,Male,39,1,51603.39,2,1,0,61316.1,0
7368,15607367,Hall,713,Spain,Male,35,7,0.0,1,1,1,154016.56,0
7369,15607368,Wright,705,France,Male,51,4,127481.1,1,1,1,86341.54,0
7370,15607369,Jackson,562,Germany,Female,46,3,0.0,1,1,1,180327.64,0
7371,15607370,Harris,658,Spain,Female,23,0,40273.37,1,0,1,109253.29,0
7372,15607371,Thomas,747,Spain,Female,52,0,67071.28,2,1,1,76472.97,1
7373,15607372,Wright,789,France,Female,43,3,66921.95,2,1,1,164877.86,1
7374,15607373,Moore,643,Spain,Male,24,8,0.0,2,0,1,120562.2,0
7375,15607374,Johnson,610,France,Female,40,9,96206.01,2,1,0,157030.81,0
7376,15607375,Thomas,561,France,Male,49,9,0.0,2,1,1,140266.71,0
7377,15607376,Walker,650,Spain,Female,27,5,127437.58,1,0,1,94782.86,1
7378,15607377,Wright,764,France,Male,53,0,0.0,2,0,1,131440.27,0
7379,15607378,Wright,603,Spain,Male,24,7,0.0,2,0,0,151603.4,0
7380,15607379,Wright,715,France,Female,31,8,0.0,2,0,0,139569.6,0
7381,15607380,Allen,763,France,Male,30,1,43196.36,1,1,1,64432.19,0
7382,15607381,King,611,France,Male,53,5,0.0,1,1,1,78992.56,1
7383,15607382,Hall,633,Germany,Female,34,6,0.0,1,1,0,190323.31,0
7384,15607383,Young,774,Spain,Male,27,10,0.0,1,1,1,61975.81,0
7385,15607384,Thomas,686,Spain,Female,43,0,0.0,2,0,0,162469.39,1
7386,15607385,Moore,808,France,Male,46,10,0.0,1,1,0,37150.58,0
7387,15607386,Young,656,France,Male,46,4,0.0,2,1,0,78396.67,0
7388,15607387,Harris,764,Germany,Male,36,10,0.0,1,1,1,67662.93,1
7389,15607388,Wilson,540,France,Male,42,10,0.0,1,1,0,123139.77,0
7390,15607389,Martin,727,France,Female,32,4,10160.58,1,1,1,185675.03,0
7391,15607390,Lewis,613,Spain,Male,56,2,54639.12,2,1,1,144575.73,0
7392,15607391,Johnson,527,France,Male,50,1,52828.19,2,1,1,29964.51,0
7393,15607392,Brown,606,Germany,Male,50,0,49247.02,1,1,1,144514.94,1
7394,15607393,King,637,Spain,Male,47,5,92414.91,1,1,0,3818.51,1
7395,15607394,Wright,707,France,Female,44,6,80528.21,2,1,1,132721.64,0
7396,15607395,Harris,641,France,Male,27,1,89175.81,1,0,0,175694.68,0
7397,15607396,Clark,467,France,Female,45,1,165458.81,2,1,0,72987.76,1
7398,15607397,Clark,619,Germany,Male,40,4,0.0,1,1,1,143523.56,0
7399,15607398,Moore,651,Spain,Female,52,4,0.0,1,1,1,126429.35,0
7400,15607399,Moore,714,France,Male,47,2,0.0,1,1,1,18490.61,0
7401,15607400,Wilson,741,France,Male,45,2,0.0,1,1,0,61994.5,1
7402,15607401,Young,582,Spain,Male,22,0,2520.65,1,1,1,136343.01,0
7403,15607402,Harris,580,Spain,Female,38,2,0.0,1,0,1,5781.14,0
7404,15607403,Anderson,573,France,Male,33,8,174171.49,2,1,0,109782.55,0
7405,15607404,Jackson,556,France,Male,42,1,73104.0,2,0,0,109090.76,0
7406,15607405,Taylor,493,France,Male,35,0,49724.9,1,0,1,156284.29,1
7407,15607406,Harris,697,Spain,Female,36,8,0.0,2,0,0,195401.32,1
7408,15607407,Young,850,Germany,Male,44,4,0.0,2,1,1,9879.34,0
7409,15607408,Thomas,734,France,Female,35,7,53098.89,2,1,1,18441.96,0
7410,15607409,Lewis,745,Spain,Male,40,10,0.0,1,1,0,61541.45,1
7411,15607410,Allen,695,France,Female,24,3,0.0,1,1,0,114918.33,0
7412,15607411,Johnson,519,France,Female,31,7,73795.8,2,1,0,3840.43,1
7413,15607412,Anderson,620,France,Female,46,4,0.0,1,1,1,58244.05,0
7414,15607413,Martin,718,Germany,Female,27,5,0.0,1,0,0,24003.91,1
7415,15607414,Brown,526,France,Female,51,5,44340.67,2,0,1,125457.27,0
7416,15607415,Brown,603,Spain,Male,49,5,74835.08,2,1,0,142641.52,1
7417,15607416,Smith,523,France,Male,36,1,102958.35,2,1,0,4407.25,0
7418,15607417,Allen,602,France,Female,69,9,31688.39,1,1,0,187075.57,1
7419,15607418,Taylor,843,France,Male,51,9,0.0,1,1,0,147356.94,0
7420,15607419,Harris,807,Spain,Male,30,8,0.0,2,0,1,65943.98,0
7421,15607420,Taylor,666,France,Male,46,6,79377.23,1,0,0,144456.64,0
7422,15607421,Moore,802,Spain,Female,40,2,0.0,4,1,1,91141.21,0
7423,15607422,Lewis,715,France,Female,31,1,65400.77,1,0,0,135639.58,1
7424,15607423,Wright,626,France,Male,28,3,14707.65,2,1,1,84395.24,0
7425,15607424,Wilson,530,France,Female,49,7,0.0,1,1,1,88388.38,0
7426,15607425,Walker,616,France,Female,33,8,0.0,2,1,1,37779.16,0
7427,15607426,White,622,France,Female,38,9,95321.04,1,1,0,173427.59,1
7428,15607427,Young,612,France,Female,30,1,0.0,1,1,1,182611.21,0
7429,15607428,Johnson,639,Spain,Male,32,5,33444.06,2,0,0,79823.14,1
7430,15607429,Anderson,549,Spain,Female,38,7,0.0,1,1,1,77425.77,0
7431,15607430,Walker,524,France,Male,43,2,20564.33,1,1,0,31642.08,0
7432,15607431,Martin,518,France,Male,18,10,15185.43,2,0,0,64853.17,0
7433,15607432,Taylor,693,France,Male,39,8,54142.5,1,1,1,160415.81,1
7434,15607433,Lewis,557,France,Female,32,3,148970.41,2,0,0,83289.12,0
7435,15607434,Young,670,France,Female,53,4,117493.91,1,1,1,157217.8,0
7436,15607435,Martin,655,Germany,Male,68,6,72663.8,1,1,0,170870.31,1
7437,15607436,Allen,683,France,Female,35,10,0.0,2,1,1,68604.25,0
7438,15607437,White,617,France,Male,22,10,21553.24,1,1,1,197686.23,0
7439,15607438,King,544,France,Female,40,4,58612.35,2,1,0,118939.45,1
7440,15607439,Young,818,France,Male,37,3,49138.46,2,1,1,67217.77,0
7441,15607440,Brown,582,Spain,Male,59,3,45462.05,2,1,1,23052.24,1
7442,15607441,Anderson,838,France,Male,56,4,162540.69,1,1,1,63956.26,0
7443,15607442,Clark,520,France,Male,48,2,266760.78,2,1,1,29725.5,1
7444,15607443,Walker,552,Spain,Female,33,8,28699.0,1,1,0,153299.59,1
7445,15607444,Martin,476,France,Female,46,1,117066.23,1,1,1,52371.48,0
7446,15607445,Wilson,658,Spain,Female,42,6,0.0,1,1,1,69003.62,0
7447,15607446,Martin,713,Spain,Female,41,3,0.0,1,1,1,63755.94,1
7448,15607447,Harris,507,France,Male,23,7,27544.54,2,1,1,120526.9,0
7449,15607448,Wilson,653,Spain,Female,50,6,18767.53,2,0,0,70811.83,1
7450,15607449,Moore,610,France,Female,40,7,110717.15,1,1,1,28775.9,1
7451,15607450,Moore,448,Spain,Male,38,3,111250.67,2,1,1,125168.99,0
7452,15607451,Walker,640,France,Female,33,10,143927.2,2,0,1,101519.85,1
7453,15607452,White,739,France,Male,31,1,0.0,1,1,1,151679.8,1
7454,15607453,Harris,792,Spain,Female,42,6,109353.05,2,1,0,51141.59,1
7455,15607454,Johnson,488,Germany,Female,22,8,0.0,2,0,1,172320.35,1
7456,15607455,King,749,Germany,Male,47,5,18874.72,2,1,0,76349.59,0
7457,15607456,White,728,Spain,Male,28,6,0.0,2,0,1,124642.78,0
7458,15607457,White,614,France,Female,18,5,0.0,1,1,0,198237.5,0
7459,15607458,King,483,France,Female,57,1,50912.01,2,0,0,137955.84,0
7460,15607459,Thomas,682,France,Female,30,8,0.0,4,1,0,103397.71,1
7461,15607460,Wilson,485,France,Female,32,4,55716.01,1,1,1,53902.34,1
7462,15607461,Wilson,681,France,Female,50,2,126106.44,1,0,1,79776.32,1
7463,15607462,Brown,593,Germany,Male,58,3,0.0,1,1,1,17461.47,0
7464,15607463,Allen,568,France,Female,24,3,0.0,1,0,1,50365.75,0
7465,15607464,Harris,677,France,Male,29,8,152692.33,2,1,1,68006.69,0
7466,15607465,Brown,850,France,Male,30,10,58893.51,2,1,0,168077.34,0
7467,15607466,Clark,791,Germany,Female,48,4,0.0,1,1,0,18524.47,0
7468,15607467,Wilson,649,Spain,Female,55,1,0.0,2,1,0,81998.46,0
7469,15607468,Walker,679,Spain,Male,28,5,67277.04,1,1,1,102378.93,0
7470,15607469,Smith,639,France,Female,53,6,0.0,2,0,0,191512.11,1
7471,15607470,Young,622,Germany,Male,32,7,0.0,2,0,0,74989.15,1
7472,15607471,Hall,806,France,Female,42,4,23645.87,2,0,0,196038.63,0
7473,15607472,Taylor,678,Germany,Male,26,7,84279.92,2,0,0,99603.15,0
7474,15607473,Smith,701,Spain,Female,38,7,154102.38,2,0,1,142222.45,1
7475,15607474,White,690,France,Female,38,3,129297.32,2,1,1,18455.76,0
7476,15607475,Johnson,644,France,Female,36,6,0.0,2,1,1,137622.91,0
7477,15607476,Moore,549,Spain,Female,43,8,0.0,2,1,0,19499.45,1
7478,15607477,Wright,566,France,Male,29,9,94812.91,1,0,1,106824.68,1
7479,15607478,Johnson,681,Germany,Male,30,3,187692.01,2,1,1,67027.93,0
7480,15607479,White,708,France,Female,43,8,18305.0,2,1,1,64428.09,0
7481,15607480,Brown,534,France,Male,52,3,122524.17,2,1,1,16754.21,1
7482,15607481,Allen,583,France,Male,39,0,102477.76,2,0,1,138086.99,0
7483,15607482,Thomas,597,France,Male,44,3,31146.82,1,0,0,110724.84,1
7484,15607483,Smith,559,France,Female,47,1,91022.83,1,1,0,78563.61,0
7485,15607484,Jackson,450,France,Male,47,5,50171.33,1,1,0,195325.34,0
7486,15607485,Smith,523,Spain,Female,29,7,22206.09,1,0,1,6075.67,0
7487,15607486,Anderson,646,France,Male,31,5,15584.11,1,0,0,129369.51,1
7488,15607487,Martin,705,Germany,Male,32,8,31304.34,2,0,0,94907.52,0
7489,15607488,Brown,583,Spain,Male,58,5,3424.52,1,1,0,170836.8,0
7490,15607489,Jackson,694,Germany,Male,44,10,0.0,2,1,0,155571.62,1
7491,15607490,White,659,France,Male,44,6,16897.27,1,1,1,31310.21,0
7492,15607491,Harris,718,France,Female,43,4,0.0,2,1,0,74178.65,0
7493,15607492,Taylor,810,France,Male,26,7,99725.04,2,0,1,141251.82,0
7494,15607493,Allen,565,Spain,Female,58,1,0.0,2,1,0,82669.86,0
7495,15607494,Martin,603,Germany,Female,44,1,24496.2,1,1,1,137109.81,1
7496,15607495,Jackson,531,France,Male,46,10,97214.23,1,1,1,173254.8,0
7497,15607496,King,797,France,Male,21,7,34472.12,2,1,1,144632.74,0
7498,15607497,White,608,Germany,Male,47,5,87944.91,1,1,1,108105.1,0
7499,15607498,Brown,673,France,Male,35,1,0.0,1,1,0,158674.49,0
7500,15607499,Young,713,Spain,Male,26,5,79443.93,1,1,1,175444.48,0
7501,15607500,Clark,789,Spain,Female,29,10,0.0,2,1,1,80679.75,0
7502,15607501,Wilson,506,Germany,Female,26,7,0.0,2,1,0,171338.16,1
7503,15607502,Harris,741,France,Male,26,5,34285.79,2,0,1,160780.69,0
7504,15607503,Jackson,461,France,Female,40,8,120127.31,1,1,1,82121.84,0
7505,15607504,Jackson,539,Spain,Male,35,5,156695.33,1,1,1,11625.06,0
7506,15607505,Allen,629,Germany,Male,42,2,143094.26,4,1,0,180152.61,0
7507,15607506,White,648,France,Male,56,8,147228.02,1,1,1,46523.36,1
7508,15607507,Wright,798,France,Male,38,9,71530.59,1,1,0,175318.74,0
7509,15607508,Taylor,655,Spain,Female,18,4,102687.95,1,1,0,140913.26,1
7510,15607509,King,646,Germany,Male,37,5,39507.13,1,0,0,197985.2,1
7511,15607510,Smith,668,Germany,Female,51,3,112679.96,1,0,1,41510.03,1
7512,15607511,King,761,Germany,Female,38,2,0.0,3,1,1,57825.93,0
7513,15607512,Hall,580,France,Female,54,9,26530.37,2,1,1,18515.96,0
7514,15607513,Allen,491,France,Male,44,4,203082.59,1,0,1,197812.38,0
7515,15607514,Anderson,659,Spain,Male,21,2,134823.08,1,1,1,123925.2,0
7516,15607515,Lewis,658,Germany,Male,40,1,0.0,2,0,0,53797.81,0
7517,15607516,Young,633,France,Male,42,5,98262.83,2,1,0,96766.99,0
7518,15607517,Young,809,France,Male,50,7,14431.36,1,1,1,194231.38,1
7519,15607518,Thomas,732,Germany,Male,57,2,118770.47,1,0,0,69492.36,1
7520,15607519,Harris,465,France,Male,48,5,0.0,2,1,1,161670.81,0
7521,15607520,Anderson,601,France,Male,43,10,88962.67,1,1,0,26102.05,0
7522,15607521,White,698,Spain,Male,46,8,36355.46,1,1,1,145419.41,0
7523,15607522,Hall,691,Spain,Female,37,0,166290.33,1,1,0,76388.13,1
7524,15607523,Wright,757,Spain,Male,24,2,35442.02,1,1,0,38782.19,0
7525,15607524,Thomas,797,France,Female,39,1,0.0,1,1,1,176145.28,0
7526,15607525,Anderson,689,Spain,Male,43,7,62760.66,2,0,0,109982.74,0
7527,15607526,King,709,Spain,Male,27,8,0.0,2,1,0,75090.6,1
7528,15607527,Brown,516,Spain,Male,52,9,55025.18,1,1,0,80852.9,0
7529,15607528,Harris,584,Spain,Male,49,5,0.0,1,1,0,14598.62,0
7530,15607529,Jackson,596,France,Male,25,2,111968.02,1,0,0,98565.96,0
7531,15607530,Martin,512,France,Male,53,9,37320.34,2,1,1,145079.82,0
7532,15607531,White,724,France,Female,36,7,54630.88,1,1,0,164616.24,1
7533,15607532,Anderson,662,France,Male,31,9,0.0,2,1,0,166312.63,0
7534,15607533,Allen,828,Spain,Male,50,6,38446.17,1,1,1,168751.22,1
7535,15607534,Allen,713,Germany,Male,38,1,0.0,2,1,1,169616.57,0
7536,15607535,Young,682,Spain,Male,58,10,0.0,1,0,0,93788.17,1
7537,15607536,Wright,801,Germany,Female,30,6,33735.4,2,0,0,86621.93,1
7538,15607537,Moore,580,France,Male,22,0,55400.35,1,0,1,22205.4,0
7539,15607538,Wilson,474,France,Male,36,7,0.0,1,1,0,58315.21,0
7540,15607539,Wright,741,France,Female,47,4,14120.43,1,1,0,45106.45,1
7541,15607540,Johnson,690,France,Male,30,8,97532.41,1,1,0,122091.23,0
7542,15607541,Martin,637,France,Male,26,10,78824.54,1,0,0,64765.74,0
7543,15607542,Young,603,Spain,Male,41,2,73518.0,2,1,0,106584.08,0
7544,15607543,Walker,580,Germany,Male,24,6,59976.99,2,1,1,75565.74,0
7545,15607544,Young,649,France,Male,42,7,90944.93,1,0,0,178028.81,0
7546,15607545,Moore,670,France,Male,36,0,115301.04,4,1,1,84961.66,1
7547,15607546,Jackson,718,Germany,Male,44,5,0.0,1,1,1,167617.27,0
7548,15607547,Jackson,511,France,Male,25,10,123846.67,2,1,0,8249.81,0
7549,15607548,Martin,758,Germany,Male,52,1,54410.96,2,1,0,6570.11,0
7550,15607549,Wilson,631,Spain,Male,37,7,0.0,2,1,1,146107.42,0
7551,15607550,Smith,656,Germany,Female,47,5,0.0,1,1,0,141935.21,0
7552,15607551,Jackson,578,France,Female,49,10,12799.07,2,1,1,4691.01,0
7553,15607552,Young,695,Spain,Female,27,10,0.0,1,0,1,97550.8,0
7554,15607553,Wilson,828,France,Male,48,2,0.0,1,1,1,9909.92,0
7555,15607554,Harris,727,Spain,Male,25,3,88331.81,2,0,1,33341.52,0
7556,15607555,Brown,607,France,Female,25,6,90354.05,2,1,1,192559.25,0
7557,15607556,Thomas,480,France,Female,59,8,99797.0,1,0,0,68038.88,0
7558,15607557,Moore,591,Spain,Female,50,10,116332.42,1,1,0,93874.24,1
7559,15607558,Young,597,Spain,Male,60,9,44544.14,1,0,1,136529.88,0
7560,15607559,Lewis,690,Germany,Male,35,1,3812.32,2,1,1,184067.48,0
7561,15607560,Wright,586,Spain,Male,40,8,0.0,2,1,0,29774.48,0
7562,15607561,Moore,574,Spain,Male,44,5,85648.05,2,1,1,45379.82,0
7563,15607562,Wilson,615,France,Male,39,1,0.0,1,1,0,111929.15,0
7564,15607563,King,645,Spain,Female,32,7,148583.9,2,1,0,132188.23,0
7565,15607564,Clark,619,Spain,Male,30,3,114666.67,1,0,1,87027.27,0
7566,15607565,Clark,611,Germany,Male,41,10,162396.56,2,0,1,130654.78,0
7567,15607566,Taylor,518,Germany,Male,28,7,0.0,1,1,1,2295.37,0
7568,15607567,Wilson,693,France,Male,28,10,16184.69,1,1,1,39531.18,0
7569,15607568,Harris,550,Germany,Male,43,6,103737.44,1,1,0,167404.89,1
7570,15607569,Smith,739,France,Male,38,6,158763.98,2,1,1,151182.08,0
7571,15607570,Allen,758,France,Male,48,10,226046.92,2,0,1,127146.39,0
7572,15607571,Lewis,530,Spain,Male,35,6,102735.43,2,1,0,109755.04,0
7573,15607572,Wright,818,France,Male,33,1,0.0,1,1,1,40043.93,0
7574,15607573,Taylor,757,Spain,Female,43,7,0.0,2,0,1,54358.5,0
7575,15607574,White,666,France,Male,31,1,37616.05,1,1,0,192845.04,0
7576,15607575,Anderson,554,France,Male,32,2,26927.97,1,1,0,380.92,0
7577,15607576,Young,402,Spain,Female,33,9,111632.02,1,1,0,88241.6,0
7578,15607577,Wilson,650,Spain,Female,37,6,119713.58,1,0,0,2067.48,0
7579,15607578,Harris,662,Germany,Female,57,6,73451.3,1,1,0,68479.89,1
7580,15607579,Martin,736,Spain,Male,25,6,0.0,2,0,1,65014.56,0
7581,15607580,Brown,460,Spain,Male,52,3,138558.75,1,1,0,23178.47,0
7582,15607581,Brown,746,France,Female,46,4,0.0,1,1,1,13896.09,0
7583,15607582,Taylor,759,France,Female,55,6,0.0,2,1,1,170431.69,0
7584,15607583,Jackson,691,France,Male,70,7,0.0,2,1,1,64845.24,1
7585,15607584,Johnson,519,Spain,Female,53,2,0.0,1,1,1,111942.17,1
7586,15607585,Clark,628,Spain,Female,48,5,167002.19,1,0,0,151384.61,1
7587,15607586,Harris,538,France,Male,26,8,0.0,1,0,1,107756.45,0
7588,15607587,Wright,523,Spain,Male,27,9,48018.95,1,0,1,87481.62,0
7589,15607588,Moore,537,Spain,Female,43,10,0.0,1,1,0,97833.02,0
7590,15607589,Allen,671,France,Male,22,4,271978.62,1,1,1,167089.31,0
7591,15607590,Walker,569,France,Female,45,3,0.0,2,1,0,106160.69,0
7592,15607591,Smith,627,Germany,Male,18,8,0.0,2,1,0,36802.06,1
7593,15607592,White,715,Spain,Female,51,3,0.0,1,0,1,37169.66,0
7594,15607593,Anderson,649,Germany,Female,36,2,145616.74,1,0,0,100291.02,1
7595,15607594,Taylor,611,France,Male,40,6,0.0,1,0,0,40358.29,0
7596,15607595,Smith,636,Germany,Male,32,4,100332.75,1,1,0,158226.52,0
7597,15607596,Hall,805,France,Female,20,0,113184.88,2,1,1,174752.54,0
7598,15607597,Clark,775,France,Female,51,7,54502.93,1,1,0,32266.51,1
7599,15607598,Anderson,412,Germany,Male,52,10,0.0,4,1,1,87798.27,0
7600,15607599,Hall,603,France,Male,35,0,89742.02,2,0,1,150031.04,0
7601,15607600,Walker,651,Spain,Female,46,8,0.0,1,1,1,16744.56,0
7602,15607601,Jackson,850,France,Male,35,0,0.0,3,1,1,118858.81,0
7603,15607602,Brown,632,Spain,Female,42,3,0.0,2,1,0,110030.9,0
7604,15607603,Brown,611,Germany,Male,47,9,145961.31,2,0,0,155426.44,1
7605,15607604,Young,627,France,Female,45,3,111990.13,1,1,0,190548.73,0
7606,15607605,Harris,639,Spain,Female,52,10,95764.44,2,1,1,97365.59,0
7607,15607606,Hall,671,France,Female,44,8,0.0,2,0,1,56386.63,0
7608,15607607,Smith,685,Spain,Male,39,0,145577.36,2,1,1,9540.27,1
7609,15607608,Johnson,631,France,Female,31,9,0.0,3,1,0,164183.29,1
7610,15607609,Anderson,829,France,Female,34,8,79815.19,4,1,1,35485.08,0
7611,15607610,King,653,France,Female,47,3,0.0,2,1,0,170733.91,1
7612,15607611,Anderson,762,France,Female,24,6,99733.25,1,1,1,123251.66,0
7613,15607612,Young,657,Germany,Male,50,8,0.0,2,1,0,34031.56,0
7614,15607613,Jackson,609,France,Female,36,10,39144.3,2,0,1,95796.69,1
7615,15607614,Clark,695,France,Male,31,6,0.0,1,1,0,127094.2,0
7616,15607615,Anderson,417,France,Female,28,1,91002.8,1,0,0,121704.78,0
7617,15607616,King,635,France,Female,46,5,66227.65,2,0,0,3851.94,0
7618,15607617,Hall,367,Spain,Male,39,5,119705.88,2,1,1,117711.36,0
7619,15607618,White,531,Germany,Male,55,2,181494.34,1,1,1,182040.84,0
7620,15607619,Lewis,573,France,Female,26,3,0.0,2,1,0,126280.31,0
7621,15607620,Thomas,648,Germany,Female,33,5,0.0,2,1,0,113691.7,1
7622,15607621,Moore,682,Spain,Male,38,10,0.0,2,0,0,151253.17,0
7623,15607622,Moore,488,France,Male,31,5,163688.24,1,1,0,104689.64,0
7624,15607623,Clark,602,Spain,Male,39,0,14839.17,2,1,0,148514.1,1
7625,15607624,Smith,616,Spain,Male,42,9,0.0,1,0,0,34757.1,0
7626,15607625,Smith,849,Spain,Male,44,7,0.0,2,1,0,184036.3,1
7627,15607626,Brown,643,Germany,Male,54,8,0.0,2,1,1,87001.16,0
7628,15607627,Walker,527,France,Male,26,1,94366.53,1,1,1,76525.88,0
7629,15607628,Moore,733,Germany,Male,42,3,0.0,2,1,1,148988.21,0
7630,15607629,Wilson,624,Germany,Male,33,10,0.0,1,1,0,117356.68,1
7631,15607630,Taylor,722,France,Male,43,5,0.0,1,1,0,48450.65,0
7632,15607631,Clark,748,Spain,Male,43,1,34727.48,1,1,0,54217.59,1
7633,15607632,Martin,567,France,Male,29,10,17833.63,2,1,0,127466.76,1
7634,15607633,Smith,610,Germany,Male,30,6,0.0,2,1,0,78145.88,0
7635,15607634,Young,613,Spain,Male,44,5,75749.89,2,0,1,82350.39,1
7636,15607635,Young,735,France,Male,39,7,0.0,1,1,0,135009.23,0
7637,15607636,Anderson,807,France,Female,37,6,0.0,1,1,1,123577.8,0
7638,15607637,Lewis,811,Spain,Female,46,9,49355.17,1,0,0,33741.73,0
7639,15607638,White,629,France,Male,46,0,171189.11,2,1,1,176261.96,0
7640,15607639,Harris,799,France,Male,34,9,65982.05,2,1,0,65669.89,0
7641,15607640,Anderson,686,France,Female,30,9,0.0,1,1,0,134008.54,1
7642,15607641,King,615,France,Male,26,4,0.0,2,1,0,184682.69,0
7643,15607642,King,574,France,Female,39,5,141001.4,1,1,0,87973.09,0
7644,15607643,Clark,696,France,Female,25,6,102172.25,2,1,0,98318.87,0
7645,15607644,Taylor,805,France,Male,40,3,153961.33,2,0,1,135015.42,0
7646,15607645,Brown,769,Spain,Male,51,8,0.0,1,1,0,65742.18,0
7647,15607646,Anderson,573,Spain,Female,35,0,115761.99,2,1,0,70680.08,1
7648,15607647,Lewis,684,France,Male,34,2,0.0,2,0,0,118282.42,0
7649,15607648,Thomas,567,France,Female,59,9,97733.99,2,0,1,62826.23,1
7650,15607649,Lewis,670,Spain,Male,54,1,143404.87,1,1,0,62627.6,1
7651,15607650,Young,695,France,Female,31,1,0.0,1,1,1,160262.87,0
7652,15607651,Thomas,680,France,Female,40,0,147620.83,1,0,0,6750.24,1
7653,15607652,Martin,746,France,Male,42,2,0.0,1,1,0,5159.75,0
7654,15607653,Martin,580,Germany,Male,41,9,0.0,1,0,1,58944.51,0
7655,15607654,Taylor,780,Germany,Female,57,4,53422.71,1,1,0,137977.5,1
7656,15607655,Martin,614,Germany,Male,40,5,0.0,1,1,1,61137.01,1
7657,15607656,Wilson,540,Spain,Female,41,7,0.0,2,1,1,125846.16,0
7658,15607657,Walker,747,Spain,Male,46,3,90085.45,2,0,1,57262.12,0
7659,15607658,Walker,694,France,Female,51,0,0.0,1,0,0,6142.05,0
7660,15607659,Anderson,744,Spain,Male,48,8,0.0,2,1,0,145470.28,0
7661,15607660,Walker,665,France,Male,44,2,0.0,1,1,0,108664.47,0
7662,15607661,Moore,438,Spain,Female,23,7,0.0,1,0,1,128850.5,0
7663,15607662,Martin,569,Germany,Male,34,3,92727.87,2,0,1,35466.02,0
7664,15607663,Brown,661,Spain,Male,47,10,0.0,2,1,1,123493.58,0
7665,15607664,White,644,France,Male,42,2,59967.03,2,0,1,161820.72,0
7666,15607665,White,825,France,Female,47,2,66705.91,2,1,0,28087.12,0
7667,15607666,Anderson,573,Spain,Male,58,3,0.0,1,1,0,56610.82,0
7668,15607667,Wilson,734,Spain,Male,27,3,123411.29,1,1,1,158349.75,0
7669,15607668,White,707,Germany,Male,50,6,0.0,2,1,1,128757.98,1
7670,15607669,White,417,France,Male,36,1,138096.65,1,1,1,37654.25,0
7671,15607670,Thomas,648,Germany,Female,48,7,0.0,2,1,0,54382.12,1
7672,15607671,Hall,661,Spain,Male,39,10,123031.13,1,1,0,181047.23,1
7673,15607672,Walker,777,Germany,Male,60,1,0.0,2,0,1,75573.91,0
7674,15607673,Young,483,Spain,Female,40,0,160254.69,2,0,0,18586.97,1
7675,15607674,Martin,725,Spain,Male,33,7,152947.47,2,1,0,132669.64,1
7676,15607675,Clark,688,Spain,Male,43,3,0.0,2,0,0,80323.98,0
7677,15607676,Young,778,Spain,Male,42,5,0.0,1,1,0,146284.14,0
7678,15607677,Johnson,589,Germany,Female,50,0,27916.27,2,0,1,22554.96,1
7679,15607678,Harris,725,France,Male,43,2,135577.45,2,0,0,61488.64,0
7680,15607679,Wilson,542,France,Female,64,6,90488.75,1,1,1,78550.84,1
7681,15607680,Wilson,850,Germany,Male,38,6,31657.8,2,0,0,114937.88,1
7682,15607681,Martin,609,Spain,Male,38,10,133116.78,1,0,1,37012.27,0
7683,15607682,Wilson,506,Spain,Male,33,7,80719.37,1,0,1,64381.15,0
7684,15607683,Moore,566,France,Female,40,1,237118.46,1,1,1,153172.16,0
7685,15607684,White,744,France,Male,41,6,0.0,1,0,0,37757.88,0
7686,15607685,Lewis,647,Germany,Male,42,3,0.0,2,0,0,76007.11,0
7687,15607686,Wright,748,Spain,Female,40,5,0.0,2,0,1,78312.38,0
7688,15607687,White,803,France,Male,33,3,0.0,2,1,1,41563.58,0
7689,15607688,Thomas,744,France,Male,30,8,0.0,1,1,0,174525.13,0
7690,15607689,Young,741,Germany,Male,35,0,121008.25,1,0,1,102983.7,0
7691,15607690,Moore,553,France,Female,50,0,0.0,2,1,1,77218.4,1
7692,15607691,Thomas,576,Germany,Female,53,4,135573.03,1,1,1,155613.91,1
7693,15607692,Allen,535,France,Male,38,4,0.0,2,1,0,7359.24,1
7694,15607693,Thomas,653,Spain,Female,30,10,34443.09,1,0,0,199642.81,0
7695,15607694,Martin,837,Germany,Female,38,7,0.0,2,0,0,192192.22,0
7696,15607695,Moore,626,Spain,Male,60,6,129270.21,1,1,0,17531.32,0
7697,15607696,Allen,820,France,Female,49,10,0.0,1,1,1,177629.8,0
7698,15607697,King,495,Spain,Male,45,2,153305.83,1,0,1,62143.58,0
7699,15607698,Wilson,606,France,Male,49,7,78911.92,2,0,0,20914.47,1
7700,15607699,Moore,560,France,Male,54,3,0.0,2,1,1,114039.93,0
7701,15607700,Brown,693,Germany,Male,27,2,66593.63,1,0,0,173704.7,0
7702,15607701,Walker,685,Germany,Female,35,1,0.0,1,1,1,31943.14,0
7703,15607702,Smith,489,Spain,Female,34,8,0.0,2,1,1,194039.53,1
7704,15607703,Anderson,569,France,Male,45,6,108030.83,2,0,1,58276.48,0
7705,15607704,Moore,762,France,Female,41,4,0.0,1,0,1,113908.8,0
7706,15607705,Allen,744,France,Male,47,8,0.0,2,1,1,133062.3,0
7707,15607706,Clark,569,Spain,Male,34,2,0.0,2,1,0,70148.95,1
7708,15607707,Allen,578,Germany,Female,53,5,0.0,2,0,1,175587.8,0
7709,15607708,Thomas,638,Spain,Male,38,7,8636.63,2,1,1,198483.21,0
7710,15607709,Thomas,565,Germany,Female,46,8,132741.39,1,1,0,81685.63,1
7711,15607710,Wilson,689,France,Female,51,3,524.78,2,0,1,29038.37,1
7712,15607711,Lewis,630,France,Male,50,0,46659.72,3,1,0,176908.17,0
7713,15607712,Lewis,744,France,Male,43,7,0.0,2,1,1,105193.5,0
7714,15607713,Allen,626,France,Male,47,9,0.0,1,1,0,148033.49,0
7715,15607714,Moore,736,France,Female,56,2,118706.43,1,1,0,71650.66,1
7716,15607715,Young,600,Germany,Female,44,5,112705.26,2,1,0,22674.57,1
7717,15607716,Harris,602,France,Female,32,3,70880.91,1,1,1,171856.81,0
7718,15607717,Martin,645,Germany,Female,45,5,0.0,2,1,1,96618.54,0
7719,15607718,Anderson,500,France,Female,39,2,133972.74,1,1,1,21822.53,1
7720,15607719,Johnson,643,Germany,Male,18,6,54008.6,1,1,1,37480.4,0
7721,15607720,Young,756,Spain,Male,44,1,0.0,2,1,0,148307.73,0
7722,15607721,Clark,539,Germany,Female,40,4,0.0,2,0,1,175164.98,0
7723,15607722,White,747,France,Female,51,2,0.0,1,0,1,55443.29,0
7724,15607723,King,657,Spain,Male,31,4,80750.6,2,0,0,56085.55,0
7725,15607724,Harris,667,Germany,Male,24,2,0.0,1,0,1,20348.25,0
7726,15607725,Clark,689,France,Male,41,8,52819.16,1,1,0,83779.79,0
7727,15607726,Anderson,621,France,Female,43,7,124876.9,1,1,0,178284.1,1
7728,15607727,King,684,France,Female,40,1,118758.92,1,1,0,32876.87,1
7729,15607728,Hall,627,Germany,Male,39,7,89832.35,1,1,0,155833.83,0
7730,15607729,Allen,593,Spain,Male,28,7,0.0,1,0,0,43787.67,0
7731,15607730,Moore,764,Spain,Male,38,9,0.0,1,0,0,40531.49,0
7732,15607731,Johnson,529,France,Male,36,2,191765.5,1,1,0,2999.78,0
7733,15607732,White,602,France,Female,50,9,62984.48,1,1,1,133948.94,0
7734,15607733,Thomas,730,Germany,Male,43,4,0.0,1,1,0,77382.15,0
7735,15607734,Hall,561,France,Male,36,1,137401.66,1,1,1,194749.37,0
7736,15607735,Young,633,Spain,Female,56,9,98592.1,2,1,1,10343.15,0
7737,15607736,Martin,517,Germany,Male,36,5,154247.14,1,0,0,13197.69,0
7738,15607737,Jackson,609,France,Male,45,1,0.0,1,1,0,56898.31,0
7739,15607738,Wilson,510,Spain,Female,37,3,0.0,2,1,0,107559.49,0
7740,15607739,Anderson,580,France,Female,55,2,74687.54,2,0,1,149688.31,0
7741,15607740,King,666,Spain,Female,40,0,0.0,1,1,0,60611.31,0
7742,15607741,Jackson,644,France,Female,40,7,0.0,1,0,0,66716.25,0
7743,15607742,Wilson,756,Spain,Male,38,7,22766.2,1,0,1,143871.19,0
7744,15607743,Moore,720,France,Male,41,0,17876.9,1,0,0,73963.07,0
7745,15607744,White,615,France,Female,51,5,85535.57,1,1,1,130515.07,0
7746,15607745,Thomas,742,Spain,Female,47,0,116611.4,1,1,0,62846.44,0
7747,15607746,Martin,636,France,Male,39,8,0.0,2,1,1,198328.56,0
7748,15607747,Anderson,584,Spain,Female,56,0,210842.36,1,0,1,183327.93,0
7749,15607748,Smith,530,France,Female,48,2,104274.0,1,1,1,117335.91,0
7750,15607749,King,792,Spain,Female,35,8,0.0,2,1,1,192184.64,1
7751,15607750,Wilson,774,France,Male,25,0,0.0,2,0,1,112361.59,0
7752,15607751,Jackson,630,Spain,Female,35,1,0.0,1,1,0,170229.99,0
7753,15607752,Walker,642,France,Male,43,3,34961.1,1,0,1,190524.28,0
7754,15607753,Anderson,627,France,Female,45,6,0.0,1,1,1,195167.74,1
7755,15607754,Jackson,465,France,Female,53,7,32709.59,1,1,0,194375.88,0
7756,15607755,King,639,Spain,Female,28,0,0.0,1,1,1,174603.93,0
7757,15607756,Allen,442,France,Male,35,0,26211.62,1,0,0,78992.62,0
7758,15607757,White,535,Germany,Male,27,4,99725.51,2,0,0,198417.08,0
7759,15607758,Clark,649,Germany,Female,26,7,113226.41,2,0,0,155908.17,0
7760,15607759,Johnson,729,France,Female,33,0,89760.27,1,1,0,170256.63,0
7761,15607760,Martin,488,Spain,Male,43,2,0.0,1,1,0,159898.88,0
7762,15607761,King,634,France,Male,47,5,94056.13,1,1,0,114593.15,0
7763,15607762,Hall,643,France,Female,30,0,0.0,1,1,1,108243.31,1
7764,15607763,Thomas,634,Spain,Male,31,2,0.0,2,1,0,82808.26,0
7765,15607764,Johnson,682,Spain,Female,21,0,0.0,2,1,0,25068.54,1
7766,15607765,Johnson,725,Spain,Female,41,3,0.0,2,1,0,125885.25,0
7767,15607766,Jackson,654,France,Female,32,8,156556.31,2,1,0,64303.73,0
7768,15607767,King,799,France,Male,56,4,12370.8,1,1,1,38397.76,0
7769,15607768,Young,629,France,Female,43,2,0.0,2,0,0,52372.76,1
7770,15607769,Taylor,551,Spain,Male,37,9,35526.22,2,0,1,77444.67,0
7771,15607770,Thomas,826,Spain,Male,33,6,108444.36,1,0,1,1575.68,0
7772,15607771,Johnson,850,Spain,Male,24,5,145395.04,2,1,1,69844.04,0
7773,15607772,Jackson,708,France,Female,25,10,129769.17,2,0,0,127472.4,0
7774,15607773,Lewis,429,France,Female,33,8,36734.54,2,1,0,40083.83,0
7775,15607774,Smith,676,France,Male,32,3,0.0,1,0,0,42512.59,1
7776,15607775,Young,583,France,Male,29,3,10405.83,2,1,0,31437.64,0
7777,15607776,Jackson,794,France,Male,43,8,0.0,1,1,1,47718.66,0
7778,15607777,Jackson,649,Germany,Female,44,1,132337.5,1,1,1,5281.45,0
7779,15607778,Anderson,584,Germany,Female,34,9,153082.65,1,1,1,195693.68,0
7780,15607779,Martin,683,Spain,Male,58,1,0.0,1,1,1,13714.65,0
7781,15607780,Martin,775,France,Female,22,8,0.0,1,0,1,145652.62,0
7782,15607781,Taylor,571,France,Male,40,6,35393.65,4,1,0,53966.5,0
7783,15607782,Moore,725,Germany,Female,37,4,0.0,1,0,0,99424.35,0
7784,15607783,Brown,467,France,Female,33,4,0.0,1,1,1,66405.22,0
7785,15607784,Lewis,642,Germany,Female,32,8,80723.12,1,1,1,194130.56,0
7786,15607785,Anderson,516,France,Female,39,9,60910.94,1,0,0,71741.59,0
7787,15607786,Walker,568,France,Female,37,4,108399.87,2,1,0,89563.16,0
7788,15607787,Wright,766,Germany,Male,35,8,83128.8,1,1,1,197736.74,0
7789,15607788,Brown,616,France,Female,26,7,0.0,2,0,1,19841.66,0
7790,15607789,Clark,579,Spain,Female,23,5,66563.29,2,0,1,59137.05,0
7791,15607790,Anderson,764,Spain,Male,36,4,0.0,1,0,1,77090.7,0
7792,15607791,Johnson,706,France,Male,35,4,0.0,1,0,1,89947.77,0
7793,15607792,Harris,468,France,Female,37,4,0.0,2,0,1,191471.41,0
7794,15607793,Wilson,643,Spain,Male,38,0,75723.84,1,0,0,76364.06,0
7795,15607794,Allen,656,Spain,Male,34,10,77193.24,1,1,1,56316.1,0
7796,15607795,Moore,726,France,Female,37,4,0.0,2,1,0,62861.73,1
7797,15607796,Walker,622,Germany,Female,30,2,115333.08,2,1,1,25271.01,0
7798,15607797,Thomas,838,France,Male,54,5,0.0,1,1,0,28157.05,0
7799,15607798,White,678,France,Female,31,8,14220.69,1,1,1,48426.4,0
7800,15607799,Taylor,497,France,Male,35,2,176633.96,2,1,0,34420.32,0
7801,15607800,Walker,614,France,Male,32,0,0.0,1,0,1,67544.03,0
7802,15607801,Moore,755,France,Male,32,7,50998.07,1,1,0,28041.48,0
7803,15607802,Thomas,621,Germany,Female,39,8,150788.96,1,1,0,113127.27,1
7804,15607803,Walker,661,France,Female,38,9,117705.06,2,0,0,190129.82,0
7805,15607804,Wright,647,France,Male,34,3,109992.07,1,1,0,99624.93,0
7806,15607805,White,414,France,Male,36,9,0.0,1,1,0,89307.89,0
7807,15607806,King,611,Spain,Female,32,4,149773.53,1,1,0,37159.41,0
7808,15607807,Hall,606,Germany,Male,43,2,9022.99,1,0,0,44484.03,1
7809,15607808,Smith,810,France,Female,60,7,38377.47,1,1,0,124389.0,0
7810,15607809,Smith,779,France,Female,30,2,0.0,2,1,1,23571.68,0
7811,15607810,Smith,535,France,Male,43,3,32018.21,1,1,1,35405.0,0
7812,15607811,Anderson,506,France,Female,39,9,8788.17,1,0,0,117086.99,1
7813,15607812,Jackson,719,France,Female,46,6,100918.17,1,1,1,147029.05,1
7814,15607813,White,651,France,Female,46,1,49644.81,2,1,1,188375.38,0
7815,15607814,Jackson,667,France,Male,41,0,0.0,1,1,0,35378.49,0
7816,15607815,Smith,537,Spain,Female,39,3,66173.53,1,1,0,143536.19,0
7817,15607816,Allen,644,France,Male,35,7,0.0,1,1,1,48639.01,1
7818,15607817,Anderson,583,Germany,Male,31,0,15827.98,1,1,1,32068.01,1
7819,15607818,Lewis,540,Germany,Male,38,9,0.0,2,1,0,164196.68,0
7820,15607819,Thomas,616,Spain,Female,26,2,0.0,1,1,0,59606.47,0
7821,15607820,King,632,France,Male,33,3,86631.91,1,0,0,66345.48,0
7822,15607821,Smith,531,France,Female,50,3,26386.06,3,1,1,79175.58,1
7823,15607822,White,613,France,Male,40,2,103197.4,2,1,1,9223.65,0
7824,15607823,Jackson,582,Spain,Female,48,2,0.0,2,1,0,175515.43,1
7825,15607824,Lewis,631,France,Female,54,6,70963.41,1,1,0,194222.07,0
7826,15607825,Martin,610,Germany,Male,37,7,106702.71,1,1,1,41083.38,0
7827,15607826,Taylor,812,Germany,Female,41,9,0.0,2,0,0,15197.12,1
7828,15607827,Walker,672,France,Female,36,3,0.0,2,1,1,98011.96,0
7829,15607828,Lewis,603,Spain,Female,31,10,64446.74,1,1,0,131684.89,1
7830,15607829,Taylor,746,France,Male,29,10,0.0,1,0,1,98680.93,0
7831,15607830,Clark,447,France,Female,47,7,97770.08,1,0,1,130517.31,0
7832,15607831,Lewis,704,France,Female,41,7,35175.34,1,1,1,190225.82,0
7833,15607832,Anderson,670,France,Female,57,5,95216.4,2,1,0,66297.61,0
7834,15607833,Moore,679,Germany,Male,49,0,0.0,1,1,0,177661.16,0
7835,15607834,Anderson,599,France,Female,32,6,28705.7,1,1,0,108931.09,0
7836,15607835,King,731,France,Female,47,6,111669.24,1,1,0,142624.52,0
7837,15607836,Moore,684,Spain,Female,36,4,122846.55,2,0,0,166429.76,0
7838,15607837,Wright,734,Spain,Female,51,5,117471.89,2,1,1,53279.42,0
7839,15607838,Allen,565,France,Male,34,8,87348.34,2,1,1,71049.41,0
7840,15607839,White,758,Germany,Male,28,2,97517.21,1,0,0,8022.27,1
7841,15607840,Smith,599,Spain,Male,31,3,97374.72,1,0,1,155847.93,0
7842,15607841,Clark,507,France,Female,32,8,133152.94,2,1,0,14169.45,0
7843,15607842,Taylor,828,France,Male,31,9,168466.87,1,1,0,84068.93,0
7844,15607843,Taylor,730,France,Female,33,1,0.0,2,1,1,163742.75,1
7845,15607844,Young,836,Germany,Male,48,8,0.0,1,1,1,20638.73,1
7846,15607845,Brown,648,Spain,Female,57,4,0.0,1,1,0,198682.75,1
7847,15607846,Brown,746,Germany,Male,26,2,182263.64,1,0,0,112899.79,0
7848,15607847,Jackson,770,France,Female,52,7,0.0,2,1,1,25008.41,0
7849,15607848,Young,616,France,Female,34,8,49257.8,1,0,1,2858.58,0
7850,15607849,Clark,494,France,Male,42,0,193357.65,2,1,1,67270.72,0
7851,15607850,Moore,690,France,Male,22,4,0.0,1,1,0,44116.97,0
7852,15607851,Smith,678,Spain,Male,44,8,0.0,1,1,1,92713.58,0
7853,15607852,Smith,682,Germany,Male,19,10,0.0,2,0,0,93225.87,0
7854,15607853,Taylor,650,France,Male,42,1,0.0,2,0,1,31186.19,0
7855,15607854,Anderson,600,France,Female,42,0,128640.69,1,1,1,131787.71,0
7856,15607855,Taylor,591,France,Male,41,7,0.0,1,0,0,82492.02,0
7857,15607856,Johnson,717,France,Male,32,5,0.0,2,1,0,126586.24,0
7858,15607857,Allen,350,France,Male,44,1,0.0,1,1,1,172744.03,1
7859,15607858,Clark,485,France,Female,43,2,0.0,2,0,1,33892.28,0
7860,15607859,Clark,471,France,Male,37,4,0.0,1,1,0,86605.95,1
7861,15607860,White,455,France,Male,46,0,0.0,1,0,0,168269.85,0
7862,15607861,Wright,636,France,Female,38,1,0.0,2,1,0,144455.44,1
7863,15607862,Thomas,704,France,Female,44,10,14613.77,1,1,1,61085.27,0
7864,15607863,Johnson,701,Spain,Female,38,0,103389.46,1,0,0,151254.94,1
7865,15607864,White,532,France,Male,41,10,54522.94,1,1,0,76401.97,0
7866,15607865,Moore,484,Germany,Female,45,6,111954.14,1,1,0,194273.1,1
7867,15607866,Clark,666,France,Female,35,6,42572.86,3,0,1,50973.09,1
7868,15607867,Martin,700,France,Female,27,9,130230.06,3,0,0,35644.32,1
7869,15607868,Hall,706,France,Male,42,4,0.0,1,1,0,175729.11,0
7870,15607869,Johnson,512,France,Female,51,9,83771.66,1,0,1,99362.5,1
7871,15607870,Harris,730,Germany,Female,42,5,0.0,1,0,1,148823.47,1
7872,15607871,Martin,668,France,Male,42,2,0.0,2,1,0,190035.9,1
7873,15607872,Wilson,553,Germany,Male,39,10,0.0,1,1,1,39466.9,0
7874,15607873,Walker,589,Germany,Female,46,1,0.0,1,1,0,20039.05,0
7875,15607874,Clark,564,Spain,Male,37,9,63899.41,2,1,1,43310.62,0
7876,15607875,Anderson,571,Spain,Male,34,8,143839.12,2,0,1,22959.49,1
7877,15607876,Martin,756,Spain,Female,50,1,0.0,1,1,0,192400.73,1
7878,15607877,Johnson,701,France,Female,34,0,131582.81,2,1,1,142687.8,0
7879,15607878,Clark,542,Spain,Male,48,8,0.0,2,1,1,131168.15,0
7880,15607879,Martin,606,France,Female,50,7,50140.87,1,1,0,190322.19,1
7881,15607880,King,708,France,Female,45,7,0.0,1,1,1,195688.99,0
7882,15607881,King,453,France,Male,27,6,0.0,2,1,1,182602.46,1
7883,15607882,Harris,708,Spain,Male,39,8,33006.75,4,1,1,131954.38,1
7884,15607883,Young,842,Germany,Male,37,10,65769.54,1,1,1,99351.72,0
7885,15607884,Wright,681,France,Female,34,2,0.0,1,1,1,8794.94,1
7886,15607885,Brown,632,Germany,Male,40,7,106495.08,2,1,1,175394.6,0
7887,15607886,Lewis,503,France,Female,47,0,82181.89,1,1,1,20034.7,1
7888,15607887,Hall,427,France,Male,34,0,44606.11,1,1,0,17236.11,0
7889,15607888,White,601,France,Male,37,10,147930.06,2,1,1,131238.71,0
7890,15607889,Lewis,698,France,Male,37,5,122592.09,1,1,1,166275.85,0
7891,15607890,Wright,634,France,Female,51,7,98500.61,2,1,0,137102.92,0
7892,15607891,Taylor,769,Spain,Male,36,7,0.0,2,1,0,73005.4,0
7893,15607892,Moore,686,Germany,Male,27,9,0.0,2,1,1,165888.39,0
7894,15607893,White,573,France,Male,23,0,0.0,2,1,1,1092.79,0
7895,15607894,Thomas,772,France,Female,43,10,128212.35,1,1,0,32942.77,0
7896,15607895,Lewis,707,Germany,Male,31,0,0.0,1,0,1,100210.93,0
7897,15607896,Allen,497,Spain,Female,46,8,151888.76,1,1,1,175599.6,0
7898,15607897,Harris,554,France,Male,26,8,144376.91,4,1,0,20763.51,0
7899,15607898,Hall,602,France,Male,34,6,172533.75,1,1,0,100457.33,0
7900,15607899,Anderson,821,Germany,Female,26,0,0.0,1,0,1,41168.49,0
7901,15607900,Martin,722,Spain,Female,43,9,51755.05,2,0,0,43200.95,1
7902,15607901,Lewis,550,France,Female,45,1,0.0,1,1,0,168305.08,1
7903,15607902,Anderson,850,France,Male,42,7,25724.06,2,0,1,33588.58,0
7904,15607903,Johnson,726,Germany,Female,28,7,0.0,2,1,0,13628.35,0
7905,15607904,Harris,535,France,Male,32,10,9800.53,2,1,0,17113.93,0
7906,15607905,Taylor,621,Germany,Male,41,4,116074.6,2,0,0,70042.33,0
7907,15607906,Thomas,600,France,Female,22,1,48981.18,1,1,1,108240.53,0
7908,15607907,Anderson,568,Germany,Female,37,2,4418.53,2,0,1,2305.47,0
7909,15607908,Thomas,776,France,Male,54,4,200373.52,1,0,0,198749.76,0
7910,15607909,Smith,638,France,Male,37,2,98432.56,2,1,0,187791.44,1
7911,15607910,Moore,740,Germany,Female,24,9,8354.84,1,1,0,93068.87,1
7912,15607911,Hall,638,France,Female,33,0,0.0,1,0,1,29266.25,0
7913,15607912,Walker,615,Spain,Male,33,5,87838.54,2,1,0,32275.54,1
7914,15607913,Thomas,592,France,Male,60,4,0.0,2,1,1,77937.28,0
7915,15607914,Brown,652,France,Female,56,2,43341.93,1,1,1,182524.18,0
7916,15607915,Taylor,574,France,Female,46,8,0.0,2,0,1,82553.77,1
7917,15607916,White,647,Spain,Female,36,9,120263.16,2,1,1,77469.83,0
7918,15607917,Young,595,France,Male,51,7,115573.4,2,1,0,183615.45,0
7919,15607918,King,520,France,Female,28,6,13243.77,2,0,0,198744.43,0
7920,15607919,Wilson,615,France,Male,50,10,0.0,2,1,1,76777.76,0
7921,15607920,Allen,478,Spain,Female,48,1,21596.18,2,0,1,192507.39,0
7922,15607921,Young,782,Spain,Male,37,9,154065.22,1,1,0,25955.29,0
7923,15607922,Moore,699,France,Male,50,4,58063.14,2,1,1,39955.92,0
7924,15607923,King,605,France,Male,35,4,54587.65,1,1,0,86954.42,0
7925,15607924,Harris,478,Germany,Female,26,5,106235.37,1,0,1,76517.49,1
7926,15607925,Smith,651,France,Male,49,5,0.0,2,0,0,45991.83,1
7927,15607926,Taylor,672,Germany,Female,38,2,87392.88,1,1,1,95161.24,0
7928,15607927,Taylor,691,Germany,Female,45,10,0.0,2,0,0,146778.39,1
7929,15607928,Smith,575,Germany,Female,57,3,44208.59,2,1,1,31363.79,1
7930,15607929,Young,670,France,Male,32,0,20291.06,1,1,1,72771.66,0
7931,15607930,Johnson,835,Germany,Male,38,10,151292.59,1,1,0,6144.41,0
7932,15607931,Lewis,600,Germany,Male,55,0,85674.81,2,1,1,191033.14,1
7933,15607932,Thomas,750,Spain,Male,46,4,0.0,2,1,1,152175.59,0
7934,15607933,Jackson,649,France,Female,32,3,54648.24,1,1,1,65168.28,0
7935,15607934,Taylor,636,France,Male,29,6,130145.2,2,0,0,34788.81,0
7936,15607935,Lewis,663,France,Male,34,6,148936.27,1,1,0,106093.83,0
7937,15607936,White,598,Spain,Male,32,3,71191.68,1,1,1,44883.78,0
7938,15607937,Lewis,664,Spain,Male,41,9,7516.02,1,1,0,108527.32,1
7939,15607938,Allen,744,France,Male,40,1,114600.44,2,0,1,81414.21,0
7940,15607939,Walker,738,France,Male,42,9,0.0,4,1,0,111102.86,1
7941,15607940,Wilson,761,France,Male,31,3,0.0,2,1,0,107505.68,0
7942,15607941,Thomas,590,Spain,Female,38,7,87824.99,3,1,1,1073.66,1
7943,15607942,Moore,656,Germany,Male,18,1,0.0,1,1,0,140124.67,0
7944,15607943,Wilson,850,France,Male,40,4,214258.57,2,1,1,117491.84,0
7945,15607944,Johnson,556,France,Female,51,6,102894.48,2,1,0,121013.99,1
7946,15607945,Walker,639,France,Female,25,9,0.0,2,1,0,54537.46,0
7947,15607946,Martin,532,Spain,Female,44,5,0.0,1,0,0,190737.09,0
7948,15607947,White,661,Spain,Male,33,8,0.0,2,1,1,74761.95,0
7949,15607948,Young,751,Germany,Female,47,1,105408.14,1,0,1,48829.31,1
7950,15607949,Walker,816,France,Female,41,3,81512.43,1,1,1,6420.84,0
7951,15607950,Wright,553,Germany,Male,43,6,34487.46,2,1,0,119071.14,1
7952,15607951,Taylor,570,France,Male,40,7,174456.43,1,1,0,166844.68,0
7953,15607952,Taylor,803,Spain,Female,52,4,63399.96,2,0,1,38335.21,0
7954,15607953,Taylor,356,France,Female,42,4,0.0,2,1,0,136281.57,0
7955,15607954,Smith,588,Germany,Male,32,3,0.0,2,0,1,865.06,0
7956,15607955,Lewis,744,Spain,Male,40,8,42626.71,1,0,1,118982.09,0
7957,15607956,White,485,Spain,Female,35,9,0.0,1,0,0,14147.8,1
7958,15607957,Martin,548,Germany,Male,41,3,96818.05,2,0,1,179373.9,0
7959,15607958,Walker,772,France,Female,35,2,0.0,2,1,0,57152.09,0
7960,15607959,Thomas,457,France,Male,32,8,158387.68,2,1,0,98050.77,0
7961,15607960,Lewis,453,Germany,Female,41,6,93064.52,2,1,0,78277.05,1
7962,15607961,Johnson,731,France,Female,40,8,0.0,1,1,0,115724.99,1
7963,15607962,Smith,807,France,Female,50,3,126833.29,3,1,1,62726.7,0
7964,15607963,Taylor,789,France,Female,35,2,118475.23,2,1,0,185040.76,1
7965,15607964,White,399,Spain,Male,19,9,0.0,2,0,1,65042.85,0
7966,15607965,Anderson,792,France,Male,35,7,0.0,1,1,0,104683.8,0
7967,15607966,Smith,658,France,Male,23,3,114184.44,2,1,1,80239.5,0
7968,15607967,Allen,572,France,Female,43,9,140913.93,2,1,0,46143.33,0
7969,15607968,Jackson,559,France,Female,22,2,0.0,1,1,1,198097.14,1
7970,15607969,Martin,718,Germany,Female,29,3,0.0,1,1,0,134867.07,0
7971,15607970,King,692,Germany,Female,35,1,86921.6,2,0,0,102440.65,1
7972,15607971,Lewis,786,Spain,Male,54,10,0.0,1,0,0,129630.08,0
7973,15607972,Hall,589,France,Female,28,3,0.0,2,0,1,101932.78,0
7974,15607973,Walker,603,Germany,Male,39,6,0.0,2,1,1,151242.33,0
7975,15607974,White,728,Spain,Male,45,2,75237.83,1,1,0,43049.86,1
7976,15607975,Wright,573,France,Female,54,0,89708.64,2,1,1,197578.3,1
7977,15607976,Brown,730,Germany,Male,47,9,69376.72,1,0,1,59130.31,0
7978,15607977,Johnson,542,Germany,Female,50,7,0.0,1,1,0,79969.02,1
7979,15607978,Lewis,848,Spain,Female,48,5,67051.58,1,1,0,193857.34,1
7980,15607979,Brown,843,Spain,Male,27,2,0.0,1,1,0,51158.6,0
7981,15607980,Wright,579,France,Male,43,7,51165.09,1,1,0,33831.6,0
7982,15607981,Smith,656,France,Female,47,5,22918.32,2,1,1,125055.93,1
7983,15607982,Moore,662,Spain,Male,29,0,0.0,1,1,0,192961.23,1
7984,15607983,Wilson,637,France,Female,33,8,184253.51,1,1,1,198517.59,0
7985,15607984,Lewis,553,France,Male,31,10,119671.61,1,0,0,47686.84,0
7986,15607985,Thomas,660,Germany,Male,47,8,56056.75,4,0,1,60506.58,0
7987,15607986,Allen,506,Germany,Male,38,8,45935.11,2,0,1,157508.6,0
7988,15607987,Moore,799,France,Male,36,5,84038.76,1,1,0,30921.45,0
7989,15607988,Martin,805,Germany,Male,26,5,37615.13,2,0,1,65100.84,0
7990,15607989,Clark,781,Germany,Female,38,3,169167.85,2,1,0,110676.59,0
7991,15607990,Wilson,788,Spain,Female,33,7,102355.51,1,1,0,48397.13,0
7992,15607991,Wright,722,France,Male,41,8,0.0,1,0,0,5098.21,1
7993,15607992,Jackson,562,France,Female,28,6,0.0,1,1,0,3892.38,0
7994,15607993,Allen,523,France,Male,41,6,0.0,1,1,1,194293.15,1
7995,15607994,Lewis,546,France,Male,35,1,0.0,2,1,0,97080.05,0
7996,15607995,Harris,694,France,Male,27,1,0.0,1,1,1,194409.84,0
7997,15607996,Wilson,520,France,Male,26,9,0.0,2,0,1,75845.75,0
7998,15607997,Wilson,667,France,Male,27,10,60088.16,2,1,0,163801.57,0
7999,15607998,Moore,704,Germany,Male,37,1,0.0,2,0,0,27973.86,0
8000,15607999,Hall,632,France,Male,40,3,0.0,2,1,0,11059.39,0
8001,15608000,Martin,654,Spain,Male,42,8,210103.13,1,1,0,70221.86,1
8002,15608001,King,850,Spain,Female,42,4,31547.68,1,1,1,8078.44,1
8003,15608002,Thomas,647,France,Male,31,1,0.0,1,0,1,97312.99,0
8004,15608003,Wilson,689,Germany,Male,50,3,52030.99,1,1,0,127779.68,0
8005,15608004,Lewis,764,Spain,Male,35,6,0.0,2,0,1,23526.51,0
8006,15608005,Moore,738,France,Female,44,4,35863.53,2,1,0,84585.01,0
8007,15608006,Hall,731,Germany,Female,37,10,139486.15,1,1,0,182218.16,0
8008,15608007,Martin,677,France,Male,43,7,74294.97,1,1,1,113159.19,0
8009,15608008,Jackson,677,Spain,Male,37,0,52496.27,1,1,1,99011.89,1
8010,15608009,Brown,473,France,Female,43,4,0.0,2,1,1,128851.41,1
8011,15608010,Allen,818,Germany,Male,39,3,0.0,2,1,0,177320.73,1
8012,15608011,King,593,France,Male,47,2,139187.11,2,1,1,160896.84,0
8013,15608012,Harris,735,Spain,Male,31,6,155470.42,1,1,1,50754.94,0
8014,15608013,Lewis,627,France,Male,21,9,0.0,2,0,0,6762.78,0
8015,15608014,Clark,850,Spain,Female,29,10,12063.7,2,0,0,59292.29,0
8016,15608015,Hall,570,Germany,Male,50,0,112249.88,2,0,0,180183.29,0
8017,15608016,Jackson,850,France,Male,37,5,23787.24,1,1,0,88163.25,1
8018,15608017,Anderson,638,Spain,Male,40,7,155287.64,2,0,0,149904.38,1
8019,15608018,Lewis,721,France,Female,28,1,126510.97,1,1,0,154934.88,0
8020,15608019,Clark,652,Germany,Female,40,5,0.0,2,1,1,123584.52,0
8021,15608020,White,804,France,Male,29,10,14129.27,1,1,0,37490.03,1
8022,15608021,King,663,Germany,Female,30,0,0.0,2,0,0,103707.48,0
8023,15608022,Harris,681,Germany,Male,35,5,86732.01,1,1,1,94352.83,1
8024,15608023,Wilson,660,France,Male,43,5,117282.19,1,1,1,127987.94,0
8025,15608024,Harris,705,France,Male,45,4,0.0,1,0,1,167443.69,1
8026,15608025,Jackson,560,France,Male,45,6,2982.31,2,1,1,6547.74,0
8027,15608026,Thomas,436,Germany,Male,23,4,47828.02,1,0,0,65227.66,0
8028,15608027,Wright,695,France,Male,39,7,257686.42,1,0,0,150353.61,0
8029,15608028,Johnson,850,Spain,Male,37,1,0.0,2,0,0,164599.5,0
8030,15608029,Taylor,610,Germany,Male,24,5,46078.15,1,1,0,36074.72,0
8031,15608030,Thomas,724,France,Male,39,4,56822.67,2,1,1,71031.33,1
8032,15608031,Hall,506,Spain,Male,36,9,0.0,2,1,1,100154.45,0
8033,15608032,White,596,France,Male,44,1,95207.21,1,1,0,116217.36,0
8034,15608033,White,655,France,Female,40,10,0.0,1,1,0,79093.61,0
8035,15608034,Young,647,Germany,Male,34,6,51463.45,1,1,1,142571.5,1
8036,15608035,Hall,758,France,Male,48,3,45691.53,2,1,1,90770.56,0
8037,15608036,Brown,474,France,Male,18,5,0.0,2,1,1,66394.42,0
8038,15608037,Martin,634,Germany,Male,38,4,76565.85,3,1,1,84929.11,0
8039,15608038,Johnson,589,France,Male,21,3,92647.37,2,0,1,33881.98,0
8040,15608039,Hall,562,Germany,Male,30,1,0.0,1,1,1,28918.83,1
8041,15608040,Young,579,Germany,Male,44,6,0.0,1,1,0,124564.23,0
8042,15608041,Taylor,676,France,Male,26,4,0.0,1,1,1,82107.97,0
8043,15608042,Moore,664,France,Female,25,2,65571.44,2,0,1,188353.24,0
8044,15608043,Taylor,631,Spain,Female,63,5,184923.24,1,0,1,67869.05,0
8045,15608044,Allen,519,France,Male,25,7,100361.97,2,1,0,128532.3,0
8046,15608045,Clark,624,France,Male,56,10,105015.07,2,1,1,140026.41,0
8047,15608046,Young,759,Spain,Male,37,9,24211.38,1,0,1,157687.94,0
8048,15608047,Hall,491,France,Female,34,9,37884.4,1,0,1,73161.84,0
8049,15608048,Jackson,581,Germany,Female,45,1,24337.12,1,1,0,97032.78,0
8050,15608049,Thomas,539,France,Male,52,10,78006.68,1,1,1,156476.41,1
8051,15608050,Moore,543,France,Female,28,9,0.0,2,1,0,173765.97,1
8052,15608051,Wilson,626,France,Male,34,3,0.0,1,0,0,56974.89,0
8053,15608052,Young,588,Germany,Male,47,2,143612.48,2,1,0,48435.75,1
8054,15608053,Young,567,Spain,Male,42,6,0.0,1,0,0,68024.31,0
8055,15608054,Taylor,652,Germany,Female,50,9,0.0,2,1,0,118086.76,1
8056,15608055,Anderson,498,France,Male,44,7,48486.77,2,1,1,166501.3,0
8057,15608056,Johnson,844,France,Male,57,7,68190.5,1,1,0,128847.58,0
8058,15608057,King,595,France,Female,41,3,0.0,1,1,0,40455.92,0
8059,15608058,Martin,614,France,Female,41,9,62632.72,1,0,1,10364.33,0
8060,15608059,Lewis,617,Spain,Female,42,1,34913.03,3,1,1,111235.6,1
8061,15608060,Martin,556,Spain,Female,38,5,0.0,1,1,1,152520.9,0
8062,15608061,Taylor,771,France,Male,47,2,0.0,1,0,1,101069.64,0
8063,15608062,King,675,Germany,Male,41,7,0.0,2,0,1,73310.27,1
8064,15608063,White,407,France,Male,47,2,0.0,1,1,0,39572.54,1
8065,15608064,Allen,530,Germany,Male,48,1,124002.64,2,1,1,114911.33,0
8066,15608065,Moore,587,France,Male,43,8,0.0,1,0,1,122318.56,1
8067,15608066,Clark,711,France,Female,44,8,0.0,1,1,1,166894.16,1
8068,15608067,Brown,766,France,Male,29,8,0.0,1,1,0,147859.07,0
8069,15608068,Clark,637,France,Male,33,2,59433.53,1,1,0,103085.33,0
8070,15608069,Jackson,804,Spain,Male,47,1,100682.63,1,0,0,161911.4,0
8071,15608070,Lewis,725,France,Male,53,3,0.0,2,1,0,22681.83,0
8072,15608071,Lewis,850,France,Male,20,1,233.5,1,0,1,47784.62,0
8073,15608072,Lewis,596,Spain,Male,33,7,31592.94,3,1,0,150660.96,0
8074,15608073,Jackson,611,Spain,Male,39,9,0.0,1,1,1,84327.23,0
8075,15608074,Hall,671,Germany,Female,30,0,87959.94,1,1,1,114764.25,1
8076,15608075,Smith,578,France,Male,31,1,44418.28,1,1,0,172617.7,0
8077,15608076,Anderson,726,Spain,Male,44,5,7626.16,1,1,1,185688.01,0
8078,15608077,Hall,530,Spain,Female,55,8,47251.49,1,1,1,185699.59,1
8079,15608078,Martin,506,France,Female,19,9,12398.15,2,1,1,71031.2,0
8080,15608079,Smith,645,France,Male,37,4,125930.95,2,1,0,123765.13,0
8081,15608080,Smith,794,France,Female,44,4,0.0,1,1,0,124330.09,0
8082,15608081,Smith,698,France,Male,47,2,164467.04,2,1,0,57215.22,0
8083,15608082,Brown,729,France,Male,42,7,160662.66,2,1,1,91542.83,0
8084,15608083,Jackson,812,France,Male,57,5,0.0,3,1,1,83401.69,1
8085,15608084,Martin,692,Spain,Male,39,9,94253.04,2,1,0,136559.94,1
8086,15608085,Wright,616,Spain,Male,52,1,225549.64,1,1,1,119584.43,0
8087,15608086,White,791,Germany,Female,33,4,0.0,2,1,0,181611.17,1
8088,15608087,Young,744,Spain,Female,40,3,13198.18,1,1,1,49965.09,0
8089,15608088,Wright,579,France,Female,27,10,134256.9,1,1,1,120067.42,0
8090,15608089,Thomas,568,Germany,Female,48,9,0.0,2,1,0,140036.33,0
8091,15608090,Allen,645,Germany,Male,38,8,10600.45,1,0,0,11888.95,1
8092,15608091,Moore,737,France,Male,43,3,0.0,2,1,1,127249.75,0
8093,15608092,Brown,556,Spain,Female,36,7,0.0,1,0,0,118816.1,0
8094,15608093,Wilson,663,Germany,Female,45,0,178100.98,1,0,1,63851.73,0
8095,15608094,Harris,738,Spain,Male,43,4,5267.41,1,0,0,196977.64,0
8096,15608095,Lewis,626,Germany,Male,29,8,56378.6,1,1,1,81495.49,0
8097,15608096,Moore,677,France,Female,30,2,179298.35,1,1,1,34862.48,0
8098,15608097,White,698,France,Male,39,10,45920.7,1,1,0,110796.36,1
8099,15608098,Moore,723,France,Female,46,5,0.0,2,1,1,71871.69,0
8100,15608099,Allen,658,Spain,Female,58,10,67293.83,1,1,0,46447.97,1
8101,15608100,Thomas,638,Germany,Female,42,9,0.0,1,0,1,67191.02,1
8102,15608101,Hall,749,Germany,Male,49,5,0.0,2,1,0,146834.41,1
8103,15608102,Taylor,401,France,Female,23,10,0.0,1,1,0,59893.35,0
8104,15608103,King,733,France,Female,59,5,0.0,3,1,1,115242.69,0
8105,15608104,Allen,707,Germany,Female,45,3,19543.0,2,1,1,97.22,0
8106,15608105,Hall,798,Spain,Male,39,6,0.0,2,1,0,22835.91,1
8107,15608106,Johnson,706,France,Female,37,2,74821.3,1,0,0,149102.73,0
8108,15608107,Martin,549,France,Female,28,5,0.0,1,0,1,41119.48,0
8109,15608108,Taylor,660,Spain,Female,31,9,125706.86,2,1,1,158684.39,0
8110,15608109,Taylor,555,Germany,Female,58,4,215633.69,2,0,1,55111.95,1
8111,15608110,Smith,761,France,Male,29,2,0.0,1,1,0,41717.74,0
8112,15608111,White,411,France,Female,29,1,67267.23,1,0,1,137515.39,0
8113,15608112,Young,495,Germany,Female,32,0,0.0,1,1,0,19713.84,1
8114,15608113,Young,534,Spain,Male,27,7,13692.77,1,1,0,72539.26,1
8115,15608114,Hall,492,France,Female,39,0,111206.58,2,0,0,15089.62,1
8116,15608115,Harris,618,France,Female,50,4,0.0,1,1,0,40364.43,0
8117,15608116,Brown,609,Spain,Female,33,4,52213.25,1,1,1,31321.12,0
8118,15608117,Moore,730,France,Male,25,0,0.0,3,0,1,161626.93,0
8119,15608118,Hall,465,France,Male,42,8,71904.96,2,0,1,115738.69,0
8120,15608119,Allen,598,Spain,Male,38,4,102800.25,2,1,1,164093.83,0
8121,15608120,Jackson,675,France,Male,49,8,0.0,1,0,1,198681.87,0
8122,15608121,Martin,560,Spain,Male,34,10,54631.58,2,1,0,110976.57,1
8123,15608122,Moore,490,France,Male,36,5,0.0,2,1,1,192042.49,0
8124,15608123,White,718,Spain,Male,38,6,0.0,2,1,0,19363.21,0
8125,15608124,Smith,705,France,Female,40,6,0.0,2,1,0,23250.06,0
8126,15608125,Young,444,France,Female,35,1,105649.25,1,1,1,99853.22,1
8127,15608126,Brown,608,France,Male,33,4,115243.64,2,1,0,25294.79,1
8128,15608127,White,590,Germany,Male,20,1,0.0,1,1,1,182900.27,0
8129,15608128,Allen,826,Germany,Male,33,3,131156.45,1,1,1,100879.26,0
8130,15608129,Martin,467,France,Male,46,2,0.0,1,1,0,175547.99,0
8131,15608130,Thomas,606,Germany,Male,48,10,135099.01,1,1,1,43883.25,0
8132,15608131,Smith,724,Spain,Female,34,5,48162.2,2,1,1,130835.0,0
8133,15608132,Walker,638,Germany,Female,52,10,0.0,2,1,0,54042.93,1
8134,15608133,Brown,754,France,Male,39,4,147901.75,1,1,0,111913.86,0
8135,15608134,Moore,458,Spain,Female,26,0,28172.08,1,1,0,173593.34,0
8136,15608135,Moore,525,France,Male,22,1,114061.52,1,1,0,57166.8,0
8137,15608136,Thomas,619,France,Male,51,6,90508.42,1,1,0,94134.49,0
8138,15608137,Anderson,697,Germany,Male,35,8,0.0,1,1,1,102719.56,0
8139,15608138,Walker,650,Spain,Female,27,0,0.0,1,1,0,123488.08,0
8140,15608139,Harris,709,France,Male,18,3,67015.43,2,0,0,159829.11,0
8141,15608140,Thomas,617,France,Female,35,10,0.0,2,0,1,24331.67,0
8142,15608141,Jackson,523,Spain,Female,43,2,0.0,2,1,0,107141.44,1
8143,15608142,Allen,704,Spain,Male,32,10,121610.13,2,1,0,28412.31,1
8144,15608143,Clark,502,France,Female,28,4,0.0,2,1,1,36152.14,0
8145,15608144,King,556,Germany,Female,34,4,99147.55,2,0,1,98313.57,0
8146,15608145,Allen,517,France,Female,51,9,0.0,1,0,1,16638.2,1
8147,15608146,Jackson,668,France,Male,25,9,169961.4,1,1,1,17480.47,0
8148,15608147,Wright,642,Germany,Female,33,10,174489.85,1,1,0,35850.74,0
8149,15608148,Thomas,540,France,Male,51,1,0.0,2,1,1,94468.02,0
8150,15608149,Jackson,573,France,Male,44,4,0.0,2,1,0,36650.54,1
8151,15608150,Wright,616,Spain,Male,41,3,52888.64,1,1,1,75731.71,0
8152,15608151,Martin,711,Germany,Male,33,0,73363.6,1,0,1,173718.29,0
8153,15608152,Young,653,France,Female,39,0,0.0,2,1,0,185497.42,1
8154,15608153,Walker,678,Germany,Female,34,0,0.0,1,0,0,110635.99,1
8155,15608154,Lewis,692,Germany,Female,30,7,0.0,3,1,0,197538.73,1
8156,15608155,Johnson,648,France,Female,28,2,109745.4,2,1,0,141098.58,1
8157,15608156,Allen,671,Spain,Male,47,8,0.0,1,1,1,27046.94,0
8158,15608157,Moore,636,France,Female,38,9,0.0,2,1,0,147886.98,1
8159,15608158,Wilson,793,France,Female,42,1,47404.28,2,1,1,132957.75,0
8160,15608159,Thomas,701,Germany,Male,41,8,60069.25,2,0,1,173072.9,0
8161,15608160,Smith,828,Germany,Male,43,10,167309.54,3,1,0,100229.08,0
8162,15608161,Walker,773,France,Male,36,8,0.0,1,1,0,117660.16,0
8163,15608162,White,631,France,Male,34,3,0.0,2,0,1,78966.04,0
8164,15608163,Walker,631,France,Male,31,3,0.0,2,0,0,3463.68,1
8165,15608164,Allen,489,France,Male,25,3,0.0,2,1,0,120457.48,0
8166,15608165,Anderson,542,France,Female,28,0,139693.74,1,1,0,189891.8,1
8167,15608166,Wilson,748,France,Male,35,4,87001.47,2,1,1,33160.09,0
8168,15608167,Wright,743,Spain,Male,23,5,82322.19,1,1,1,34421.66,0
8169,15608168,Brown,454,France,Female,25,3,21820.13,1,0,0,82195.89,1
8170,15608169,Hall,778,France,Female,49,7,145882.67,1,0,0,168715.37,1
8171,15608170,Harris,765,Germany,Male,41,2,125572.21,1,1,1,117418.98,0
8172,15608171,Johnson,758,Germany,Male,34,10,0.0,2,1,0,102046.26,1
8173,15608172,Taylor,700,France,Female,62,8,76550.4,2,1,1,172974.29,0
8174,15608173,Johnson,699,France,Female,23,6,114737.38,1,1,1,40121.78,0
8175,15608174,Lewis,632,Spain,Male,49,7,24633.53,1,1,0,190804.99,1
8176,15608175,Hall,589,France,Male,38,6,0.0,4,1,1,192549.73,0
8177,15608176,Smith,760,France,Female,47,8,0.0,1,1,1,162799.06,1
8178,15608177,Young,625,Spain,Female,40,1,28840.27,2,1,0,58948.51,0
8179,15608178,Harris,350,France,Male,20,3,130870.45,1,1,1,75097.37,0
8180,15608179,Allen,710,France,Female,40,1,0.0,2,1,0,80691.43,1
8181,15608180,Taylor,548,France,Male,42,7,0.0,2,0,0,34142.17,1
8182,15608181,Jackson,665,France,Female,18,1,0.0,3,1,1,9150.16,0
8183,15608182,Moore,811,France,Female,58,7,0.0,1,1,1,13025.06,1
8184,15608183,Anderson,850,Germany,Female,42,5,0.0,2,1,1,123126.7,0
8185,15608184,King,717,France,Female,46,6,0.0,1,1,0,193677.44,1
8186,15608185,Moore,778,France,Female,27,10,77486.11,2,1,0,16887.54,1
8187,15608186,Wilson,722,France,Female,46,5,100971.53,1,1,1,127896.9,0
8188,15608187,Thomas,728,Germany,Male,50,8,0.0,2,1,0,24066.05,0
8189,15608188,Martin,739,Spain,Female,42,3,0.0,1,1,0,115378.15,0
8190,15608189,Johnson,546,France,Male,39,0,0.0,1,1,1,88608.98,0
8191,15608190,Young,526,Germany,Female,30,8,0.0,2,1,0,6976.72,0
8192,15608191,Hall,748,France,Male,37,9,0.0,3,1,0,71415.17,0
8193,15608192,Young,680,France,Female,34,7,9201.6,1,1,0,157149.73,0
8194,15608193,White,665,France,Female,45,0,96325.17,1,1,0,39203.51,0
8195,15608194,King,604,France,Male,31,9,105810.19,1,1,0,103607.03,0
8196,15608195,Brown,615,France,Male,45,5,0.0,1,1,1,51149.41,1
8197,15608196,Walker,772,Spain,Male,31,9,0.0,2,0,1,185078.73,0
8198,15608197,Allen,568,France,Male,36,3,0.0,2,1,0,185448.5,0
8199,15608198,King,651,Spain,Male,45,10,0.0,1,1,0,145314.47,1
8200,15608199,Anderson,574,France,Female,32,1,115697.91,2,0,0,138118.32,0
8201,15608200,Johnson,499,France,Male,46,2,0.0,2,0,0,110392.15,0
8202,15608201,Johnson,660,France,Male,45,8,724.42,1,1,1,156982.24,0
8203,15608202,Lewis,722,Germany,Male,36,4,68387.02,1,0,1,196691.33,0
8204,15608203,Smith,547,France,Male,51,6,0.0,1,0,1,192339.98,0
8205,15608204,Taylor,581,Spain,Female,40,1,0.0,1,1,0,161747.77,0
8206,15608205,Moore,535,France,Female,50,7,0.0,1,1,1,27242.23,1
8207,15608206,Brown,663,France,Male,57,2,77393.14,1,1,1,172282.92,0
8208,15608207,Walker,603,France,Male,37,0,9585.73,1,1,1,118417.47,0
8209,15608208,Anderson,444,France,Male,45,7,0.0,1,1,0,106674.74,1
8210,15608209,Clark,616,France,Male,33,10,0.0,1,0,1,108996.18,0
8211,15608210,Jackson,751,France,Female,29,10,0.0,1,0,1,50859.14,0
8212,15608211,Clark,762,Germany,Female,37,8,61457.67,2,0,1,41360.8,0
8213,15608212,Martin,767,France,Female,25,7,0.0,2,1,1,89699.4,0
8214,15608213,White,554,Spain,Male,30,0,0.0,3,0,0,126614.38,0
8215,15608214,Taylor,535,France,Male,45,6,0.0,2,1,1,130224.65,0
8216,15608215,Johnson,587,Spain,Female,34,6,190807.55,1,1,0,104633.31,0
8217,15608216,Allen,744,Spain,Male,46,3,62374.88,2,1,1,164217.68,0
8218,15608217,Moore,741,France,Female,42,7,0.0,2,1,1,184494.75,0
8219,15608218,Brown,650,France,Female,58,4,37851.67,2,1,1,43018.55,0
8220,15608219,Hall,758,Spain,Male,44,3,0.0,1,1,1,147496.44,1
8221,15608220,Martin,709,Germany,Female,50,4,0.0,1,1,0,46513.56,0
8222,15608221,Wilson,603,France,Male,43,10,0.0,1,1,1,169028.4,1
8223,15608222,Smith,617,France,Male,42,1,86206.84,1,1,0,101488.14,1
8224,15608223,Wilson,527,Germany,Male,51,3,0.0,1,1,0,74426.61,1
8225,15608224,Anderson,638,France,Female,46,9,131086.45,2,1,1,152963.66,0
8226,15608225,Hall,591,Spain,Male,41,7,0.0,2,1,1,14692.72,0
8227,15608226,Moore,553,France,Male,41,6,0.0,2,1,1,113849.27,0
8228,15608227,King,579,France,Male,44,7,87466.63,1,1,1,109177.15,0
8229,15608228,Lewis,795,Spain,Male,32,6,0.0,1,1,1,173544.98,0
8230,15608229,Taylor,605,Spain,Female,32,6,67365.9,2,1,1,63638.68,0
8231,15608230,Anderson,803,France,Female,53,10,36105.55,1,0,1,60825.1,0
8232,15608231,Johnson,656,France,Male,58,6,68633.36,1,1,0,18834.78,0
8233,15608232,Lewis,628,Germany,Male,30,1,178326.48,1,0,1,108655.58,0
8234,15608233,Wilson,701,Spain,Female,32,2,204316.86,2,1,0,4814.57,1
8235,15608234,Wright,419,France,Female,50,0,0.0,1,0,0,187418.73,1
8236,15608235,Thomas,850,Spain,Male,44,1,0.0,2,1,1,47405.46,1
8237,15608236,Young,743,Spain,Female,46,9,143358.87,2,0,1,88939.13,0
8238,15608237,Martin,670,Germany,Female,48,5,0.0,2,0,0,30981.24,0
8239,15608238,Johnson,729,Spain,Female,37,1,0.0,2,1,0,67198.38,0
8240,15608239,Johnson,655,France,Female,42,0,77955.66,1,1,1,182535.19,0
8241,15608240,Johnson,591,Spain,Male,42,7,0.0,2,1,1,196003.67,0
8242,15608241,Wright,648,Spain,Female,30,8,0.0,1,0,1,57017.44,0
8243,15608242,Jackson,609,France,Female,42,6,0.0,2,0,1,163372.36,0
8244,15608243,Harris,563,France,Female,51,2,0.0,1,1,1,32461.87,0
8245,15608244,Wilson,612,France,Female,36,0,0.0,4,0,0,27547.33,1
8246,15608245,Brown,671,Spain,Male,41,3,21738.81,1,1,0,27442.14,1
8247,15608246,Thomas,684,France,Female,41,9,6210.97,1,1,0,188488.84,0
8248,15608247,Clark,787,Spain,Male,36,10,157.21,2,0,0,140018.59,0
8249,15608248,Thomas,620,Germany,Female,46,2,179155.19,1,0,1,115728.6,0
8250,15608249,Jackson,581,Germany,Female,32,10,0.0,1,0,1,38026.54,0
8251,15608250,Johnson,528,Germany,Female,52,2,75283.4,1,1,0,105980.8,1
8252,15608251,Taylor,693,Germany,Female,45,1,133637.14,1,1,0,198820.43,1
8253,15608252,Jackson,791,France,Male,30,10,0.0,1,0,1,165169.48,0
8254,15608253,Taylor,612,Spain,Male,56,9,0.0,1,0,0,197325.46,0
8255,15608254,Hall,595,France,Male,41,2,100456.61,1,0,1,2441.67,0
8256,15608255,Allen,734,Germany,Female,32,10,33577.24,2,0,0,111167.11,0
8257,15608256,Hall,547,France,Female,50,4,0.0,2,0,1,58282.02,1
8258,15608257,Martin,807,Germany,Female,44,3,0.0,1,1,1,66265.83,1
8259,15608258,Young,643,Spain,Male,21,0,147340.28,2,1,0,11407.54,0
8260,15608259,Brown,686,Germany,Female,34,0,152817.88,2,1,1,134622.66,0
8261,15608260,King,654,France,Female,42,0,0.0,1,1,1,170791.1,0
8262,15608261,White,407,France,Female,18,9,146465.72,1,0,0,48997.91,0
8263,15608262,Martin,644,Germany,Female,40,8,0.0,1,0,1,104537.64,1
8264,15608263,Walker,613,France,Male,41,8,51387.06,3,0,1,10434.09,0
8265,15608264,Moore,688,Germany,Male,27,8,129521.13,2,1,1,56130.34,0
8266,15608265,Brown,761,France,Male,42,9,53426.63,1,1,0,44490.13,1
8267,15608266,Wright,698,Spain,Male,39,3,150792.02,2,1,0,195147.41,0
8268,15608267,Smith,585,France,Male,27,3,101642.8,1,1,1,100168.14,0
8269,15608268,Walker,810,Spain,Female,48,9,0.0,2,1,0,43289.67,0
8270,15608269,Martin,654,Spain,Male,47,6,0.0,2,0,1,26459.94,1
8271,15608270,Martin,774,France,Female,36,2,0.0,1,1,1,155236.22,0
8272,15608271,Taylor,736,France,Female,37,9,94038.41,1,1,1,9063.9,0
8273,15608272,Clark,553,France,Male,46,2,0.0,2,0,1,27506.88,0
8274,15608273,Jackson,753,Spain,Male,37,3,0.0,2,1,0,10252.39,0
8275,15608274,Johnson,734,Spain,Male,20,10,77167.58,2,0,1,73376.39,1
8276,15608275,Brown,658,Spain,Male,44,5,88909.54,2,1,0,188716.2,0
8277,15608276,Smith,607,Spain,Female,31,0,59088.91,2,0,1,47082.47,0
8278,15608277,Johnson,729,France,Female,35,10,89264.07,1,1,1,75009.38,1
8279,15608278,Walker,746,France,Female,54,2,34158.48,2,1,1,146794.4,1
8280,15608279,Wright,610,France,Male,38,4,0.0,1,1,0,40783.19,0
8281,15608280,Harris,709,France,Male,39,10,60078.09,2,1,0,57327.6,0
8282,15608281,Hall,617,Germany,Female,44,3,0.0,2,1,0,77392.85,1
8283,15608282,King,597,Germany,Female,44,7,0.0,2,0,0,190863.99,1
8284,15608283,Clark,692,France,Male,30,8,0.0,2,1,1,108868.44,0
8285,15608284,Hall,727,Spain,Male,38,7,132268.49,2,1,0,87560.45,1
8286,15608285,Brown,700,Germany,Male,39,10,40009.6,1,1,0,80308.4,0
8287,15608286,Brown,637,France,Female,42,10,155477.65,2,0,1,77889.14,1
8288,15608287,Walker,539,France,Male,42,8,0.0,1,0,1,181843.11,0
8289,15608288,Martin,620,France,Male,65,7,118463.79,1,0,0,155505.62,0
8290,15608289,Anderson,686,Spain,Female,27,9,0.0,1,1,1,37534.88,1
8291,15608290,Thomas,850,Germany,Male,49,0,0.0,2,1,1,63799.22,0
8292,15608291,Moore,556,Spain,Male,51,6,79329.6,2,1,0,169581.84,1
8293,15608292,White,639,France,Female,44,8,156523.87,1,1,0,150063.07,1
8294,15608293,Martin,634,France,Male,32,0,82426.59,1,1,1,20746.84,0
8295,15608294,Clark,433,Germany,Male,56,9,112298.75,1,1,0,81606.46,0
8296,15608295,Walker,593,Germany,Male,18,0,0.0,1,1,0,98145.65,0
8297,15608296,Young,534,Spain,Female,32,9,0.0,1,1,0,171481.73,1
8298,15608297,Martin,611,Spain,Male,51,1,190606.0,1,1,0,170565.82,0
8299,15608298,Lewis,796,France,Female,35,4,80331.55,1,1,1,30211.87,0
8300,15608299,Thomas,714,Germany,Male,55,7,27847.73,2,1,0,117133.57,0
8301,15608300,Walker,667,Germany,Male,24,7,10878.35,1,1,1,188628.82,0
8302,15608301,Johnson,839,France,Female,28,9,0.0,2,0,0,15364.74,0
8303,15608302,Johnson,787,Spain,Female,34,3,0.0,1,1,0,71716.27,0
8304,15608303,Walker,572,France,Male,43,6,30082.02,1,0,1,67478.44,0
8305,15608304,Walker,473,France,Female,37,6,0.0,1,0,1,34306.52,0
8306,15608305,Lewis,425,France,Male,34,8,96911.05,2,1,0,195750.1,0
8307,15608306,Hall,565,France,Male,53,8,28579.91,1,0,1,141592.1,0
8308,15608307,Harris,595,France,Male,54,2,121823.85,1,1,0,136809.96,0
8309,15608308,Harris,800,France,Male,35,10,145173.26,1,0,1,9807.7,0
8310,15608309,White,767,Spain,Female,22,7,0.0,1,1,1,76840.95,1
8311,15608310,Anderson,739,France,Female,18,4,127986.34,2,1,1,124366.8,0
8312,15608311,Martin,601,France,Male,41,4,0.0,1,0,0,97296.71,0
8313,15608312,Hall,632,France,Male,46,7,0.0,2,0,0,144982.62,0
8314,15608313,Hall,610,Spain,Female,40,5,0.0,2,1,1,165486.26,0
8315,15608314,Clark,850,France,Male,38,9,0.0,2,0,1,152288.71,0
8316,15608315,Brown,589,France,Male,31,9,76938.81,2,0,0,188746.28,0
8317,15608316,King,573,Germany,Female,46,0,0.0,2,1,0,110721.49,1
8318,15608317,Hall,705,Spain,Male,56,3,0.0,2,1,1,170630.49,0
8319,15608318,Harris,557,Germany,Male,18,8,132574.65,2,1,0,196675.35,0
8320,15608319,Brown,704,France,Female,38,4,174118.18,1,1,1,102152.77,1
8321,15608320,Harris,678,France,Female,29,3,112883.11,2,1,1,2925.78,0
8322,15608321,Taylor,578,Spain,Male,24,10,97647.93,1,1,1,65305.03,1
8323,15608322,Anderson,617,France,Male,28,9,50455.21,2,1,1,107528.66,0
8324,15608323,Walker,568,France,Female,43,0,0.0,1,0,1,136094.41,0
8325,15608324,Jackson,748,France,Female,43,8,39325.59,2,1,1,118429.74,1
8326,15608325,Lewis,636,Germany,Female,54,7,0.0,1,1,1,129587.74,1
8327,15608326,Walker,629,France,Male,39,2,0.0,2,0,0,144523.56,1
8328,15608327,Clark,729,Germany,Female,21,8,0.0,1,0,1,99322.22,0
8329,15608328,Johnson,715,Germany,Female,37,0,150334.61,2,0,1,165610.1,0
8330,15608329,Martin,673,France,Male,25,3,0.0,1,1,0,133142.1,0
8331,15608330,King,751,Spain,Male,27,4,97887.03,2,1,1,155172.6,0
8332,15608331,Wilson,635,Spain,Male,45,3,158771.08,1,0,0,132204.09,0
8333,15608332,Brown,563,Germany,Female,41,3,82317.04,1,0,0,21614.99,0
8334,15608333,Walker,664,France,Female,45,8,79679.86,2,1,1,31015.71,1
8335,15608334,Harris,647,Germany,Female,35,4,0.0,1,1,0,33971.2,1
8336,15608335,Brown,789,France,Male,47,0,0.0,1,1,0,9773.11,0
8337,15608336,Wright,624,Germany,Male,35,6,76622.48,2,1,0,43754.24,0
8338,15608337,Thomas,804,France,Female,50,5,0.0,2,1,1,112011.11,0
8339,15608338,King,532,France,Female,42,8,0.0,1,1,0,11986.9,0
8340,15608339,Moore,627,Germany,Male,37,3,0.0,2,1,0,56715.88,0
8341,15608340,Anderson,619,Germany,Male,41,9,0.0,2,1,1,124628.94,0
8342,15608341,White,619,Spain,Male,39,5,0.0,1,1,1,39989.55,0
8343,15608342,White,760,France,Male,55,9,68158.56,1,1,0,39523.18,0
8344,15608343,Allen,605,France,Male,41,6,123048.69,3,1,0,165412.49,0
8345,15608344,Lewis,746,Germany,Male,39,3,0.0,1,0,1,109854.28,1
8346,15608345,Jackson,642,Germany,Male,37,8,159728.39,2,1,0,62725.51,0
8347,15608346,Hall,641,Germany,Male,47,0,0.0,1,1,1,109763.95,1
8348,15608347,Brown,520,France,Male,46,0,0.0,1,1,0,85627.98,0
8349,15608348,Lewis,772,France,Male,36,2,0.0,1,1,1,190182.78,0
8350,15608349,Johnson,799,Spain,Female,27,8,0.0,1,1,1,40282.65,0
8351,15608350,White,529,Germany,Female,30,4,0.0,1,1,1,132866.7,0
8352,15608351,Walker,807,France,Male,37,0,167271.4,1,1,1,182614.34,0
8353,15608352,Hall,510,Germany,Male,52,4,213483.82,2,1,1,144322.42,1
8354,15608353,Wright,634,Spain,Male,36,5,0.0,1,0,1,77469.3,0
8355,15608354,Brown,640,France,Female,33,3,14526.27,2,1,0,149278.03,0
8356,15608355,Young,621,France,Male,21,6,41849.68,2,1,1,46473.01,0
8357,15608356,Moore,756,France,Female,54,10,77260.38,1,0,1,143399.76,0
8358,15608357,Walker,723,Spain,Male,45,2,0.0,2,1,1,157301.78,0
8359,15608358,Young,485,France,Female,47,4,0.0,1,1,1,75190.21,1
8360,15608359,Martin,793,France,Female,49,5,159309.69,2,0,0,111004.63,0
8361,15608360,White,812,Germany,Female,37,6,119769.96,1,1,1,112898.47,0
8362,15608361,Hall,716,France,Male,40,9,150425.73,2,1,1,111214.48,0
8363,15608362,Harris,616,France,Female,54,1,0.0,1,1,0,40075.52,1
8364,15608363,Wright,671,France,Female,41,4,0.0,2,0,1,126282.81,0
8365,15608364,Taylor,622,Spain,Female,45,6,69149.27,2,0,0,81263.64,1
8366,15608365,King,745,Germany,Female,48,6,0.0,1,0,1,26696.8,0
8367,15608366,Thomas,476,France,Male,45,2,145901.67,2,1,1,11113.84,0
8368,15608367,King,689,Germany,Female,38,7,0.0,2,1,1,164697.52,0
8369,15608368,Anderson,762,Spain,Female,39,0,51418.28,1,0,0,151826.32,0
8370,15608369,Brown,626,France,Male,47,3,0.0,1,1,1,186280.13,0
8371,15608370,White,704,France,Male,47,2,162274.6,1,0,0,95597.85,0
8372,15608371,Moore,480,France,Male,51,3,46832.18,1,1,1,122733.22,0
8373,15608372,Moore,558,France,Male,45,10,94421.57,1,0,1,12703.83,0
8374,15608373,White,688,Spain,Male,45,8,143632.2,2,1,0,60210.18,0
8375,15608374,Lewis,694,Spain,Female,35,10,35564.77,1,0,0,150254.99,1
8376,15608375,Jackson,594,France,Male,33,7,0.0,2,1,1,55221.9,0
8377,15608376,Anderson,680,France,Male,47,10,0.0,2,1,1,22458.84,0
8378,15608377,Wilson,645,France,Male,33,3,89374.18,2,0,0,12427.51,0
8379,15608378,Jackson,472,Spain,Male,39,7,76762.98,1,0,0,90662.26,0
8380,15608379,Lewis,627,France,Male,53,0,137874.97,2,0,0,174964.08,0
8381,15608380,Anderson,720,Spain,Female,51,7,0.0,1,1,0,73876.92,0
8382,15608381,Thomas,779,France,Female,42,9,75123.39,1,0,0,133398.56,0
8383,15608382,Smith,627,Spain,Male,36,1,0.0,2,1,0,86179.49,0
8384,15608383,Anderson,687,Germany,Male,38,5,0.0,2,1,0,157241.3,1
8385,15608384,Martin,667,France,Female,48,5,0.0,2,0,0,160661.2,1
8386,15608385,Smith,702,France,Male,39,2,0.0,1,1,0,189317.4,0
8387,15608386,Smith,587,Germany,Male,33,4,68826.82,2,1,1,67597.47,0
8388,15608387,Clark,643,France,Female,51,1,0.0,2,0,1,94250.7,1
8389,15608388,Walker,703,Spain,Male,41,10,0.0,1,1,1,129151.78,0
8390,15608389,Martin,689,France,Male,33,7,59587.89,3,1,0,100181.26,0
8391,15608390,Martin,709,Spain,Female,44,7,168928.12,1,1,0,16797.35,0
8392,15608391,Young,727,France,Male,49,4,0.0,2,1,0,129262.38,1
8393,15608392,Taylor,666,Germany,Female,29,6,102274.36,1,1,1,22016.0,0
8394,15608393,Clark,679,Spain,Male,37,7,0.0,2,1,1,168141.73,0
8395,15608394,Martin,595,Germany,Female,37,10,43632.8,2,0,0,16585.08,0
8396,15608395,Harris,733,Spain,Male,44,3,149144.21,1,1,1,156264.08,0
8397,15608396,Allen,545,Spain,Female,45,1,113403.55,1,1,0,30219.47,1
8398,15608397,Wilson,710,France,Female,33,4,100253.74,2,0,0,148148.55,0
8399,15608398,King,663,Germany,Male,24,6,138430.45,1,0,1,4623.92,0
8400,15608399,Clark,581,Germany,Female,49,3,75783.42,1,1,1,22346.57,0
8401,15608400,Young,585,France,Male,28,3,0.0,1,1,1,4092.78,0
8402,15608401,Allen,671,Germany,Male,42,3,68905.81,2,1,0,36489.47,0
8403,15608402,Moore,626,Spain,Male,38,8,103618.33,1,1,1,81.61,0
8404,15608403,Lewis,608,Spain,Male,41,8,100810.16,1,0,0,17289.8,0
8405,15608404,Lewis,691,France,Female,56,10,0.0,1,1,1,5020.49,0
8406,15608405,Jackson,487,France,Female,69,9,0.0,2,1,0,86883.76,1
8407,15608406,Wilson,659,France,Male,23,7,67975.64,1,1,1,31448.84,0
8408,15608407,King,614,France,Male,49,10,0.0,2,0,1,57458.38,1
8409,15608408,Young,531,Spain,Female,37,7,0.0,1,1,1,52591.78,0
8410,15608409,Martin,617,France,Male,49,6,20271.23,1,1,0,166190.04,1
8411,15608410,White,523,France,Male,49,0,56988.29,2,1,1,32670.98,0
8412,15608411,Lewis,765,Germany,Male,53,7,0.0,1,1,1,99802.41,1
8413,15608412,King,720,France,Male,42,10,104894.41,1,0,1,13840.78,0
8414,15608413,Brown,730,France,Male,30,10,65148.89,1,0,0,82125.7,0
8415,15608414,Wright,700,France,Male,48,3,0.0,1,1,0,160828.68,0
8416,15608415,Smith,442,France,Male,40,0,34512.0,1,1,1,103295.14,1
8417,15608416,Allen,536,Germany,Female,37,0,8154.96,2,1,1,51731.02,0
8418,15608417,Hall,737,Spain,Male,34,2,0.0,1,1,1,81552.11,0
8419,15608418,White,841,Germany,Male,49,2,53355.92,1,0,1,111173.61,0
8420,15608419,Walker,686,France,Male,55,9,30277.28,1,1,0,180979.04,0
8421,15608420,White,785,Spain,Male,27,0,198392.3,1,1,0,167577.96,1
8422,15608421,Walker,571,France,Female,45,7,0.0,1,1,1,192224.43,0
8423,15608422,Young,589,France,Male,35,3,12314.95,1,1,1,35749.22,0
8424,15608423,Lewis,715,France,Male,24,3,0.0,2,0,0,39652.23,0
8425,15608424,Allen,572,France,Female,40,5,0.0,1,1,0,20068.5,0
8426,15608425,Johnson,493,France,Female,31,8,154327.43,1,0,1,101698.62,0
8427,15608426,Anderson,723,France,Male,23,8,46890.53,2,1,1,36155.07,0
8428,15608427,Allen,580,Germany,Female,31,7,0.0,2,1,0,137728.14,0
8429,15608428,Harris,462,France,Female,29,0,80085.17,2,0,1,191257.01,1
8430,15608429,White,763,France,Female,33,9,0.0,2,1,1,113586.62,1
8431,15608430,Young,699,France,Male,26,9,0.0,1,0,0,143504.57,0
8432,15608431,Hall,718,Spain,Male,35,1,0.0,2,1,0,40021.94,0
8433,15608432,Brown,724,France,Female,32,2,108948.63,4,1,0,163267.13,0
8434,15608433,Thomas,744,Germany,Male,43,10,0.0,2,1,1,171277.1,0
8435,15608434,Wright,699,Germany,Male,45,4,77105.22,1,1,0,176921.21,0
8436,15608435,Allen,506,France,Female,42,4,110214.57,2,1,1,173128.69,0
8437,15608436,Wright,545,France,Female,37,9,163637.88,1,1,0,62300.49,0
8438,15608437,Wright,748,France,Male,36,7,0.0,1,1,0,105580.91,0
8439,15608438,Moore,706,Spain,Male,31,1,10182.96,2,1,0,61864.28,0
8440,15608439,Anderson,637,France,Male,31,1,0.0,1,1,1,175681.5,1
8441,15608440,Walker,487,France,Female,46,7,84803.34,1,1,1,181680.95,0
8442,15608441,Anderson,569,France,Female,21,0,111033.54,1,0,1,134851.29,0
8443,15608442,Walker,620,Spain,Male,38,8,120299.83,3,1,1,44003.45,0
8444,15608443,Allen,577,France,Female,36,1,0.0,1,1,1,22580.96,1
8445,15608444,Taylor,548,France,Male,45,4,0.0,1,1,1,180886.36,0
8446,15608445,Jackson,682,Spain,Female,25,2,83898.06,1,0,1,71252.0,0
8447,15608446,Brown,792,Spain,Female,39,4,0.0,1,0,1,129932.14,0
8448,15608447,Wilson,712,Germany,Female,42,7,156255.1,1,1,1,163393.15,1
8449,15608448,Martin,604,France,Female,20,7,148936.07,1,1,1,133734.6,0
8450,15608449,Wright,644,Germany,Female,28,5,69571.54,2,0,1,197733.34,0
8451,15608450,Johnson,710,Spain,Female,38,8,30086.47,1,1,1,114869.1,0
8452,15608451,Moore,592,France,Male,44,6,8501.62,2,1,1,112052.65,0
8453,15608452,Brown,671,Spain,Male,41,1,90758.14,2,0,0,123279.5,0
8454,15608453,Johnson,615,France,Female,45,0,0.0,1,0,0,106713.51,0
8455,15608454,Harris,613,Germany,Male,28,7,0.0,1,1,0,155422.96,0
8456,15608455,Brown,496,France,Female,23,0,80222.47,1,1,1,187567.79,0
8457,15608456,Johnson,654,Spain,Female,40,7,58931.81,1,0,0,181093.1,1
8458,15608457,Moore,690,France,Male,27,8,124744.48,1,1,1,98824.35,0
8459,15608458,Wilson,732,Germany,Male,30,0,0.0,2,1,0,185477.77,0
8460,15608459,White,481,France,Male,48,6,103372.46,1,1,0,28918.44,0
8461,15608460,King,742,Germany,Female,41,4,0.0,1,0,0,111111.42,1
8462,15608461,Wilson,721,Germany,Male,33,7,0.0,1,0,0,101720.6,0
8463,15608462,Martin,793,France,Male,32,3,120109.26,1,1,0,42276.71,0
8464,15608463,Moore,615,Germany,Female,45,1,0.0,2,1,1,196620.06,1
8465,15608464,Wilson,657,Germany,Female,41,6,89233.04,2,1,0,191700.08,1
8466,15608465,Young,551,France,Male,27,6,106403.09,2,1,1,370.3,0
8467,15608466,King,644,France,Male,20,7,0.0,2,1,1,107549.83,0
8468,15608467,Moore,619,Spain,Female,58,8,0.0,2,1,0,30461.0,0
8469,15608468,Clark,665,France,Female,27,5,0.0,1,1,1,67943.0,1
8470,15608469,Martin,646,France,Female,44,2,0.0,1,1,0,66376.31,0
8471,15608470,Wright,729,France,Male,54,4,53725.12,1,0,0,68865.48,0
8472,15608471,Hall,630,France,Male,40,2,169884.76,2,1,1,115034.78,1
8473,15608472,Smith,773,France,Female,33,9,156518.82,2,1,0,102900.67,1
8474,15608473,Young,411,France,Female,25,8,0.0,1,1,0,92851.58,0
8475,15608474,Lewis,775,Germany,Male,25,4,0.0,2,1,0,104431.44,0
8476,15608475,Wright,516,Spain,Male,43,6,0.0,2,1,1,119643.62,0
8477,15608476,Anderson,730,France,Male,54,9,0.0,2,1,0,50454.93,0
8478,15608477,Wright,716,Spain,Female,35,6,143530.36,2,1,0,163060.67,1
8479,15608478,Hall,546,Spain,Male,33,6,172438.43,2,1,1,110465.09,0
8480,15608479,Anderson,769,Germany,Male,46,9,123683.97,4,1,0,52731.2,1
8481,15608480,King,535,France,Female,32,3,53290.65,1,1,1,34357.14,0
8482,15608481,Allen,522,France,Male,42,3,0.0,1,0,1,153150.79,0
8483,15608482,Anderson,607,Germany,Male,39,2,43632.68,2,1,1,105192.75,0
8484,15608483,Lewis,611,Germany,Male,35,3,0.0,1,1,1,36984.64,0
8485,15608484,Moore,591,Spain,Male,39,8,0.0,2,1,1,167674.78,0
8486,15608485,Smith,657,Germany,Male,57,4,0.0,3,1,0,140174.72,1
8487,15608486,Allen,686,France,Female,45,5,0.0,2,1,0,65460.4,1
8488,15608487,Thomas,642,Spain,Female,50,3,164822.08,1,1,0,55535.13,0
8489,15608488,King,537,France,Male,30,0,0.0,1,1,1,44061.42,0
8490,15608489,Harris,567,France,Male,50,6,52220.91,1,0,0,14298.21,1
8491,15608490,Martin,850,Germany,Male,45,6,0.0,1,1,0,188856.2,0
8492,15608491,Allen,548,France,Female,24,5,0.0,1,1,0,191440.27,0
8493,15608492,Moore,552,France,Male,44,3,24128.0,2,1,0,80903.74,0
8494,15608493,Moore,499,Germany,Male,34,9,14227.02,1,1,0,18682.72,0
8495,15608494,Wilson,744,France,Male,24,7,0.0,1,1,1,68174.91,0
8496,15608495,Wilson,743,Germany,Male,40,7,0.0,2,1,1,72007.12,0
8497,15608496,Hall,689,Germany,Male,44,0,94498.13,1,1,0,51935.44,0
8498,15608497,Brown,775,Spain,Female,41,8,0.0,2,1,0,20079.41,0
8499,15608498,Johnson,580,France,Female,38,7,0.0,2,0,1,20318.19,0
8500,15608499,Allen,538,France,Female,36,1,69606.4,2,0,1,187719.58,0
8501,15608500,Wilson,677,France,Male,64,8,0.0,2,0,0,158919.15,1
8502,15608501,Johnson,696,France,Female,27,3,144115.75,1,1,1,46645.22,0
8503,15608502,Smith,668,France,Male,48,9,138563.97,2,1,0,142654.65,0
8504,15608503,Jackson,620,Germany,Female,39,5,101716.14,2,1,0,11304.87,1
8505,15608504,Moore,750,France,Male,30,1,0.0,2,1,1,50678.54,0
8506,15608505,King,646,Spain,Male,39,9,117364.25,2,1,1,137897.93,0
8507,15608506,King,675,France,Male,25,3,0.0,3,1,0,124897.84,1
8508,15608507,Wilson,647,Spain,Male,33,1,37741.69,1,1,1,124992.9,0
8509,15608508,Harris,602,Germany,Female,39,8,202788.47,1,0,0,74825.9,0
8510,15608509,Walker,547,France,Female,23,8,126798.96,2,0,1,64482.15,0
8511,15608510,Brown,691,France,Male,44,4,86653.06,1,1,1,78839.55,0
8512,15608511,Wilson,440,Spain,Male,29,2,0.0,2,1,1,57233.14,0
8513,15608512,Moore,588,Spain,Male,24,2,80118.69,1,0,1,17006.33,0
8514,15608513,Smith,601,Spain,Male,28,0,222550.47,4,1,0,40268.5,1
8515,15608514,King,532,France,Male,61,7,0.0,1,1,1,9193.86,0
8516,15608515,Lewis,622,France,Female,19,2,0.0,1,1,1,34260.59,0
8517,15608516,Smith,693,Germany,Male,43,3,152251.64,1,1,0,56805.11,0
8518,15608517,Anderson,662,Germany,Female,31,1,33860.46,1,1,1,69474.0,1
8519,15608518,Wright,594,France,Female,35,7,29398.0,1,1,1,188001.17,1
8520,15608519,Wright,710,Germany,Female,45,2,0.0,2,0,1,161013.8,0
8521,15608520,Walker,676,France,Female,45,10,0.0,1,0,0,102210.95,1
8522,15608521,Allen,539,France,Female,32,1,126732.52,1,1,1,131728.2,0
8523,15608522,King,575,France,Male,25,0,69044.32,1,0,1,34508.07,0
8524,15608523,Thomas,513,France,Male,45,9,115994.0,2,0,0,108225.92,0
8525,15608524,Moore,616,Spain,Female,45,1,127575.25,1,1,1,160597.81,0
8526,15608525,Hall,585,France,Male,36,1,75255.42,1,1,0,31462.95,0
8527,15608526,Smith,628,France,Female,43,3,0.0,1,0,1,156081.59,0
8528,15608527,Brown,838,Germany,Female,35,10,114653.28,2,1,1,89227.25,0
8529,15608528,Johnson,491,Spain,Male,31,0,0.0,2,1,0,40148.04,1
8530,15608529,Hall,466,Spain,Male,39,0,0.0,3,0,1,10195.33,1
8531,15608530,Wright,795,Germany,Female,44,5,0.0,2,1,1,191180.09,0
8532,15608531,Smith,701,France,Female,42,4,0.0,2,1,0,34836.52,0
8533,15608532,Anderson,745,Spain,Male,44,0,0.0,3,0,0,161608.77,1
8534,15608533,Harris,617,Germany,Female,31,5,3853.67,2,0,1,107687.6,1
8535,15608534,Wright,717,Spain,Male,55,7,0.0,1,1,0,184123.55,0
8536,15608535,White,638,France,Male,36,4,0.0,2,1,1,164360.53,0
8537,15608536,Clark,734,France,Female,38,2,0.0,2,1,1,48413.47,1
8538,15608537,King,749,Germany,Male,26,2,44217.55,2,1,0,198028.33,0
8539,15608538,Clark,740,France,Female,37,10,61429.23,1,1,1,78232.75,0
8540,15608539,Thomas,587,Germany,Male,44,1,0.0,1,1,1,162765.1,0
8541,15608540,Anderson,659,Spain,Male,47,8,117969.57,1,1,0,197030.46,1
8542,15608541,Walker,557,Spain,Male,55,8,19818.27,2,0,0,61176.29,0
8543,15608542,Brown,704,Germany,Male,44,6,105321.92,1,1,0,149187.93,1
8544,15608543,Smith,683,Spain,Male,42,0,65030.76,1,1,1,34514.17,0
8545,15608544,Jackson,495,France,Female,35,0,65222.85,4,1,0,119204.01,0
8546,15608545,Allen,695,Spain,Male,32,3,51203.38,1,1,0,82663.75,0
8547,15608546,Taylor,692,Germany,Male,49,1,0.0,2,1,0,65362.38,0
8548,15608547,Moore,705,France,Female,49,2,0.0,2,1,0,18926.06,1
8549,15608548,Thomas,654,France,Male,28,1,139938.83,2,1,1,32714.41,0
8550,15608549,Johnson,705,France,Female,46,0,62291.96,1,0,1,188714.19,0
8551,15608550,Taylor,680,Germany,Male,46,2,0.0,1,1,0,123740.21,1
8552,15608551,White,564,France,Male,28,6,27382.46,2,1,0,30595.3,0
8553,15608552,White,711,Spain,Male,44,9,44438.55,2,1,1,95849.56,0
8554,15608553,Clark,558,France,Male,29,8,991.03,2,1,1,146936.24,0
8555,15608554,Thomas,546,France,Female,18,9,0.0,2,1,1,160906.29,0
8556,15608555,Lewis,671,Spain,Male,37,8,94322.84,1,1,0,146900.25,0
8557,15608556,Anderson,391,France,Female,42,7,70125.36,1,1,0,31855.46,0
8558,15608557,Hall,585,Spain,Male,38,5,0.0,2,1,1,185026.83,0
8559,15608558,Wright,620,Germany,Male,68,0,0.0,1,1,0,99411.48,0
8560,15608559,White,778,Germany,Male,43,7,15885.05,2,0,1,139066.0,0
8561,15608560,Anderson,629,France,Male,40,7,0.0,1,1,0,56486.04,0
8562,15608561,Smith,837,Germany,Male,43,8,223797.22,1,1,1,127224.03,0
8563,15608562,Martin,506,Spain,Female,35,9,0.0,2,1,1,105477.58,1
8564,15608563,Allen,696,Germany,Female,48,10,43155.49,2,1,1,39807.55,0
8565,15608564,Moore,713,France,Female,43,5,151589.06,1,1,1,179714.41,1
8566,15608565,Lewis,561,Spain,Male,42,2,0.0,2,1,0,127428.82,1
8567,15608566,Thomas,641,Germany,Male,33,5,0.0,1,0,1,66847.81,0
8568,15608567,Moore,640,Germany,Male,23,7,0.0,1,1,1,121597.72,0
8569,15608568,Taylor,755,France,Male,34,6,56676.27,1,1,1,173690.91,0
8570,15608569,Clark,510,France,Male,42,7,0.0,1,1,0,110933.38,1
8571,15608570,Clark,832,France,Female,35,2,66239.88,1,1,1,83709.79,0
8572,15608571,Walker,466,France,Female,42,7,41141.55,2,1,1,129355.0,0
8573,15608572,Johnson,691,France,Female,37,4,116695.92,2,1,1,68015.17,0
8574,15608573,Lewis,565,France,Male,43,6,108925.31,2,1,0,110222.83,0
8575,15608574,Allen,696,Germany,Female,29,3,0.0,1,1,1,85530.31,0
8576,15608575,Moore,586,France,Male,41,2,56576.25,2,1,0,44963.58,1
8577,15608576,Harris,781,Spain,Male,33,5,0.0,2,0,0,34793.23,0
8578,15608577,Lewis,660,France,Male,24,8,0.0,1,0,1,97029.83,0
8579,15608578,White,609,France,Female,37,3,65697.75,1,1,1,44393.35,0
8580,15608579,Wright,541,France,Female,54,8,96676.42,1,0,1,120667.92,0
8581,15608580,Moore,688,France,Female,24,2,136587.6,1,1,1,182734.46,1
8582,15608581,King,694,Germany,Male,40,5,0.0,2,1,1,91455.07,0
8583,15608582,Moore,615,Germany,Female,47,4,5084.51,2,1,1,175061.8,0
8584,15608583,Wright,653,France,Male,62,8,166702.33,1,0,1,186931.6,1
8585,15608584,Thomas,677,France,Male,34,5,28964.56,2,1,0,119806.43,0
8586,15608585,Walker,712,France,Female,33,1,0.0,2,0,1,116854.02,1
8587,15608586,Walker,553,Germany,Male,27,3,0.0,2,1,1,140603.22,0
8588,15608587,Harris,605,Germany,Male,50,4,0.0,2,1,0,27963.89,0
8589,15608588,Johnson,709,Spain,Male,30,10,0.0,1,1,1,121949.14,0
8590,15608589,Hall,640,Spain,Female,35,10,32795.83,2,1,0,111729.63,0
8591,15608590,Smith,468,Germany,Female,21,8,16507.37,1,1,0,45444.84,0
8592,15608591,Walker,804,France,Female,48,0,0.0,2,0,1,140862.98,0
8593,15608592,Brown,732,France,Female,51,8,96942.95,2,1,0,160366.19,0
8594,15608593,Wilson,480,Germany,Male,47,9,103137.27,3,0,0,45109.29,1
8595,15608594,Harris,586,Spain,Male,23,0,0.0,1,0,0,5961.11,1
8596,15608595,Johnson,803,Spain,Male,45,0,170185.29,1,1,1,104274.08,0
8597,15608596,Allen,694,Spain,Female,22,3,0.0,1,1,1,34730.82,0
8598,15608597,Wilson,510,France,Female,40,5,98001.4,1,0,0,6229.75,0
8599,15608598,Johnson,460,Spain,Male,41,1,123984.45,1,1,1,83516.91,0
8600,15608599,Allen,479,Spain,Female,42,0,53117.05,2,0,1,112025.32,0
8601,15608600,Moore,602,France,Female,44,3,106574.73,1,0,1,150504.3,0
8602,15608601,Anderson,715,Spain,Male,39,7,0.0,1,1,1,72910.85,0
8603,15608602,Lewis,501,Germany,Female,19,5,0.0,1,1,0,42621.84,0
8604,15608603,Taylor,705,France,Male,44,4,81483.21,2,1,0,65595.99,0
8605,15608604,Clark,565,France,Female,40,0,41409.19,2,1,1,100149.52,1
8606,15608605,Hall,470,France,Male,30,2,0.0,1,1,1,134285.39,0
8607,15608606,Brown,616,Spain,Male,23,6,84876.37,1,1,0,127229.28,0
8608,15608607,Walker,841,France,Female,54,9,85853.07,1,1,1,105800.37,1
8609,15608608,Moore,780,Spain,Male,51,2,0.0,2,1,0,51102.72,0
8610,15608609,Harris,602,Germany,Male,46,4,0.0,2,1,1,112443.03,0
8611,15608610,King,670,France,Male,32,5,95081.75,1,0,0,137744.85,0
8612,15608611,Taylor,594,Germany,Female,18,8,53831.08,2,0,1,178906.22,0
8613,15608612,King,459,Germany,Male,47,10,0.0,1,1,1,568.09,0
8614,15608613,Clark,591,France,Female,43,2,215749.53,2,1,1,116696.84,0
8615,15608614,Harris,712,France,Male,35,5,7118.01,1,1,1,124335.11,0
8616,15608615,Taylor,536,Germany,Male,50,10,0.0,2,1,1,42619.81,0
8617,15608616,Clark,754,Germany,Male,47,1,101953.11,2,1,1,111906.38,0
8618,15608617,Anderson,758,France,Male,41,8,80900.72,1,1,1,148722.75,0
8619,15608618,Harris,606,France,Female,39,8,58354.6,2,0,1,166342.15,1
8620,15608619,White,661,France,Female,40,6,50367.31,1,1,1,131733.38,0
8621,15608620,Walker,776,Germany,Male,46,10,0.0,2,0,1,195031.69,0
8622,15608621,Hall,685,France,Male,30,8,0.0,1,1,0,166645.96,0
8623,15608622,Walker,792,Spain,Female,43,3,0.0,2,0,0,78906.65,0
8624,15608623,Clark,480,Germany,Male,30,9,66960.6,2,1,1,174096.15,0
8625,15608624,Thomas,594,France,Male,52,0,48403.3,2,1,0,42460.61,0
8626,15608625,Smith,618,Spain,Male,44,0,0.0,1,1,0,141078.22,0
8627,15608626,White,771,France,Female,32,1,80469.75,1,1,1,33531.42,0
8628,15608627,Anderson,650,Germany,Female,40,9,0.0,2,1,1,194363.2,0
8629,15608628,Brown,578,France,Male,30,10,139655.39,1,1,0,128180.03,0
8630,15608629,Smith,639,Spain,Male,54,2,0.0,2,1,1,149023.21,0
8631,15608630,Young,700,Spain,Male,55,1,0.0,1,1,0,123442.92,0
8632,15608631,Walker,619,France,Female,46,3,120898.33,1,0,0,87691.78,1
8633,15608632,Wright,731,France,Male,55,7,3021.32,1,1,1,69770.0,0
8634,15608633,Clark,661,France,Male,41,2,64791.39,2,1,1,56116.22,1
8635,15608634,Brown,621,France,Female,47,3,123034.67,2,1,0,158149.17,1
8636,15608635,King,764,Germany,Male,51,1,70444.14,1,1,1,46198.24,0
8637,15608636,Martin,790,Germany,Male,39,0,80016.21,2,0,0,171040.82,1
8638,15608637,Taylor,763,France,Male,40,7,4865.85,1,1,1,151238.99,0
8639,15608638,Smith,572,Spain,Male,48,6,42651.11,1,1,0,81562.85,0
8640,15608639,Hall,766,Spain,Male,45,9,0.0,1,1,0,128333.47,0
8641,15608640,Johnson,747,Germany,Male,31,1,123914.28,1,1,1,161843.03,1
8642,15608641,Clark,539,France,Male,18,7,53533.0,2,1,0,3359.98,0
8643,15608642,Harris,618,France,Male,37,9,149043.71,2,1,1,54170.64,0
8644,15608643,Anderson,771,France,Female,18,2,0.0,1,1,1,194113.82,0
8645,15608644,White,743,Spain,Male,29,6,0.0,2,1,1,81256.1,0
8646,15608645,Smith,599,France,Male,30,0,163492.63,2,1,0,139374.48,0
8647,15608646,Hall,544,France,Female,33,2,0.0,1,1,0,36478.5,1
8648,15608647,Clark,776,France,Male,47,8,0.0,1,1,0,73981.01,0
8649,15608648,Wright,705,Spain,Female,49,3,130627.94,1,1,0,160599.68,1
8650,15608649,Johnson,654,France,Male,44,0,59186.47,1,1,1,93479.81,0
8651,15608650,Moore,572,France,Female,45,10,104426.74,1,0,1,179835.83,0
8652,15608651,White,720,France,Female,46,5,0.0,2,1,0,3405.52,1
8653,15608652,Moore,550,France,Male,18,0,105248.83,2,0,0,109612.51,0
8654,15608653,King,562,Spain,Male,39,9,118662.94,2,1,1,160842.21,1
8655,15608654,Clark,689,France,Male,21,0,141342.94,4,0,0,81331.1,0
8656,15608655,Jackson,746,France,Male,44,1,102554.36,2,1,1,55004.98,0
8657,15608656,Young,664,Spain,Male,18,2,0.0,1,0,1,49920.38,0
8658,15608657,White,615,France,Male,37,1,43389.94,2,1,1,73684.29,0
8659,15608658,Thomas,736,France,Male,44,7,102895.02,1,1,0,148325.16,1
8660,15608659,Walker,538,Germany,Male,28,5,0.0,1,1,0,35692.23,0
8661,15608660,Johnson,558,France,Female,49,0,33433.09,2,1,0,117546.83,0
8662,15608661,Thomas,755,France,Male,44,5,119243.57,1,0,0,4426.6,0
8663,15608662,Taylor,535,France,Female,43,0,0.0,2,1,1,20132.2,1
8664,15608663,Walker,477,France,Male,46,8,0.0,1,0,0,42588.62,0
8665,15608664,Anderson,554,Spain,Female,35,2,0.0,2,1,1,107267.37,0
8666,15608665,Jackson,755,Spain,Male,41,0,0.0,2,1,1,153617.64,1
8667,15608666,Young,737,Spain,Male,39,0,139122.39,1,0,1,26549.9,0
8668,15608667,Wright,508,France,Male,39,1,0.0,1,1,1,115553.34,0
8669,15608668,Anderson,570,France,Male,32,5,0.0,1,0,0,143850.07,0
8670,15608669,Moore,506,Germany,Male,27,0,13197.58,1,1,1,169507.0,0
8671,15608670,Jackson,712,Germany,Female,36,6,46202.37,2,1,0,48004.11,1
8672,15608671,Moore,531,France,Male,35,10,11421.55,1,1,1,27598.46,0
8673,15608672,Harris,694,France,Male,32,3,14587.41,2,1,1,123496.77,1
8674,15608673,Wilson,630,France,Male,48,6,108119.44,2,1,1,73343.89,0
8675,15608674,Moore,659,France,Female,27,3,0.0,2,1,1,124275.07,0
8676,15608675,Johnson,487,France,Male,37,10,0.0,1,1,1,49178.68,0
8677,15608676,Anderson,737,France,Male,51,3,0.0,1,1,1,46780.44,0
8678,15608677,Wright,800,Spain,Male,48,3,37060.74,2,0,1,152646.68,0
8679,15608678,Smith,794,Spain,Male,51,9,0.0,2,0,1,56365.31,0
8680,15608679,Young,656,France,Male,33,9,29163.51,1,1,0,190648.09,0
8681,15608680,Hall,451,France,Female,47,7,0.0,2,1,0,147482.22,1
8682,15608681,Johnson,615,Germany,Male,28,1,59841.17,2,1,1,189306.6,0
8683,15608682,White,676,France,Male,36,7,9360.28,2,1,0,128491.64,0
8684,15608683,Walker,663,Spain,Female,37,9,14818.08,1,1,0,156526.5,0
8685,15608684,Jackson,500,France,Female,33,10,56485.11,4,0,1,77299.4,0
8686,15608685,Walker,719,Spain,Female,35,0,65960.63,2,1,0,198445.67,0
8687,15608686,Thomas,725,France,Male,34,6,0.0,1,1,0,53674.92,0
8688,15608687,Taylor,725,France,Female,29,6,62033.63,2,1,1,17019.97,0
8689,15608688,Anderson,580,France,Male,48,5,0.0,2,0,0,174527.47,0
8690,15608689,Taylor,509,France,Female,37,3,63163.53,2,1,1,111151.57,0
8691,15608690,Johnson,603,France,Male,41,4,90836.95,2,0,0,82018.24,0
8692,15608691,Martin,764,Spain,Male,41,0,126322.01,1,1,1,63515.09,0
8693,15608692,Harris,556,France,Male,40,1,0.0,1,1,1,191570.48,0
8694,15608693,Lewis,566,France,Male,40,9,75803.84,2,1,0,183635.36,1
8695,15608694,Jackson,547,Spain,Male,36,6,0.0,1,1,0,173403.19,0
8696,15608695,Anderson,609,Spain,Female,53,1,0.0,3,1,0,127995.76,1
8697,15608696,Clark,690,Germany,Male,47,7,0.0,1,1,0,46490.26,0
8698,15608697,Hall,716,Spain,Female,39,6,0.0,1,1,1,172483.26,0
8699,15608698,Clark,528,France,Female,35,9,0.0,2,0,0,181649.4,1
8700,15608699,Hall,748,Spain,Male,38,7,175994.96,1,0,0,65471.36,0
8701,15608700,White,762,Germany,Female,43,3,119698.9,2,0,0,126905.29,1
8702,15608701,Martin,622,Germany,Male,54,0,0.0,1,1,1,149.7,0
8703,15608702,White,515,France,Female,25,6,0.0,2,0,1,157079.48,0
8704,15608703,Hall,772,France,Male,46,0,0.0,2,1,0,143319.2,0
8705,15608704,Walker,686,France,Female,50,6,82395.73,2,1,1,39910.58,0
8706,15608705,Brown,835,Spain,Female,24,8,0.0,2,1,0,48895.31,0
8707,15608706,Allen,510,Spain,Female,37,4,0.0,1,0,1,95679.21,0
8708,15608707,Wright,678,Spain,Male,28,1,0.0,1,0,1,131767.41,0
8709,15608708,Walker,792,France,Male,43,10,0.0,2,1,1,146564.61,0
8710,15608709,Lewis,695,Spain,Male,35,0,96139.8,2,1,0,4292.87,0
8711,15608710,Jackson,438,Germany,Male,38,7,154083.33,2,1,1,7771.53,0
8712,15608711,Thomas,447,France,Male,35,3,87417.51,1,0,1,116398.84,0
8713,15608712,Brown,824,Spain,Male,46,7,0.0,2,0,1,43778.89,1
8714,15608713,Lewis,590,France,Male,41,1,157956.54,2,0,0,87200.43,0
8715,15608714,Taylor,696,Germany,Female,41,2,59244.73,1,1,0,3949.59,0
8716,15608715,Walker,524,Germany,Male,41,2,0.0,1,1,0,98056.81,1
8717,15608716,Young,595,Spain,Male,45,3,0.0,1,1,0,2258.52,1
8718,15608717,Harris,743,Spain,Female,36,8,150780.73,1,0,0,197838.87,0
8719,15608718,Walker,677,Germany,Female,56,8,0.0,1,1,1,30549.26,1
8720,15608719,Thomas,606,France,Male,27,4,111518.26,1,1,1,161460.22,0
8721,15608720,Smith,727,France,Male,22,6,131002.32,2,1,1,71934.86,0
8722,15608721,Wright,645,Germany,Male,21,8,101804.31,1,0,0,51015.61,0
8723,15608722,Anderson,747,France,Male,18,0,18668.48,1,0,1,26881.87,0
8724,15608723,Allen,608,France,Male,46,1,134666.06,2,1,1,174228.54,0
8725,15608724,Taylor,679,Germany,Female,45,5,0.0,2,1,1,64437.39,0
8726,15608725,Clark,844,Spain,Female,51,2,0.0,1,1,1,147948.4,0
8727,15608726,Wilson,665,France,Female,28,10,0.0,2,0,1,22552.16,0
8728,15608727,Harris,717,France,Female,46,10,0.0,1,1,0,196299.6,1
8729,15608728,Moore,481,France,Female,40,6,15572.6,1,0,1,115653.74,1
8730,15608729,Taylor,664,France,Male,41,4,0.0,1,1,1,158748.86,0
8731,15608730,Brown,670,France,Male,45,9,89348.86,1,1,1,1373.24,0
8732,15608731,Thomas,532,Spain,Male,31,7,54759.08,1,0,1,134773.97,0
8733,15608732,Taylor,624,France,Male,65,0,0.0,1,1,0,180190.52,1
8734,15608733,King,622,France,Male,52,8,89149.7,1,1,1,104653.67,0
8735,15608734,Thomas,542,France,Male,34,10,90109.14,2,1,0,167934.83,0
8736,15608735,King,601,Germany,Male,28,9,0.0,2,1,0,103701.5,0
8737,15608736,Walker,850,France,Male,38,5,0.0,1,1,0,194715.31,1
8738,15608737,Martin,652,France,Female,41,4,146565.09,2,1,1,27262.36,0
8739,15608738,Hall,680,France,Male,50,7,65332.19,1,1,1,185467.26,0
8740,15608739,Harris,833,Spain,Female,27,3,0.0,2,0,0,117480.29,0
8741,15608740,Walker,409,Spain,Male,42,8,156834.25,2,1,1,178264.07,0
8742,15608741,Walker,850,France,Female,24,4,35355.06,1,1,0,25104.91,0
8743,15608742,Martin,722,France,Male,43,0,12253.48,1,1,0,182764.06,1
8744,15608743,Walker,531,France,Male,38,7,878.28,1,0,1,98481.94,0
8745,15608744,Johnson,530,Spain,Female,58,8,0.0,2,0,0,91506.63,0
8746,15608745,Harris,727,Spain,Male,24,4,0.0,2,0,1,113938.42,0
8747,15608746,Lewis,725,France,Female,53,4,31392.96,1,0,0,175205.44,0
8748,15608747,Allen,692,France,Female,22,5,135691.18,2,1,1,166884.48,0
8749,15608748,Taylor,558,France,Female,26,8,56590.05,1,1,0,24859.47,0
8750,15608749,Anderson,673,France,Male,22,4,0.0,2,1,1,2385.04,0
8751,15608750,Martin,587,Spain,Female,42,1,168821.68,1,1,1,102584.38,0
8752,15608751,Wilson,623,France,Male,27,2,141596.04,3,1,0,198044.96,0
8753,15608752,Anderson,554,France,Female,26,10,36457.47,2,1,0,101491.53,1
8754,15608753,Brown,584,France,Female,41,9,0.0,2,1,1,28982.25,0
8755,15608754,White,446,Germany,Male,44,2,65091.8,1,1,1,86908.76,0
8756,15608755,Thomas,796,Germany,Female,39,8,116818.01,1,1,0,73722.41,1
8757,15608756,Hall,568,France,Female,37,7,146602.78,2,1,0,191007.27,1
8758,15608757,Jackson,783,France,Female,57,5,0.0,2,1,0,189998.07,0
8759,15608758,Smith,606,France,Male,40,4,0.0,2,1,0,14409.76,1
8760,15608759,Allen,592,France,Male,47,9,0.0,1,0,1,46715.34,0
8761,15608760,King,448,France,Female,40,1,9234.83,2,0,0,91608.86,0
8762,15608761,Hall,835,Spain,Female,28,8,0.0,1,1,0,113827.34,0
8763,15608762,Clark,752,Spain,Female,44,9,38624.28,1,0,1,37822.29,0
8764,15608763,Wright,558,Germany,Female,32,7,0.0,2,1,0,117042.56,0
8765,15608764,Anderson,739,France,Male,38,4,181241.53,1,0,1,40737.3,0
8766,15608765,Johnson,754,Germany,Male,42,5,83836.32,2,1,1,84213.04,0
8767,15608766,Walker,670,Germany,Male,20,8,130086.18,2,1,0,104695.25,0
8768,15608767,Johnson,667,France,Female,23,0,0.0,2,1,0,195047.9,0
8769,15608768,Jackson,649,France,Male,48,3,30210.9,2,1,0,13758.88,1
8770,15608769,Martin,574,France,Male,32,4,33970.58,1,0,1,185222.05,0
8771,15608770,Johnson,611,France,Male,33,8,137903.91,1,1,0,27261.14,0
8772,15608771,Young,556,France,Male,41,4,0.0,1,1,1,19393.31,0
8773,15608772,Clark,750,Spain,Male,35,4,2319.06,3,0,0,58867.94,0
8774,15608773,Hall,811,France,Male,43,2,0.0,2,1,0,112688.59,0
8775,15608774,Thomas,685,Germany,Female,38,7,155976.95,1,1,1,83207.21,0
8776,15608775,Brown,599,France,Male,41,6,0.0,2,0,0,104480.07,0
8777,15608776,Anderson,607,Germany,Female,32,7,28004.37,1,1,1,155763.4,1
8778,15608777,Taylor,684,France,Male,41,3,108050.21,1,1,0,166157.79,0
8779,15608778,Wright,704,Germany,Male,50,7,0.0,2,0,1,192467.94,0
8780,15608779,Anderson,664,France,Male,33,9,0.0,1,1,1,185235.63,0
8781,15608780,Clark,580,France,Male,48,3,0.0,2,0,0,38280.11,1
8782,15608781,Wright,764,Germany,Female,38,0,118562.4,1,1,0,143222.92,0
8783,15608782,Hall,662,France,Female,46,3,160821.3,2,1,1,149924.45,1
8784,15608783,Clark,695,Spain,Male,40,4,76464.72,1,1,0,95733.18,1
8785,15608784,Moore,446,Spain,Male,39,9,0.0,1,1,0,177082.18,1
8786,15608785,Martin,629,France,Male,42,7,0.0,2,1,1,151661.65,1
8787,15608786,Wright,719,France,Female,51,9,113013.5,2,1,0,80419.86,1
8788,15608787,Smith,530,Spain,Male,41,5,84934.6,2,1,0,84394.76,0
8789,15608788,Jackson,481,France,Male,44,10,22103.0,1,1,0,74798.13,1
8790,15608789,King,760,Spain,Female,35,9,0.0,1,0,0,101272.1,0
8791,15608790,Anderson,662,Germany,Male,55,4,0.0,1,0,0,146376.59,0
8792,15608791,Thomas,669,France,Male,45,2,132613.64,1,0,1,63566.62,0
8793,15608792,Harris,689,France,Male,40,3,38330.9,1,1,1,45641.76,0
8794,15608793,White,675,Spain,Male,38,5,38606.7,1,1,1,6816.82,0
8795,15608794,Hall,361,France,Female,49,5,102104.02,1,0,1,159412.51,0
8796,15608795,Wilson,611,France,Male,33,5,0.0,1,1,0,72455.29,0
8797,15608796,Walker,636,France,Male,21,1,26725.23,1,1,1,150754.1,0
8798,15608797,Martin,666,Spain,Male,40,10,0.0,3,1,1,22340.19,0
8799,15608798,Clark,653,France,Male,51,7,0.0,1,0,0,106423.47,0
8800,15608799,King,608,France,Male,55,7,146603.54,2,1,1,79702.39,0
8801,15608800,Jackson,735,Germany,Male,38,5,55063.8,1,1,0,94891.17,0
8802,15608801,Wilson,622,France,Male,39,3,0.0,1,1,1,185068.85,0
8803,15608802,Brown,668,France,Female,44,1,98533.78,2,1,1,13014.84,1
8804,15608803,Taylor,805,Germany,Female,36,5,0.0,2,0,1,83989.74,1
8805,15608804,Wright,510,Spain,Female,44,5,22755.1,2,0,1,165738.24,0
8806,15608805,Thomas,430,Germany,Male,38,9,0.0,1,0,1,123621.47,0
8807,15608806,Jackson,683,France,Male,49,2,170516.89,2,1,0,196566.98,0
8808,15608807,Anderson,707,Germany,Female,46,1,86520.13,1,0,1,148787.94,1
8809,15608808,Thomas,850,France,Female,47,3,353.68,1,1,1,19039.82,0
8810,15608809,Anderson,653,France,Male,37,7,70618.37,2,1,0,75604.55,1
8811,15608810,Taylor,633,France,Male,58,4,0.0,1,0,1,65810.05,0
8812,15608811,Anderson,599,France,Male,44,2,126428.65,2,1,1,98143.28,0
8813,15608812,Young,755,Germany,Female,41,4,0.0,1,0,1,124299.66,0
8814,15608813,Taylor,699,France,Female,31,8,153799.72,1,1,1,50380.52,0
8815,15608814,Wilson,730,Spain,Male,38,10,72934.09,2,1,1,125728.61,0
8816,15608815,Wright,677,Spain,Female,40,7,0.0,1,0,1,52787.2,1
8817,15608816,Jackson,733,Spain,Female,31,9,134639.34,1,1,0,24864.84,0
8818,15608817,Young,786,France,Female,36,6,0.0,1,1,1,102510.51,0
8819,15608818,Brown,708,Spain,Female,37,3,175822.3,2,1,1,97638.09,0
8820,15608819,Wilson,598,France,Female,40,1,0.0,1,0,1,81329.61,0
8821,15608820,Hall,556,France,Male,21,8,0.0,2,1,1,106359.54,0
8822,15608821,Lewis,665,Germany,Female,38,2,0.0,4,1,1,99991.91,1
8823,15608822,Wilson,797,France,Female,35,5,0.0,2,1,0,116938.19,0
8824,15608823,Thomas,670,France,Male,39,6,151858.59,2,1,1,193407.27,0
8825,15608824,Smith,489,Germany,Male,49,2,0.0,2,0,1,141298.46,1
8826,15608825,Martin,822,France,Male,60,2,0.0,2,1,1,173042.14,0
8827,15608826,Walker,695,Spain,Male,46,2,0.0,2,0,1,99497.33,0
8828,15608827,Lewis,641,France,Male,27,2,132610.23,2,1,0,138492.25,0
8829,15608828,Smith,634,France,Male,36,2,56963.44,2,1,1,12977.77,0
8830,15608829,Clark,426,France,Male,45,6,220288.39,2,0,0,162724.46,0
8831,15608830,Martin,570,France,Male,44,4,94731.46,2,1,0,189241.27,0
8832,15608831,Allen,568,France,Male,49,3,95220.85,1,0,1,194781.31,0
8833,15608832,Lewis,711,Spain,Female,38,5,0.0,1,1,1,37023.01,0
8834,15608833,Walker,629,Spain,Male,35,7,63690.17,1,1,0,192922.46,0
8835,15608834,Allen,756,Germany,Male,57,1,0.0,1,0,1,108502.0,0
8836,15608835,Thomas,441,France,Male,40,2,2579.47,2,1,1,170825.15,1
8837,15608836,Smith,850,Spain,Female,29,1,79849.57,2,1,0,149986.09,0
8838,15608837,Wright,771,Spain,Female,54,6,99832.42,1,1,1,181262.22,0
8839,15608838,Walker,692,Germany,Male,24,1,43704.0,2,1,1,122969.21,0
8840,15608839,King,616,France,Female,18,4,163461.88,1,0,1,65310.36,0
8841,15608840,Wilson,727,Spain,Male,47,10,0.0,2,0,1,152059.17,0
8842,15608841,King,659,Germany,Male,48,9,124883.63,1,0,0,57513.76,0
8843,15608842,Johnson,631,France,Male,43,8,10811.83,2,0,0,53284.85,0
8844,15608843,Moore,722,Germany,Male,26,7,126568.92,1,1,1,34212.34,0
8845,15608844,Hall,734,France,Male,38,7,0.0,1,1,0,15475.09,0
8846,15608845,Wright,684,Spain,Male,36,2,85266.8,2,1,1,160936.52,0
8847,15608846,Hall,604,Germany,Male,34,0,0.0,1,0,1,60440.48,0
8848,15608847,Young,638,Spain,Male,53,1,0.0,1,1,0,79657.57,0
8849,15608848,Allen,519,France,Male,29,6,58378.56,1,1,0,154987.97,0
8850,15608849,Thomas,514,France,Male,42,3,0.0,1,1,0,7144.51,0
8851,15608850,Smith,592,Germany,Male,51,9,0.0,3,1,1,66143.1,0
8852,15608851,King,744,France,Female,43,4,173129.09,1,0,1,184217.3,0
8853,15608852,Wilson,661,France,Female,51,0,0.0,1,1,0,40632.46,1
8854,15608853,Wright,742,Spain,Male,45,10,52806.11,1,1,1,16708.74,0
8855,15608854,Harris,775,France,Female,43,1,0.0,1,1,0,194141.84,0
8856,15608855,Harris,685,France,Male,43,8,0.0,2,1,1,134906.75,0
8857,15608856,Brown,549,France,Female,45,5,137796.98,1,1,1,163600.94,0
8858,15608857,King,729,France,Male,35,6,93954.02,2,1,1,32583.97,0
8859,15608858,Smith,540,Spain,Female,26,4,73148.86,2,0,1,2276.42,0
8860,15608859,Wright,598,Spain,Female,49,8,0.0,1,1,1,112181.89,0
8861,15608860,Harris,781,Spain,Female,51,9,150893.37,2,1,0,131994.28,1
8862,15608861,Thomas,650,Germany,Male,42,4,0.0,1,1,1,44762.97,0
8863,15608862,Walker,695,Germany,Female,34,5,89405.81,1,1,1,3788.37,0
8864,15608863,Anderson,452,Spain,Female,23,9,58347.96,1,1,1,193830.55,0
8865,15608864,Taylor,619,France,Male,40,8,0.0,1,0,0,73194.64,0
8866,15608865,Wilson,677,Spain,Female,26,4,60169.15,1,0,0,143704.29,0
8867,15608866,Wilson,659,France,Female,24,3,0.0,2,1,0,94369.73,0
8868,15608867,Smith,726,Spain,Male,39,4,0.0,1,0,1,51387.65,0
8869,15608868,Harris,589,Spain,Female,31,10,0.0,2,0,0,190702.52,1
8870,15608869,Wright,761,France,Female,42,4,28080.69,2,1,1,110125.95,1
8871,15608870,Harris,605,Germany,Female,37,4,73485.55,1,1,0,68064.31,1
8872,15608871,Smith,652,France,Female,33,0,24760.8,2,1,1,147294.33,1
8873,15608872,Moore,554,Spain,Male,22,4,186128.45,2,1,0,124234.19,1
8874,15608873,Smith,704,France,Female,30,4,0.0,2,1,1,140777.22,0
8875,15608874,Hall,576,Germany,Male,31,0,0.0,1,1,1,166051.42,0
8876,15608875,Allen,676,France,Male,27,3,52787.69,1,1,0,32507.78,0
8877,15608876,Thomas,729,France,Female,36,7,45806.1,2,0,0,12256.51,1
8878,15608877,Brown,740,France,Male,28,3,127469.16,2,0,1,92559.94,0
8879,15608878,Jackson,850,France,Female,37,6,76064.92,2,0,1,4491.61,0
8880,15608879,Smith,651,France,Female,41,5,0.0,1,0,1,41963.49,0
8881,15608880,Allen,620,Spain,Female,31,4,53096.39,1,0,0,33138.41,1
8882,15608881,Harris,589,France,Female,43,8,0.0,1,1,1,153071.49,0
8883,15608882,Young,710,France,Male,25,7,0.0,2,1,1,156665.72,0
8884,15608883,Taylor,638,France,Female,28,4,0.0,1,1,1,26666.17,0
8885,15608884,Martin,568,Germany,Male,38,9,54914.77,1,1,0,62371.62,0
8886,15608885,Brown,565,Spain,Male,46,6,0.0,1,1,1,142007.73,0
8887,15608886,Jackson,772,Spain,Female,48,10,73477.78,2,1,1,40600.01,0
8888,15608887,Jackson,736,Spain,Male,55,8,90615.76,1,0,1,69578.03,0
8889,15608888,King,778,France,Male,35,6,67750.35,1,0,1,73458.91,0
8890,15608889,Lewis,512,France,Female,38,2,120461.7,2,1,1,14393.65,1
8891,15608890,Moore,615,France,Female,29,9,0.0,2,1,0,39687.33,0
8892,15608891,King,561,Germany,Male,26,10,29869.22,1,1,1,43180.89,0
8893,15608892,Smith,663,Germany,Male,41,4,0.0,2,0,1,146036.79,0
8894,15608893,Anderson,573,France,Male,31,8,56660.89,1,0,0,57628.08,0
8895,15608894,Smith,786,France,Female,51,8,0.0,2,0,0,148507.67,0
8896,15608895,Wright,615,France,Male,24,7,54491.82,3,0,0,103327.74,1
8897,15608896,King,830,France,Male,44,5,0.0,2,1,1,16159.16,0
8898,15608897,Johnson,734,Spain,Male,29,6,92473.12,2,0,1,43749.15,0
8899,15608898,Harris,738,France,Female,31,6,74533.49,2,1,0,8990.49,1
8900,15608899,Harris,818,Germany,Male,44,10,0.0,1,0,0,193123.72,0
8901,15608900,Taylor,657,France,Female,32,0,61180.55,2,1,0,165192.44,0
8902,15608901,Martin,732,Germany,Male,34,7,12661.87,2,0,0,53703.01,0
8903,15608902,Thomas,681,Germany,Male,31,5,0.0,2,1,0,70421.37,0
8904,15608903,Clark,574,Germany,Male,57,6,191875.92,2,0,0,141913.99,1
8905,15608904,Jackson,589,Spain,Female,33,9,31177.3,1,0,1,91286.13,0
8906,15608905,Thomas,630,Spain,Female,40,9,56786.0,1,1,1,120018.62,0
8907,15608906,White,694,Spain,Male,37,10,19244.28,1,1,1,5290.77,0
8908,15608907,Johnson,723,Spain,Male,41,1,70298.65,1,0,1,184937.1,0
8909,15608908,Anderson,705,Spain,Male,33,6,22022.88,1,1,0,51710.49,0
8910,15608909,Moore,706,Germany,Female,37,7,0.0,2,1,0,131314.05,0
8911,15608910,Moore,623,Spain,Male,43,4,144460.94,1,0,0,189994.75,0
8912,15608911,Taylor,435,Germany,Male,30,0,120240.44,2,1,1,132122.67,0
8913,15608912,Martin,724,Germany,Male,50,5,0.0,1,1,0,150814.02,0
8914,15608913,Taylor,573,France,Male,51,2,0.0,2,1,1,193221.75,1
8915,15608914,Johnson,850,France,Male,45,4,0.0,2,0,0,134820.12,0
8916,15608915,Anderson,683,France,Male,40,8,0.0,2,0,1,101238.58,0
8917,15608916,Moore,784,Spain,Female,18,6,44322.79,1,1,0,106231.72,0
8918,15608917,Anderson,543,Germany,Male,43,7,0.0,1,0,0,8347.5,0
8919,15608918,Jackson,760,France,Male,35,5,121832.11,2,1,0,16575.4,1
8920,15608919,Taylor,719,Spain,Male,37,8,0.0,1,0,1,112050.39,0
8921,15608920,Taylor,687,Spain,Male,20,2,0.0,1,1,1,107330.54,0
8922,15608921,Clark,548,France,Female,44,0,0.0,1,1,0,101539.02,0
8923,15608922,Brown,582,Spain,Male,25,9,0.0,1,1,0,27919.88,0
8924,15608923,Brown,714,Germany,Female,40,10,3983.81,2,1,1,185750.07,0
8925,15608924,Anderson,582,France,Female,48,3,17974.91,2,0,1,181548.69,0
8926,15608925,Lewis,570,Spain,Female,34,7,0.0,1,1,1,59624.62,0
8927,15608926,Moore,601,Spain,Male,51,5,0.0,2,0,0,80299.56,1
8928,15608927,Harris,699,France,Male,32,6,25658.68,2,1,1,77013.29,0
8929,15608928,Brown,788,France,Female,45,8,108662.29,1,1,1,44857.19,1
8930,15608929,Johnson,690,Germany,Male,26,1,0.0,2,1,0,66133.82,1
8931,15608930,Allen,768,France,Female,49,6,99836.5,1,1,1,198781.26,0
8932,15608931,Allen,636,France,Male,48,3,70414.85,2,1,1,114062.76,0
8933,15608932,Martin,848,France,Male,44,6,145473.19,1,0,0,179757.74,0
8934,15608933,Lewis,779,Spain,Male,35,7,112845.68,1,0,1,146453.91,0
8935,15608934,Clark,737,Spain,Female,25,1,5707.9,1,1,1,175607.03,0
8936,15608935,Anderson,694,Spain,Male,35,6,33403.86,1,0,0,73153.91,0
8937,15608936,Jackson,688,France,Male,50,7,0.0,1,1,0,128406.9,1
8938,15608937,Wright,505,Germany,Male,40,0,0.0,1,1,1,74368.77,0
8939,15608938,Wilson,501,France,Female,23,10,0.0,3,1,0,163487.08,0
8940,15608939,Brown,713,France,Female,28,9,147930.06,1,1,1,153206.63,0
8941,15608940,Smith,657,France,Male,52,4,0.0,1,1,0,156165.11,0
8942,15608941,Johnson,705,France,Female,44,8,67643.56,1,1,1,39240.76,0
8943,15608942,Jackson,540,Germany,Female,27,1,141910.67,2,0,1,171618.14,1
8944,15608943,Jackson,798,Germany,Male,21,5,150234.03,1,1,1,199583.14,0
8945,15608944,Jackson,630,France,Female,33,1,85732.25,2,1,1,166062.58,1
8946,15608945,Lewis,687,Germany,Male,20,2,0.0,1,1,0,96605.78,0
8947,15608946,Young,601,Germany,Female,37,10,0.0,1,1,1,61094.15,0
8948,15608947,Taylor,682,Germany,Male,64,5,43717.05,2,1,0,25990.94,0
8949,15608948,Allen,850,France,Male,23,4,0.0,2,1,0,82275.91,0
8950,15608949,Moore,762,Spain,Male,37,3,28780.62,2,1,1,53986.91,0
8951,15608950,Thomas,595,France,Male,52,6,0.0,2,0,1,86419.98,0
8952,15608951,Thomas,552,Germany,Female,46,2,0.0,2,0,0,10602.73,0
8953,15608952,Wilson,684,France,Male,38,9,0.0,1,1,0,58710.02,0
8954,15608953,Harris,618,Spain,Male,38,6,0.0,2,0,0,192232.91,1
8955,15608954,Smith,584,France,Female,27,8,0.0,1,0,0,23895.44,0
8956,15608955,Walker,843,France,Male,36,1,109368.48,1,1,1,14769.28,0
8957,15608956,Walker,458,Spain,Female,41,4,103084.74,1,1,0,137866.87,1
8958,15608957,Young,719,Germany,Male,50,0,78998.29,2,1,1,165647.18,0
8959,15608958,Young,838,Spain,Female,33,6,95002.59,1,0,1,19361.54,0
8960,15608959,Taylor,537,Germany,Male,37,1,74373.91,1,0,1,191398.63,0
8961,15608960,Harris,610,France,Male,30,10,56443.21,2,1,1,7367.38,0
8962,15608961,Lewis,618,Spain,Female,41,4,0.0,2,1,0,175172.34,0
8963,15608962,Hall,806,France,Male,47,0,133705.7,1,1,1,166178.55,0
8964,15608963,Young,647,France,Female,45,10,0.0,2,1,1,133682.54,0
8965,15608964,Harris,849,Spain,Female,27,0,220335.67,1,1,1,126742.95,1
8966,15608965,Clark,733,Spain,Female,40,3,0.0,2,1,1,156715.09,0
8967,15608966,Smith,616,Spain,Female,32,6,72087.24,2,0,0,15600.81,0
8968,15608967,Young,541,Spain,Female,49,6,113892.8,2,0,1,75425.11,0
8969,15608968,Moore,552,Spain,Male,37,7,0.0,2,1,1,18429.21,0
8970,15608969,Lewis,714,France,Male,24,8,0.0,1,0,1,30878.26,0
8971,15608970,Brown,850,France,Male,37,3,89070.87,1,1,1,165766.33,0
8972,15608971,Jackson,604,Spain,Female,44,1,0.0,1,0,1,140372.59,0
8973,15608972,Brown,588,France,Male,41,9,63140.64,1,1,1,73402.27,0
8974,15608973,Martin,714,France,Male,34,9,0.0,3,1,1,81234.73,0
8975,15608974,Young,631,France,Female,33,2,0.0,2,1,1,135538.14,0
8976,15608975,Wilson,605,Spain,Male,29,8,144919.27,2,0,1,127762.15,0
8977,15608976,Moore,801,France,Male,35,10,54156.71,1,0,1,97485.8,0
8978,15608977,White,798,Spain,Male,30,7,0.0,1,0,1,149808.86,0
8979,15608978,Wright,678,Spain,Female,49,5,95416.05,2,1,0,41978.51,0
8980,15608979,Young,587,France,Female,30,10,0.0,2,1,1,60370.73,1
8981,15608980,White,688,Germany,Male,40,2,140354.52,1,1,0,12974.33,1
8982,15608981,Anderson,749,Spain,Male,40,9,188058.57,1,1,0,114735.7,0
8983,15608982,Thomas,781,Spain,Female,48,7,50695.98,1,1,0,151886.03,1
8984,15608983,Martin,759,Spain,Female,50,1,0.0,2,0,1,105079.7,0
8985,15608984,Thomas,399,France,Male,46,10,0.0,1,1,1,73461.71,0
8986,15608985,Hall,698,Spain,Male,43,3,46881.57,1,0,1,39932.37,0
8987,15608986,Jackson,725,France,Male,29,3,143616.55,2,0,0,112007.87,1
8988,15608987,Taylor,740,Germany,Female,28,8,0.0,1,1,0,27503.42,0
8989,15608988,Wright,685,Germany,Female,31,7,154019.53,1,1,0,108496.72,1
8990,15608989,Martin,654,Spain,Female,47,6,0.0,1,0,1,37089.04,0
8991,15608990,Brown,622,France,Female,40,3,97926.93,1,1,1,19127.42,1
8992,15608991,Anderson,573,France,Female,48,6,101684.45,2,0,0,192997.79,0
8993,15608992,Johnson,589,France,Male,49,0,119995.44,2,1,0,11892.26,0
8994,15608993,King,784,France,Male,32,10,0.0,1,1,0,176458.48,0
8995,15608994,Moore,719,France,Male,39,7,0.0,2,1,1,191571.48,0
8996,15608995,Smith,730,Spain,Female,39,7,0.0,1,1,0,138770.8,0
8997,15608996,Harris,595,France,Female,36,8,42211.45,1,1,1,193112.63,0
8998,15608997,King,702,Germany,Female,34,8,0.0,1,1,1,151609.47,0
8999,15608998,King,829,France,Female,51,0,49834.46,2,1,1,35969.74,1
9000,15608999,Taylor,663,Germany,Male,40,9,64303.9,2,1,1,111586.85,0
9001,15609000,King,727,Germany,Female,39,6,0.0,1,1,1,143706.6,0
9002,15609001,Thomas,601,Spain,Female,31,0,0.0,1,0,1,118623.12,0
9003,15609002,Lewis,612,Spain,Female,46,5,47482.03,2,1,1,84205.55,0
9004,15609003,White,678,France,Female,29,4,100809.74,2,1,1,66057.95,0
9005,15609004,Harris,583,Spain,Male,44,10,35848.15,2,1,0,182041.67,0
9006,15609005,Johnson,578,France,Female,44,1,0.0,2,1,1,169526.32,0
9007,15609006,White,634,France,Male,35,2,183303.63,2,0,0,171070.11,0
9008,15609007,Jackson,670,Spain,Male,42,7,0.0,2,0,0,76644.77,0
9009,15609008,King,591,France,Female,41,1,0.0,1,1,1,86196.26,0
9010,15609009,Wright,667,Spain,Female,39,10,149764.88,2,1,0,195044.98,1
9011,15609010,Young,541,France,Male,39,3,0.0,1,1,1,174016.64,0
9012,15609011,Martin,666,France,Male,40,2,0.0,3,1,1,133331.07,0
9013,15609012,Martin,466,France,Female,40,6,61202.27,1,1,1,61851.4,0
9014,15609013,Hall,755,France,Female,40,7,0.0,1,1,0,72833.06,0
9015,15609014,Moore,499,France,Female,28,3,80021.13,2,1,1,141432.51,1
9016,15609015,Brown,801,France,Female,37,5,194969.53,2,0,0,8604.03,1
9017,15609016,Johnson,692,France,Female,42,2,56282.77,1,1,1,184216.83,1
9018,15609017,Hall,707,Germany,Female,40,6,68317.56,2,0,1,63043.91,0
9019,15609018,Moore,608,France,Female,49,7,0.0,2,1,0,63381.46,1
9020,15609019,Allen,703,Spain,Female,45,6,13765.39,2,1,1,244.92,0
9021,15609020,Harris,668,France,Female,30,3,203844.53,2,1,1,132077.87,0
9022,15609021,Jackson,538,Germany,Male,37,9,0.0,1,1,1,103898.63,0
9023,15609022,Brown,725,France,Male,36,8,23320.35,1,1,0,96542.66,0
9024,15609023,Jackson,569,France,Male,39,9,0.0,1,1,1,84613.39,0
9025,15609024,Allen,850,Spain,Female,39,7,0.0,2,1,1,59193.92,0
9026,15609025,Moore,574,France,Male,45,5,33236.27,2,1,1,84662.92,0
9027,15609026,Brown,493,Spain,Female,41,1,47418.2,1,1,1,1000.83,1
9028,15609027,King,814,France,Male,51,9,87372.51,2,1,0,59845.81,0
9029,15609028,Wilson,726,Germany,Female,41,6,0.0,2,0,1,185130.8,1
9030,15609029,Smith,694,France,Female,31,8,187586.11,2,0,1,164548.75,1
9031,15609030,Hall,596,France,Male,34,8,41229.25,2,1,1,126186.71,0
9032,15609031,Wright,656,Spain,Male,45,8,89012.14,1,1,0,165663.29,0
9033,15609032,Brown,635,France,Male,23,8,37895.82,2,0,1,108459.18,0
9034,15609033,Clark,737,Germany,Female,26,5,0.0,2,1,0,19062.07,0
9035,15609034,Young,593,France,Female,39,0,0.0,2,1,0,92254.66,1
9036,15609035,Clark,601,Spain,Female,49,5,117935.67,2,0,1,184755.02,0
9037,15609036,Hall,720,France,Male,52,4,0.0,2,0,1,12979.49,0
9038,15609037,Brown,779,Germany,Male,37,6,187477.62,1,1,1,147303.26,0
9039,15609038,Young,612,Spain,Male,50,7,0.0,1,1,0,139976.82,0
9040,15609039,Jackson,713,France,Female,40,0,91250.15,2,1,1,64692.31,0
9041,15609040,Moore,751,France,Male,24,9,93750.91,2,1,0,173338.96,0
9042,15609041,Martin,561,France,Female,39,3,0.0,1,1,1,132379.6,1
9043,15609042,Brown,623,Germany,Female,33,3,0.0,1,1,1,43656.9,0
9044,15609043,Young,484,France,Male,48,0,88020.47,2,1,0,128030.73,0
9045,15609044,Wright,850,France,Male,39,10,0.0,1,0,1,165551.36,0
9046,15609045,Walker,674,France,Female,26,3,0.0,2,1,1,175440.63,1
9047,15609046,Walker,738,France,Female,24,6,0.0,2,1,0,189905.73,0
9048,15609047,Young,612,Spain,Female,39,5,192406.43,2,1,0,9696.32,0
9049,15609048,Wright,602,Germany,Female,18,3,0.0,1,0,1,31607.29,0
9050,15609049,Anderson,640,Spain,Female,34,1,41391.23,2,1,0,34036.73,1
9051,15609050,Hall,633,Germany,Female,41,6,45294.71,2,1,1,47971.83,0
9052,15609051,White,850,Spain,Female,28,7,45100.68,2,1,1,136972.04,0
9053,15609052,Harris,689,France,Male,49,8,0.0,2,0,1,83392.14,0
9054,15609053,Allen,716,France,Male,51,8,127249.41,2,1,0,24131.44,0
9055,15609054,Clark,652,Spain,Male,29,3,95415.69,1,1,1,194947.81,0
9056,15609055,Martin,658,Germany,Male,36,2,56304.48,2,0,1,20224.85,1
9057,15609056,Taylor,716,Germany,Male,49,4,2158.96,1,1,1,176193.9,1
9058,15609057,Hall,647,France,Female,39,5,34135.69,1,1,1,67785.24,0
9059,15609058,Taylor,786,France,Female,25,7,0.0,1,1,1,24670.66,0
9060,15609059,Jackson,570,France,Male,38,2,0.0,1,0,0,10495.53,1
9061,15609060,Thomas,768,Germany,Male,30,5,0.0,2,0,1,94860.67,0
9062,15609061,Smith,763,Germany,Male,50,4,107770.44,1,1,0,82750.17,1
9063,15609062,Lewis,850,Germany,Male,45,6,202382.2,1,1,0,97558.5,1
9064,15609063,Hall,481,France,Female,36,8,144308.09,1,1,1,133635.7,0
9065,15609064,Jackson,755,Spain,Female,40,6,0.0,2,0,1,54306.26,0
9066,15609065,Walker,586,France,Female,26,10,180816.24,1,0,1,319.8,0
9067,15609066,Thomas,737,France,Female,31,5,0.0,2,1,1,107763.4,1
9068,15609067,Wilson,736,Spain,Female,55,8,122673.71,2,1,0,10301.3,1
9069,15609068,Allen,567,France,Female,40,9,0.0,2,0,0,163495.78,0
9070,15609069,Clark,719,France,Female,48,3,0.0,2,1,0,161680.13,1
9071,15609070,Wright,617,Germany,Female,41,0,0.0,1,1,0,24149.13,0
9072,15609071,Brown,583,Germany,Female,52,7,159684.69,1,1,0,190526.15,0
9073,15609072,Wilson,468,France,Female,19,5,0.0,1,1,0,80538.87,0
9074,15609073,Taylor,787,Spain,Male,37,5,49536.56,1,0,1,111815.82,1
9075,15609074,Taylor,641,France,Female,55,4,202878.15,3,1,0,150068.59,0
9076,15609075,Moore,548,Spain,Male,49,9,0.0,2,1,1,38039.19,0
9077,15609076,Harris,681,Germany,Male,52,10,0.0,1,1,1,2150.86,0
9078,15609077,King,660,Germany,Female,39,2,118107.71,2,1,1,147621.9,0
9079,15609078,Clark,561,Spain,Female,34,5,94320.33,2,0,0,158169.7,0
9080,15609079,Anderson,563,France,Male,29,0,21320.79,1,1,0,131917.29,0
9081,15609080,Wright,757,France,Male,28,6,43754.49,2,1,1,124392.85,0
9082,15609081,Jackson,671,France,Male,47,5,0.0,1,1,0,180469.16,1
9083,15609082,Anderson,587,France,Female,44,4,66006.47,2,1,0,176664.96,0
9084,15609083,Lewis,613,Germany,Male,38,2,0.0,2,1,0,19040.92,1
9085,15609084,Thomas,615,France,Male,44,7,0.0,2,0,1,40381.77,0
9086,15609085,Lewis,487,France,Male,40,3,0.0,1,1,1,128698.44,0
9087,15609086,Anderson,741,France,Female,49,8,32357.22,2,0,1,16193.04,1
9088,15609087,Young,615,Germany,Male,49,8,0.0,1,1,1,109418.27,0
9089,15609088,Anderson,635,France,Male,28,4,75566.76,2,1,1,27929.43,0
9090,15609089,Hall,704,Spain,Male,42,10,0.0,1,0,0,189113.72,0
9091,15609090,Moore,771,France,Female,22,6,167753.19,2,0,1,78205.2,0
9092,15609091,King,670,France,Male,40,5,0.0,1,0,1,46396.62,0
9093,15609092,Moore,544,France,Female,45,5,45760.97,1,0,1,151147.45,0
9094,15609093,Johnson,626,Spain,Female,26,3,0.0,1,1,1,41120.16,0
9095,15609094,Walker,643,Spain,Male,35,9,103870.25,2,0,0,171171.96,0
9096,15609095,Martin,472,Germany,Female,39,7,0.0,1,1,0,165324.48,0
9097,15609096,Clark,696,France,Male,41,10,169945.83,2,0,1,50963.02,0
9098,15609097,White,714,France,Male,36,10,102421.08,2,1,0,66481.07,0
9099,15609098,Lewis,659,Germany,Female,27,10,3263.34,1,0,1,6763.37,0
9100,15609099,Allen,569,France,Male,38,9,0.0,2,1,1,59811.32,0
9101,15609100,Jackson,671,Spain,Male,22,2,0.0,3,0,0,32672.7,1
9102,15609101,Martin,749,Germany,Female,37,4,70394.34,2,1,1,7134.05,1
9103,15609102,Thomas,629,France,Male,35,0,94646.77,1,1,0,190174.04,1
9104,15609103,Hall,727,Spain,Female,38,0,59241.09,1,1,1,188423.28,0
9105,15609104,Wilson,692,France,Male,33,8,96226.58,2,1,1,124909.97,0
9106,15609105,Anderson,466,France,Female,24,3,46902.47,2,1,1,92744.67,0
9107,15609106,Martin,600,France,Female,35,8,165461.94,2,0,0,93811.33,0
9108,15609107,Harris,701,Germany,Female,48,6,0.0,2,0,0,126535.2,1
9109,15609108,White,663,France,Male,52,9,0.0,2,1,1,49274.26,0
9110,15609109,Lewis,741,Spain,Male,63,7,98569.01,1,1,0,137424.35,0
9111,15609110,Harris,673,Germany,Male,56,10,148571.18,1,1,0,5349.46,1
9112,15609111,Moore,713,Spain,Female,27,8,0.0,2,0,0,130463.29,1
9113,15609112,Harris,618,Spain,Male,35,0,0.0,1,1,1,103728.43,0
9114,15609113,White,682,France,Female,39,6,169389.94,1,1,1,139073.08,0
9115,15609114,Taylor,551,France,Female,38,7,138548.5,1,1,0,122520.99,1
9116,15609115,Anderson,734,France,Male,40,1,114025.11,1,1,0,51187.99,0
9117,15609116,Wright,676,Spain,Female,63,9,0.0,1,1,1,107514.72,0
9118,15609117,Taylor,532,Germany,Female,28,8,0.0,1,0,1,132033.04,0
9119,15609118,Hall,628,Germany,Male,32,0,105641.41,2,1,0,3249.65,0
9120,15609119,Smith,850,Germany,Male,55,2,0.0,1,1,0,193619.4,0
9121,15609120,Wilson,631,Germany,Female,33,10,140924.03,1,1,1,75192.88,0
9122,15609121,Taylor,620,France,Female,43,8,0.0,1,1,0,54406.23,0
9123,15609122,King,576,Spain,Female,49,0,14845.58,1,1,1,142574.58,0
9124,15609123,Brown,545,Germany,Male,44,3,109.44,1,0,1,157686.95,1
9125,15609124,Hall,555,France,Male,41,9,43911.22,3,1,1,83564.51,1
9126,15609125,Thomas,846,Germany,Male,48,5,0.0,2,1,1,121015.77,1
9127,15609126,Brown,685,France,Male,30,5,48286.49,1,0,0,52835.87,0
9128,15609127,Moore,513,Spain,Female,34,3,20264.35,1,0,1,140485.2,0
9129,15609128,Smith,652,Spain,Male,44,9,33327.5,1,1,1,99497.96,0
9130,15609129,King,750,Germany,Female,18,9,87363.9,2,0,1,27908.36,0
9131,15609130,Jackson,691,France,Female,53,9,135124.42,2,1,1,164302.29,0
9132,15609131,Allen,517,Spain,Male,42,9,79782.13,1,1,1,179977.93,0
9133,15609132,Lewis,713,Spain,Female,41,0,0.0,1,1,1,69027.05,0
9134,15609133,Anderson,653,France,Male,23,4,20468.15,4,1,0,74270.23,0
9135,15609134,King,671,Germany,Female,26,4,0.0,1,1,1,154423.05,0
9136,15609135,Harris,830,Spain,Male,35,2,110629.36,2,1,0,171254.22,0
9137,15609136,Thomas,648,Spain,Female,47,10,0.0,2,0,1,104979.51,0
9138,15609137,Walker,582,France,Female,18,2,0.0,1,1,1,172969.71,0
9139,15609138,Walker,482,France,Male,47,3,0.0,1,1,0,3679.42,1
9140,15609139,Thomas,583,Spain,Male,35,2,93978.66,2,0,1,32973.1,0
9141,15609140,Wright,577,France,Male,37,2,0.0,2,0,0,172766.17,0
9142,15609141,Johnson,465,France,Male,42,2,0.0,2,0,0,134407.36,1
9143,15609142,White,715,Germany,Male,42,6,0.0,2,1,1,128186.59,0
9144,15609143,Clark,699,Spain,Male,32,8,37535.57,1,1,0,131124.32,0
9145,15609144,Brown,648,Spain,Female,45,10,0.0,1,1,0,22173.71,1
9146,15609145,Walker,553,France,Female,18,0,0.0,2,1,1,172841.99,0
9147,15609146,Taylor,674,France,Female,34,7,118429.42,3,1,1,19555.08,0
9148,15609147,Brown,711,France,Male,41,9,0.0,1,1,0,40905.56,0
9149,15609148,Johnson,821,France,Female,36,0,121931.89,1,1,1,147718.95,1
9150,15609149,Brown,684,Spain,Male,21,8,0.0,1,1,1,47869.5,0
9151,15609150,Walker,695,Spain,Male,47,7,27113.56,2,1,1,160796.03,0
9152,15609151,Thomas,666,France,Male,27,5,0.0,2,0,0,145297.17,1
9153,15609152,White,631,France,Female,38,5,62985.59,2,1,0,148455.55,1
9154,15609153,Anderson,726,France,Female,41,10,0.0,2,1,0,84621.6,0
9155,15609154,Wilson,645,France,Male,39,9,0.0,2,1,0,111810.93,0
9156,15609155,Jackson,636,France,Female,51,6,0.0,2,1,0,89442.71,0
9157,15609156,Hall,615,Germany,Female,38,7,0.0,3,1,1,147928.08,1
9158,15609157,Smith,621,Spain,Female,43,6,96851.25,2,0,1,24259.36,0
9159,15609158,Smith,683,Spain,Female,38,0,0.0,1,0,0,90909.84,0
9160,15609159,Johnson,710,France,Female,45,9,0.0,2,0,0,158369.89,0
9161,15609160,Taylor,580,Germany,Male,53,3,0.0,2,1,1,44083.33,0
9162,15609161,Hall,671,Spain,Male,40,3,131979.92,2,1,1,87409.59,0
9163,15609162,Walker,563,Germany,Male,47,8,0.0,2,0,0,58215.7,0
9164,15609163,Wilson,711,France,Female,54,8,146590.93,2,1,1,89487.51,0
9165,15609164,Moore,793,Germany,Male,53,2,35714.08,2,1,1,10095.33,1
9166,15609165,Thomas,703,Germany,Male,35,10,82799.64,2,1,1,95045.09,1
9167,15609166,Smith,619,Germany,Female,49,8,0.0,1,1,0,81338.37,1
9168,15609167,Clark,749,France,Female,41,4,187873.13,1,1,0,187502.23,0
9169,15609168,King,530,France,Female,50,10,59566.16,1,1,1,50798.71,1
9170,15609169,Hall,679,France,Male,45,5,0.0,1,1,1,51816.93,0
9171,15609170,Allen,850,France,Male,42,6,13127.65,1,1,1,30121.86,1
9172,15609171,Young,565,Germany,Male,43,2,37386.33,1,1,1,49946.24,0
9173,15609172,Allen,619,France,Female,42,3,57279.72,1,0,1,188674.77,1
9174,15609173,Young,629,France,Male,42,4,77164.82,2,0,1,125500.48,0
9175,15609174,Brown,542,France,Female,37,0,72672.37,2,0,1,3128.55,0
9176,15609175,Wright,577,France,Female,36,7,0.0,2,1,0,6897.54,1
9177,15609176,Jackson,653,France,Male,57,10,0.0,2,0,0,5408.12,0
9178,15609177,Lewis,806,Germany,Female,44,6,0.0,1,1,0,50623.42,0
9179,15609178,Martin,697,Spain,Male,33,10,0.0,2,1,0,11520.31,1
9180,15609179,Lewis,759,France,Male,36,1,0.0,2,1,1,13424.68,0
9181,15609180,Wright,731,France,Male,50,6,58431.06,2,0,0,87568.51,0
9182,15609181,Walker,684,France,Female,32,8,25772.73,2,1,0,1546.25,0
9183,15609182,Allen,476,France,Male,24,4,0.0,2,1,0,3303.69,0
9184,15609183,Moore,807,Spain,Male,25,10,161926.88,2,1,0,123971.81,0
9185,15609184,Hall,750,Spain,Male,22,5,0.0,2,0,0,139533.8,1
9186,15609185,Moore,677,Spain,Male,26,4,0.0,1,0,1,192965.12,0
9187,15609186,Hall,526,Spain,Male,27,0,96795.8,3,1,0,96757.73,0
9188,15609187,Wilson,509,France,Male,53,5,80480.22,1,1,1,113626.32,0
9189,15609188,Lewis,534,Germany,Female,39,6,0.0,1,1,1,118508.85,0
9190,15609189,Martin,583,Germany,Male,35,4,86498.2,1,1,1,149654.96,0
9191,15609190,Smith,686,Germany,Male,25,2,70459.29,1,1,1,83065.16,0
9192,15609191,Wright,626,France,Male,38,5,114163.43,2,1,1,197005.4,0
9193,15609192,White,659,Germany,Male,22,10,0.0,1,1,0,99796.35,0
9194,15609193,White,704,Germany,Female,35,6,76614.81,1,1,1,25545.19,0
9195,15609194,Thomas,777,Germany,Male,60,9,6524.17,1,0,0,149533.37,0
9196,15609195,Jackson,589,France,Male,46,9,0.0,2,1,1,103902.5,0
9197,15609196,Lewis,488,Spain,Female,37,8,0.0,1,1,0,130005.33,1
9198,15609197,Lewis,572,Germany,Female,46,6,0.0,4,1,1,102823.89,0
9199,15609198,Moore,708,Spain,Male,34,2,0.0,2,0,1,130157.97,0
9200,15609199,White,731,Spain,Female,31,0,44318.4,2,1,0,90594.8,1
9201,15609200,Moore,733,Germany,Female,56,6,0.0,1,1,0,78143.3,1
9202,15609201,King,583,France,Female,28,7,135543.76,2,1,0,37781.3,0
9203,15609202,Lewis,682,Spain,Male,35,10,102443.87,2,0,1,66352.81,0
9204,15609203,Moore,798,France,Female,42,0,134671.91,2,1,1,7523.07,1
9205,15609204,King,723,Germany,Female,30,4,133476.74,2,1,1,99193.45,0
9206,15609205,Jackson,480,France,Male,46,7,188994.42,2,1,0,86113.89,1
9207,15609206,Moore,645,Spain,Male,36,9,146784.27,1,0,1,23128.16,0
9208,15609207,Martin,617,Spain,Male,46,6,42259.53,2,1,0,112430.52,0
9209,15609208,Young,505,Germany,Female,45,1,48281.75,1,0,0,178496.6,1
9210,15609209,Clark,792,Spain,Male,37,3,0.0,1,1,0,102245.37,0
9211,15609210,Brown,516,Germany,Female,56,5,26277.32,2,1,1,9754.29,1
9212,15609211,Wright,640,Germany,Male,32,6,105724.54,2,1,1,83155.34,0
9213,15609212,Wright,777,France,Male,52,6,0.0,1,1,1,182463.41,0
9214,15609213,Taylor,565,France,Female,51,2,0.0,2,0,0,190487.04,1
9215,15609214,Smith,647,France,Male,57,7,126487.45,1,1,1,169211.38,0
9216,15609215,Wright,698,France,Female,41,6,85391.25,2,1,0,86207.46,1
9217,15609216,Wilson,572,Spain,Male,31,3,146999.69,1,1,1,75878.54,0
9218,15609217,Taylor,594,Germany,Female,60,9,149387.54,1,1,1,57395.92,1
9219,15609218,Wright,679,Germany,Male,36,3,0.0,1,1,0,28636.09,0
9220,15609219,Johnson,712,France,Female,31,3,55600.67,1,1,1,180146.04,0
9221,15609220,Harris,726,France,Female,37,4,0.0,2,0,1,135792.75,0
9222,15609221,Brown,556,Spain,Male,29,10,137280.42,1,1,0,164358.76,1
9223,15609222,Martin,492,Spain,Male,44,1,0.0,1,1,0,19949.18,0
9224,15609223,Young,733,France,Male,33,8,58517.22,1,0,0,34336.87,1
9225,15609224,Wright,771,Germany,Female,36,5,157053.47,2,1,1,6936.33,0
9226,15609225,Harris,850,Germany,Female,49,7,67205.54,1,1,1,89276.52,0
9227,15609226,Harris,850,France,Male,45,10,240265.66,2,0,0,86991.54,0
9228,15609227,Harris,821,Germany,Male,39,0,44947.21,2,0,0,166684.33,0
9229,15609228,Hall,550,France,Female,41,5,0.0,1,0,1,5891.27,0
9230,15609229,Smith,631,Spain,Male,39,5,0.0,1,1,0,103361.6,0
9231,15609230,Allen,713,France,Female,35,7,0.0,1,1,1,148196.09,0
9232,15609231,Young,695,France,Female,39,0,3035.72,2,0,0,127626.6,1
9233,15609232,White,634,Germany,Female,44,4,0.0,2,0,1,192897.69,0
9234,15609233,Martin,778,France,Male,38,2,112874.92,2,1,0,176030.45,0
9235,15609234,Wilson,602,Spain,Male,43,5,78693.18,1,1,1,34575.35,0
9236,15609235,Moore,672,France,Male,31,8,134966.42,2,0,1,78463.18,0
9237,15609236,Taylor,657,France,Male,33,9,101892.96,2,1,1,149358.69,0
9238,15609237,Walker,697,France,Female,32,2,127836.31,2,1,1,84277.48,0
9239,15609238,Clark,703,France,Male,33,8,0.0,2,0,1,84568.38,0
9240,15609239,Moore,567,Spain,Male,52,8,0.0,1,1,0,42571.61,0
9241,15609240,Wilson,378,France,Male,46,0,140012.92,2,1,0,33212.74,0
9242,15609241,Moore,605,Spain,Female,28,1,87534.09,2,0,1,131426.01,1
9243,15609242,Clark,674,Spain,Male,43,10,0.0,2,1,0,197598.34,0
9244,15609243,White,698,Spain,Male,35,3,54672.57,1,0,0,185603.07,0
9245,15609244,Johnson,590,France,Male,32,10,0.0,2,1,0,173321.34,0
9246,15609245,Lewis,678,Germany,Male,24,10,0.0,1,1,1,196148.03,0
9247,15609246,Clark,676,France,Male,49,6,0.0,1,1,1,36209.15,0
9248,15609247,Young,586,France,Female,25,1,0.0,1,1,0,86483.76,0
9249,15609248,Smith,634,France,Male,38,6,0.0,2,1,0,27974.49,0
9250,15609249,White,534,France,Male,30,4,0.0,1,1,1,95145.63,0
9251,15609250,Taylor,460,France,Male,47,9,67117.17,1,1,1,17133.31,0
9252,15609251,Clark,769,Spain,Female,36,6,84347.37,1,0,0,135545.03,0
9253,15609252,Clark,669,France,Female,38,8,0.0,2,1,0,89139.81,0
9254,15609253,Thomas,617,France,Male,38,8,0.0,1,1,0,174500.11,1
9255,15609254,King,687,Germany,Female,42,2,0.0,1,1,0,46214.85,1
9256,15609255,Smith,695,France,Female,39,2,84398.88,1,1,0,78817.18,0
9257,15609256,Harris,846,France,Male,39,6,0.0,1,1,1,272.46,0
9258,15609257,Moore,780,France,Female,34,4,0.0,2,1,1,93212.79,0
9259,15609258,Wright,684,Germany,Female,23,4,0.0,2,1,1,16660.79,0
9260,15609259,Walker,850,France,Female,28,4,111851.72,1,0,1,186393.43,0
9261,15609260,Taylor,641,France,Female,46,8,82641.06,1,1,1,190314.03,1
9262,15609261,Lewis,768,Spain,Male,36,3,8673.75,1,1,1,110824.99,0
9263,15609262,Moore,598,Spain,Female,32,5,99971.17,2,0,1,87424.08,1
9264,15609263,Jackson,655,Spain,Female,25,5,22968.56,1,1,0,95132.66,0
9265,15609264,Johnson,715,Germany,Male,22,6,104384.19,1,1,0,69371.39,1
9266,15609265,Brown,671,France,Male,32,1,179758.93,2,0,1,87393.25,0
9267,15609266,Jackson,678,France,Female,48,5,56650.8,1,0,1,100251.41,1
9268,15609267,Johnson,674,France,Male,33,8,205279.99,2,0,0,192475.07,1
9269,15609268,Hall,776,France,Male,43,2,114010.11,1,1,1,80070.94,0
9270,15609269,White,659,France,Male,33,1,60924.92,2,1,0,150414.75,0
9271,15609270,Taylor,592,France,Male,45,7,193613.55,1,1,0,146455.18,1
9272,15609271,Wilson,645,Spain,Male,35,0,0.0,1,1,1,191834.14,0
9273,15609272,Moore,775,Spain,Female,27,10,21812.2,2,1,1,10139.67,0
9274,15609273,White,733,France,Female,36,7,37849.71,1,0,1,17408.52,0
9275,15609274,Young,640,Spain,Female,57,4,80921.38,2,1,0,115195.06,1
9276,15609275,Jackson,575,France,Female,57,8,33026.59,1,1,0,95371.55,0
9277,15609276,Walker,597,France,Male,44,8,53632.77,1,1,0,123672.44,0
9278,15609277,Martin,649,Spain,Male,38,3,38704.98,2,1,1,106725.18,0
9279,15609278,Brown,642,France,Female,42,0,111557.59,2,1,1,153033.49,1
9280,15609279,White,579,France,Female,42,4,198998.89,2,1,1,177804.21,0
9281,15609280,Young,742,France,Female,39,6,68085.28,1,0,0,106690.38,0
9282,15609281,Wilson,595,Germany,Male,43,8,0.0,2,1,1,17830.65,1
9283,15609282,Wright,562,Spain,Male,41,9,71588.59,1,1,1,21847.75,0
9284,15609283,Hall,631,France,Male,36,8,15613.65,2,1,0,44725.72,0
9285,15609284,Johnson,695,Germany,Male,27,8,270327.72,2,0,0,172145.97,0
9286,15609285,Harris,561,Spain,Male,34,5,0.0,2,1,0,115946.07,0
9287,15609286,Clark,655,Spain,Male,47,1,0.0,1,1,0,75308.38,0
9288,15609287,Hall,608,Germany,Female,39,4,128141.29,1,0,0,72496.13,1
9289,15609288,Jackson,618,France,Male,42,2,0.0,1,1,0,12253.05,0
9290,15609289,Smith,649,France,Male,36,5,101804.85,2,1,0,55632.58,0
9291,15609290,Jackson,707,Spain,Male,28,10,0.0,1,0,1,72014.97,0
9292,15609291,Anderson,651,Spain,Male,37,4,0.0,2,1,0,17159.64,1
9293,15609292,Lewis,850,Spain,Male,29,9,98533.56,1,1,1,83276.56,0
9294,15609293,Allen,717,Spain,Male,28,10,0.0,2,1,0,77784.24,0
9295,15609294,Walker,690,Germany,Male,51,0,0.0,1,0,1,190269.11,0
9296,15609295,Moore,621,Germany,Female,35,9,129041.81,1,1,1,94723.09,0
9297,15609296,Harris,601,Germany,Male,32,9,55915.0,3,1,1,131809.87,0
9298,15609297,Young,748,Germany,Male,55,1,0.0,2,1,1,175835.85,0
9299,15609298,Lewis,496,Germany,Female,47,10,107194.99,1,1,0,176776.32,0
9300,15609299,Young,759,France,Male,35,4,56003.32,2,1,1,123714.29,0
9301,15609300,Johnson,763,France,Male,43,5,83962.32,1,0,0,104138.54,0
9302,15609301,Moore,639,France,Male,37,0,97134.46,2,1,1,64151.2,0
9303,15609302,Johnson,762,Germany,Male,32,6,0.0,2,0,0,90433.61,1
9304,15609303,Martin,622,Spain,Female,44,2,121442.64,1,0,0,14868.08,0
9305,15609304,Moore,641,Spain,Male,36,0,57109.93,1,1,1,32867.3,0
9306,15609305,Harris,699,France,Male,40,6,37917.55,1,0,1,74830.14,0
9307,15609306,Clark,614,France,Female,49,6,138077.81,1,0,0,4642.58,0
9308,15609307,Taylor,719,Spain,Female,48,9,0.0,2,0,1,143221.97,0
9309,15609308,Smith,605,France,Male,33,2,74833.91,1,1,1,117730.7,0
9310,15609309,Smith,677,France,Male,44,5,35795.8,1,0,1,171070.41,0
9311,15609310,Wilson,850,France,Male,28,3,0.0,2,0,0,33500.4,0
9312,15609311,Smith,697,France,Male,44,3,72961.67,1,1,1,186420.89,1
9313,15609312,King,755,Spain,Female,40,8,61662.81,1,1,1,180368.62,1
9314,15609313,Young,738,France,Female,43,6,40360.33,1,0,1,107520.42,0
9315,15609314,Wright,458,Spain,Female,36,5,2385.61,2,1,0,73369.37,0
9316,15609315,Young,641,France,Male,60,8,138959.75,2,1,1,173197.21,0
9317,15609316,Thomas,783,Germany,Female,30,2,0.0,2,1,1,188203.91,1
9318,15609317,Wright,535,France,Male,49,3,0.0,2,1,0,32361.0,1
9319,15609318,Taylor,633,Spain,Male,29,8,70484.96,1,1,1,115645.97,1
9320,15609319,Walker,850,Spain,Male,44,3,94158.72,1,1,0,100623.75,0
9321,15609320,Johnson,541,France,Male,45,6,169868.46,1,1,1,107267.8,0
9322,15609321,Lewis,762,Germany,Male,40,8,0.0,2,1,1,13845.15,1
9323,15609322,White,566,Spain,Female,34,3,0.0,1,1,0,76367.84,0
9324,15609323,Thomas,705,France,Female,40,8,0.0,1,1,0,29811.11,0
9325,15609324,Young,721,France,Female,42,6,0.0,1,0,1,174442.42,0
9326,15609325,Walker,728,Germany,Male,57,3,74507.9,2,1,1,90813.42,0
9327,15609326,Martin,559,Germany,Female,30,2,0.0,1,0,1,167490.29,0
9328,15609327,Anderson,764,France,Male,33,5,0.0,1,1,0,43493.29,0
9329,15609328,Jackson,582,France,Female,42,2,112939.13,1,0,1,172900.57,1
9330,15609329,Anderson,498,Germany,Female,36,6,19045.99,3,1,0,27892.32,0
9331,15609330,Anderson,555,Spain,Female,38,0,69857.16,2,0,1,30836.42,0
9332,15609331,Allen,569,Germany,Male,50,6,51920.5,1,0,0,197543.94,0
9333,15609332,Taylor,723,France,Male,18,2,185268.31,1,0,0,5767.14,0
9334,15609333,Smith,749,Spain,Male,33,8,8695.74,1,0,1,6315.56,0
9335,15609334,Harris,664,France,Male,22,5,0.0,1,0,1,21050.1,0
9336,15609335,Martin,557,France,Male,27,6,215231.44,1,1,1,37821.17,0
9337,15609336,Martin,599,Spain,Male,63,8,10955.62,1,1,0,13708.14,1
9338,15609337,Brown,642,Germany,Male,45,5,0.0,2,1,1,190111.89,0
9339,15609338,King,530,France,Male,49,9,0.0,1,0,1,60320.55,0
9340,15609339,Martin,543,France,Male,38,10,0.0,1,1,1,193066.59,0
9341,15609340,Walker,649,Spain,Male,47,1,159949.87,1,1,0,175288.18,1
9342,15609341,Harris,630,Spain,Male,21,5,2051.52,1,1,0,153096.09,0
9343,15609342,Young,543,Germany,Male,49,5,0.0,1,1,1,5413.4,0
9344,15609343,Allen,776,Germany,Male,31,1,103574.79,1,1,1,145480.9,0
9345,15609344,Clark,582,France,Female,34,6,0.0,1,1,1,75499.99,0
9346,15609345,Harris,535,Germany,Male,44,8,50916.99,1,1,0,175055.56,0
9347,15609346,Jackson,775,Germany,Female,42,9,73094.8,2,1,0,110458.83,0
9348,15609347,Lewis,680,Germany,Male,40,3,0.0,1,0,1,46526.56,1
9349,15609348,Johnson,622,Spain,Male,25,10,0.0,1,0,1,121298.58,0
9350,15609349,Hall,582,Germany,Male,40,4,217557.18,2,1,0,106151.48,1
9351,15609350,Clark,614,France,Female,49,5,45364.39,1,1,0,138448.57,0
9352,15609351,Hall,579,France,Female,34,0,5122.25,3,0,1,50736.53,0
9353,15609352,Wilson,600,Germany,Female,52,7,9277.84,3,1,0,197961.08,1
9354,15609353,Anderson,667,France,Female,30,8,67453.25,2,0,1,133898.89,0
9355,15609354,Brown,562,France,Male,39,0,84320.76,3,1,1,77163.23,0
9356,15609355,Harris,401,Germany,Male,54,3,0.0,1,1,0,117874.48,0
9357,15609356,Hall,814,Germany,Male,32,5,51703.1,1,1,1,81567.02,0
9358,15609357,Smith,532,France,Male,50,9,176256.63,2,1,0,173229.08,1
9359,15609358,Thomas,494,Germany,Female,59,0,5559.39,2,1,0,188147.46,1
9360,15609359,Clark,768,Spain,Female,41,2,0.0,2,1,0,181746.86,0
9361,15609360,Johnson,604,Spain,Female,34,6,0.0,1,1,1,85642.62,1
9362,15609361,Martin,683,Germany,Male,31,7,73244.86,1,1,1,43514.39,1
9363,15609362,Smith,732,France,Male,52,7,7147.39,1,0,0,121154.4,1
9364,15609363,Thomas,740,France,Male,52,4,82061.12,1,1,0,112526.84,1
9365,15609364,Lewis,699,France,Female,53,0,0.0,2,1,0,12809.94,0
9366,15609365,Anderson,585,Spain,Female,39,0,0.0,1,1,1,170113.7,0
9367,15609366,White,524,Spain,Male,49,7,0.0,2,1,1,7535.77,0
9368,15609367,Smith,825,Germany,Female,39,4,30178.62,1,0,1,7133.28,0
9369,15609368,Hall,663,Germany,Male,30,10,7098.79,2,1,0,146918.42,0
9370,15609369,Anderson,695,Spain,Female,50,8,0.0,2,0,1,188703.06,1
9371,15609370,Walker,603,Germany,Female,55,0,0.0,2,1,0,139632.92,1
9372,15609371,White,682,France,Male,29,1,0.0,1,1,1,156517.03,0
9373,15609372,Taylor,609,France,Female,29,3,62821.62,2,1,1,183451.31,0
9374,15609373,Wright,622,Germany,Male,39,9,67527.37,2,1,0,65114.18,1
9375,15609374,White,519,France,Male,49,10,12335.15,1,1,1,123034.26,1
9376,15609375,Moore,694,France,Male,28,6,106602.51,2,1,1,71782.37,0
9377,15609376,Anderson,426,Spain,Male,41,3,61025.31,1,1,0,157484.19,0
9378,15609377,Walker,759,France,Male,33,7,105263.07,2,1,1,159312.89,0
9379,15609378,Clark,836,Germany,Female,46,6,41761.3,1,0,1,97228.87,1
9380,15609379,Brown,607,France,Male,31,4,0.0,1,1,1,153631.69,0
9381,15609380,Young,736,France,Male,47,6,126157.54,1,1,0,77855.6,1
9382,15609381,Walker,612,France,Female,37,7,0.0,1,0,1,136098.28,0
9383,15609382,Clark,649,Spain,Male,30,2,75254.26,2,1,1,62536.34,0
9384,15609383,Johnson,596,France,Male,40,2,0.0,2,1,1,25099.48,1
9385,15609384,Smith,609,Spain,Male,20,1,145160.94,2,1,0,165195.49,0
9386,15609385,King,609,Germany,Male,33,3,96122.11,1,0,1,6641.87,1
9387,15609386,Hall,464,Germany,Female,42,10,0.0,2,1,1,95890.1,0
9388,15609387,Johnson,682,France,Male,21,3,43370.2,1,0,0,191256.73,0
9389,15609388,Moore,468,France,Female,18,3,0.0,1,1,1,214.75,0
9390,15609389,Allen,612,Spain,Female,18,1,0.0,1,0,0,187048.78,0
9391,15609390,Thomas,477,Germany,Male,52,6,142594.9,1,1,1,17840.69,1
9392,15609391,Harris,614,Germany,Male,38,9,0.0,1,1,0,114723.78,1
9393,15609392,Taylor,675,France,Female,34,2,0.0,1,0,1,87943.0,0
9394,15609393,Taylor,782,Spain,Male,48,9,188129.63,2,0,0,39449.13,0
9395,15609394,Young,645,France,Male,35,0,36512.55,2,0,0,142033.45,0
9396,15609395,Taylor,621,France,Male,42,1,87862.15,1,1,1,58763.25,1
9397,15609396,Hall,541,France,Male,39,4,0.0,1,1,1,149223.7,0
9398,15609397,King,565,France,Male,34,8,70939.78,1,1,0,78806.05,0
9399,15609398,Allen,764,France,Female,42,3,0.0,1,0,0,8515.13,1
9400,15609399,Martin,695,France,Female,47,5,35554.6,1,1,0,86199.43,1
9401,15609400,Clark,562,Spain,Male,37,2,146734.25,1,0,0,130482.07,0
9402,15609401,Lewis,452,France,Male,34,8,0.0,1,1,0,24416.31,0
9403,15609402,Harris,809,Spain,Male,36,1,0.0,2,1,0,164896.74,0
9404,15609403,Johnson,530,France,Male,18,7,0.0,1,0,0,120551.66,0
9405,15609404,Harris,649,France,Male,42,10,0.0,1,1,1,180952.8,1
9406,15609405,Thomas,565,France,Female,27,2,121383.72,1,1,0,183811.2,1
9407,15609406,Walker,543,France,Female,45,7,0.0,2,0,1,193125.4,0
9408,15609407,Moore,668,Spain,Female,38,2,0.0,2,1,1,86217.6,0
9409,15609408,Anderson,733,France,Male,40,10,80824.98,2,1,0,66878.28,0
9410,15609409,Walker,714,Spain,Female,46,3,0.0,2,1,0,169821.5,0
9411,15609410,Anderson,708,France,Male,30,7,0.0,2,0,1,133091.87,0
9412,15609411,Thomas,551,Spain,Female,43,9,0.0,1,1,0,72177.86,0
9413,15609412,Thomas,666,Germany,Male,42,3,142206.73,1,0,0,178992.26,0
9414,15609413,Anderson,682,France,Female,37,10,99784.1,2,0,1,51448.18,0
9415,15609414,White,513,France,Male,30,8,0.0,1,1,1,181997.65,0
9416,15609415,Anderson,448,France,Female,45,8,119576.78,2,1,1,160375.68,0
9417,15609416,Young,655,Spain,Female,46,5,0.0,1,1,0,82446.13,0
9418,15609417,Harris,570,France,Male,40,0,97701.78,4,0,1,71564.06,0
9419,15609418,Young,525,Spain,Female,28,8,33678.29,1,0,0,176547.67,0
9420,15609419,Thomas,455,Spain,Male,34,8,0.0,2,0,0,97044.45,0
9421,15609420,Johnson,582,Germany,Male,38,6,69434.04,1,1,0,153460.11,0
9422,15609421,King,803,Spain,Male,46,8,138540.92,1,0,1,129004.51,0
9423,15609422,Wilson,734,Spain,Male,23,7,118767.39,2,1,0,35447.28,0
9424,15609423,Jackson,792,France,Female,33,8,0.0,1,1,0,180355.28,0
9425,15609424,Hall,578,Germany,Male,35,8,0.0,1,0,1,123800.76,0
9426,15609425,White,754,Germany,Male,38,6,0.0,1,1,1,65206.92,0
9427,15609426,King,770,France,Female,26,5,0.0,1,1,1,72257.42,0
9428,15609427,Walker,794,Germany,Female,37,1,0.0,1,1,1,47262.4,0
9429,15609428,Martin,625,France,Female,36,6,0.0,2,1,1,117643.5,0
9430,15609429,Jackson,604,Germany,Male,29,0,54258.41,1,1,1,37430.9,0
9431,15609430,Walker,641,Germany,Male,38,5,45511.29,1,1,1,72193.39,0
9432,15609431,Allen,659,France,Female,34,5,127400.56,1,0,1,187912.76,1
9433,15609432,Jackson,523,Spain,Female,44,6,92920.66,1,1,1,8803.36,0
9434,15609433,Clark,594,France,Female,30,1,142494.06,2,1,1,144208.79,0
9435,15609434,King,758,France,Male,40,3,0.0,3,0,1,26910.92,0
9436,15609435,Wright,596,France,Male,31,1,8666.89,2,1,0,72415.24,0
9437,15609436,White,657,Spain,Female,33,3,0.0,2,1,1,114727.73,1
9438,15609437,Wilson,696,France,Female,42,2,92958.31,2,0,1,196614.33,0
9439,15609438,Martin,771,France,Male,41,1,55566.38,1,0,1,64057.99,0
9440,15609439,King,709,Spain,Male,35,1,135793.11,2,0,0,38264.38,1
9441,15609440,Allen,740,France,Male,36,2,72967.88,1,1,1,125171.09,0
9442,15609441,King,692,France,Male,24,9,217533.11,1,1,1,95128.7,0
9443,15609442,Walker,678,France,Female,53,3,82293.66,2,1,0,52144.16,0
9444,15609443,Johnson,735,France,Female,46,6,37078.86,2,1,1,146398.5,0
9445,15609444,Smith,424,France,Female,46,3,173207.74,1,1,1,155354.48,1
9446,15609445,Walker,719,France,Female,23,10,77246.16,1,1,0,146563.12,0
9447,15609446,King,449,Germany,Male,33,6,114139.69,2,1,1,166807.86,0
9448,15609447,Walker,600,Spain,Male,36,3,16503.14,1,0,1,135894.68,0
9449,15609448,Wright,737,France,Female,20,2,98238.67,4,1,0,136712.9,1
9450,15609449,Allen,634,France,Female,48,7,0.0,1,1,1,88796.69,0
9451,15609450,Martin,643,France,Female,54,2,0.0,2,0,0,115896.57,0
9452,15609451,Allen,673,Spain,Male,60,10,0.0,2,1,0,136402.87,0
9453,15609452,Johnson,830,France,Female,29,7,0.0,1,1,1,104040.54,0
9454,15609453,Allen,440,France,Female,40,1,119976.87,1,1,0,137593.35,0
9455,15609454,Brown,580,Germany,Male,52,2,0.0,2,1,1,176666.91,0
9456,15609455,Moore,785,France,Female,36,3,34777.78,1,0,0,85577.92,0
9457,15609456,White,626,France,Female,33,2,84462.11,1,0,1,88256.54,0
9458,15609457,Clark,631,Germany,Female,20,5,86212.98,1,1,1,155402.2,0
9459,15609458,Harris,716,Spain,Female,50,8,102967.86,2,0,0,63184.07,1
9460,15609459,Moore,529,France,Female,39,9,101196.52,1,0,1,15426.79,0
9461,15609460,Harris,736,Spain,Female,32,7,162693.12,2,1,0,76505.15,0
9462,15609461,Martin,615,France,Male,42,3,0.0,1,1,1,102773.71,0
9463,15609462,Moore,634,Spain,Male,41,1,138759.77,2,1,0,55788.19,0
9464,15609463,Harris,571,France,Male,41,9,0.0,1,1,0,134798.75,0
9465,15609464,Young,699,Germany,Male,37,0,0.0,1,0,0,107520.55,1
9466,15609465,Jackson,619,Germany,Female,55,10,0.0,2,0,1,59957.7,0
9467,15609466,Allen,677,Germany,Male,38,3,0.0,1,0,0,34277.56,1
9468,15609467,Jackson,614,Germany,Female,55,4,125997.41,2,1,1,146522.92,0
9469,15609468,Young,646,Spain,Female,45,1,0.0,1,0,1,220.29,0
9470,15609469,Jackson,596,France,Female,43,2,0.0,1,1,0,73265.83,0
9471,15609470,Thomas,616,France,Female,38,3,145472.6,2,1,0,62768.47,0
9472,15609471,King,567,Spain,Male,49,2,0.0,2,0,1,24405.19,1
9473,15609472,Walker,554,Germany,Female,40,7,0.0,1,1,0,192391.19,1
9474,15609473,White,820,France,Female,30,10,116437.45,2,1,1,65739.14,0
9475,15609474,Harris,668,Germany,Female,29,1,0.0,2,1,0,170119.37,0
9476,15609475,Clark,447,Germany,Female,43,8,76605.39,1,0,0,91994.23,0
9477,15609476,Harris,639,Germany,Female,30,10,130133.62,1,1,0,116394.41,1
9478,15609477,Lewis,746,Germany,Female,38,5,9690.07,2,0,1,118789.43,0
9479,15609478,Hall,488,France,Female,50,0,63953.73,1,1,1,111862.66,0
9480,15609479,Brown,704,France,Male,42,7,143969.17,2,1,1,187849.31,0
9481,15609480,Moore,644,France,Female,32,9,0.0,1,1,1,116482.95,0
9482,15609481,Lewis,478,France,Female,53,5,92440.11,1,0,1,198362.88,0
9483,15609482,Young,588,Spain,Male,44,3,0.0,1,0,1,69601.6,1
9484,15609483,Moore,629,Germany,Male,49,5,88832.8,1,1,0,124013.82,0
9485,15609484,Johnson,525,Germany,Female,18,1,0.0,1,0,1,189034.31,0
9486,15609485,Young,576,Spain,Female,42,0,0.0,1,0,0,134603.55,1
9487,15609486,Brown,672,France,Male,47,5,76790.91,1,0,1,50369.26,0
9488,15609487,Hall,673,France,Female,56,7,0.0,1,1,1,167466.03,0
9489,15609488,White,692,France,Male,24,4,0.0,2,1,0,104982.73,0
9490,15609489,Johnson,585,France,Female,51,7,75724.1,3,0,1,145489.65,1
9491,15609490,Lewis,755,Spain,Male,55,2,89384.48,1,1,0,5252.45,1
9492,15609491,King,636,France,Male,19,5,0.0,2,1,1,79799.3,0
9493,15609492,Lewis,608,France,Male,44,0,19764.58,1,1,1,127976.24,0
9494,15609493,Jackson,627,France,Female,45,2,0.0,1,1,1,135285.48,1
9495,15609494,Hall,684,Spain,Female,36,3,0.0,2,0,0,107519.7,1
9496,15609495,Martin,678,France,Female,34,4,77129.37,2,1,0,8124.29,1
9497,15609496,Johnson,605,France,Male,46,2,21042.45,2,1,1,160099.71,0
9498,15609497,Smith,740,France,Male,33,7,0.0,1,0,0,126189.51,0
9499,15609498,Clark,629,Germany,Female,37,4,82598.24,2,1,0,19188.73,0
9500,15609499,White,715,France,Male,47,6,72086.3,1,1,0,172923.9,0
9501,15609500,Young,782,Spain,Female,57,4,0.0,1,1,0,124742.04,0
9502,15609501,Wright,600,Spain,Female,44,7,209056.74,2,1,0,169465.8,1
9503,15609502,Harris,612,Spain,Male,40,0,0.0,1,1,1,166788.28,1
9504,15609503,Taylor,541,Germany,Female,34,2,78025.37,2,0,1,138419.48,1
9505,15609504,Johnson,558,France,Female,29,2,73047.4,1,1,0,57308.56,0
9506,15609505,Allen,714,France,Female,50,9,0.0,2,1,1,154441.51,0
9507,15609506,Moore,714,France,Male,37,9,0.0,1,1,0,65732.14,0
9508,15609507,Smith,471,Spain,Male,51,2,0.0,1,1,1,68260.44,1
9509,15609508,Walker,550,France,Male,36,5,51547.65,1,0,0,133412.31,1
9510,15609509,Smith,783,France,Male,33,8,0.0,1,0,0,181111.42,0
9511,15609510,Allen,567,Spain,Male,43,5,107952.69,2,1,0,89269.44,0
9512,15609511,Walker,624,Spain,Female,38,4,119176.68,1,0,0,112360.59,0
9513,15609512,Walker,653,France,Male,27,0,0.0,2,1,1,45086.15,0
9514,15609513,Clark,665,Spain,Male,57,1,64359.67,2,1,1,134026.83,0
9515,15609514,Allen,508,Spain,Male,33,10,0.0,1,1,0,61607.46,0
9516,15609515,Young,665,France,Male,48,0,98045.24,2,1,0,177454.61,0
9517,15609516,Wilson,368,France,Male,47,5,0.0,2,1,1,390.12,0
9518,15609517,Smith,586,Spain,Female,26,2,39368.13,1,0,0,95689.14,0
9519,15609518,Thomas,615,Spain,Female,29,4,186194.49,1,1,1,166305.3,0
9520,15609519,Anderson,491,France,Male,36,5,0.0,1,1,0,58778.68,0
9521,15609520,Allen,713,France,Male,30,4,55429.31,1,1,1,97013.31,0
9522,15609521,Thomas,561,Spain,Male,56,2,19833.17,2,1,0,21159.21,1
9523,15609522,Taylor,812,Germany,Female,37,1,0.0,1,1,0,23200.6,0
9524,15609523,Harris,689,Spain,Female,48,1,79620.36,1,1,1,127459.63,1
9525,15609524,Walker,625,France,Male,44,1,20870.88,1,1,1,161625.82,0
9526,15609525,Smith,721,France,Male,42,9,87494.21,2,1,1,12107.78,0
9527,15609526,Clark,487,Germany,Male,39,3,259881.78,2,1,1,42646.17,1
9528,15609527,Walker,667,France,Female,51,3,0.0,2,0,0,86141.01,0
9529,15609528,White,527,Germany,Male,31,2,87474.61,1,1,1,191671.4,0
9530,15609529,Thomas,728,Germany,Male,56,7,0.0,2,1,0,19180.82,0
9531,15609530,White,605,France,Male,26,3,159151.57,1,1,1,152718.76,0
9532,15609531,Allen,445,Germany,Female,47,7,88601.65,2,1,1,122306.3,0
9533,15609532,Moore,516,France,Female,25,10,87608.61,2,1,1,84074.53,0
9534,15609533,Wilson,649,Germany,Male,36,2,0.0,1,1,1,58643.19,1
9535,15609534,Lewis,682,France,Female,40,10,110191.56,1,1,1,74975.63,0
9536,15609535,Johnson,497,France,Male,34,1,113098.83,2,0,1,84582.6,0
9537,15609536,Allen,468,Spain,Male,37,7,78416.67,2,1,0,175086.25,0
9538,15609537,Walker,607,Germany,Male,25,5,1665.3,2,1,1,197193.54,0
9539,15609538,Martin,804,France,Female,29,1,0.0,1,0,0,191333.15,0
9540,15609539,Wilson,597,Spain,Female,44,6,123969.58,1,1,0,29266.06,1
9541,15609540,Anderson,670,France,Male,39,9,16526.91,2,0,0,5812.83,0
9542,15609541,Clark,393,France,Male,32,6,0.0,2,1,1,42566.17,0
9543,15609542,Moore,850,France,Female,52,3,122787.69,1,0,0,60731.65,0
9544,15609543,Wright,542,France,Female,27,7,96046.59,1,1,1,91901.11,0
9545,15609544,Smith,658,France,Male,35,2,188146.09,1,1,0,102495.87,1
9546,15609545,Young,469,France,Female,34,8,0.0,1,1,1,74151.46,0
9547,15609546,Harris,689,France,Male,45,10,0.0,2,1,0,184794.36,1
9548,15609547,Wright,591,France,Female,39,4,0.0,1,1,1,144985.97,0
9549,15609548,Wright,672,France,Male,38,2,0.0,2,1,0,138868.41,0
9550,15609549,Smith,620,Germany,Male,21,8,0.0,1,1,0,115439.99,0
9551,15609550,Hall,695,France,Male,48,1,126201.24,3,1,1,111625.93,0
9552,15609551,Thomas,750,Germany,Female,37,1,0.0,2,1,0,86304.1,1
9553,15609552,Hall,512,Spain,Male,40,2,31713.84,1,1,0,87876.31,0
9554,15609553,White,811,Spain,Female,32,8,135063.4,2,1,0,187860.83,0
9555,15609554,Hall,580,Spain,Male,30,10,64285.04,1,1,1,117597.74,0
9556,15609555,White,693,Germany,Male,54,9,0.0,1,1,0,82983.37,0
9557,15609556,Lewis,563,France,Male,21,2,0.0,1,1,1,97945.66,0
9558,15609557,Hall,661,Spain,Female,28,4,156097.25,2,1,1,185891.5,0
9559,15609558,Brown,613,Spain,Male,54,8,64388.2,1,1,0,69112.33,1
9560,15609559,Lewis,841,Spain,Female,45,9,0.0,1,1,0,199506.55,0
9561,15609560,Walker,573,Germany,Female,36,5,63592.31,2,0,0,77546.55,0
9562,15609561,Taylor,805,France,Female,51,5,0.0,2,1,0,158440.31,1
9563,15609562,Brown,551,Spain,Female,43,10,56357.09,1,0,1,13617.11,0
9564,15609563,Walker,805,Spain,Female,41,0,40750.04,2,1,1,81809.03,1
9565,15609564,Brown,744,France,Female,41,10,120372.63,2,1,1,29341.08,1
9566,15609565,Hall,613,France,Male,44,1,112526.39,1,1,0,58371.16,0
9567,15609566,Wilson,633,Spain,Female,44,8,65627.91,4,0,1,81029.63,0
9568,15609567,Hall,665,Germany,Male,61,7,0.0,1,1,0,111957.61,1
9569,15609568,Jackson,650,France,Female,37,1,118834.05,2,1,1,27878.75,1
9570,15609569,Martin,689,Germany,Male,37,4,41224.78,2,1,1,88703.34,0
9571,15609570,Martin,661,France,Male,27,4,125652.85,2,1,0,186273.32,0
9572,15609571,Hall,553,France,Male,38,5,81448.98,2,1,0,101518.83,0
9573,15609572,King,598,France,Male,58,3,0.0,2,1,0,13559.32,0
9574,15609573,Allen,677,France,Male,49,8,0.0,1,0,0,39297.06,0
9575,15609574,Wilson,545,France,Male,34,4,75438.96,1,1,1,160294.19,0
9576,15609575,Moore,598,France,Female,39,3,22044.54,1,1,1,61142.28,0
9577,15609576,Walker,701,Spain,Male,26,8,42681.76,1,1,0,169812.06,1
9578,15609577,Wright,673,Spain,Female,29,1,0.0,1,0,1,60193.17,0
9579,15609578,Harris,621,France,Female,40,10,10331.53,2,1,1,111816.24,0
9580,15609579,King,748,France,Female,34,10,39541.92,1,1,1,117217.92,0
9581,15609580,Brown,744,France,Male,29,1,23709.2,1,1,1,130732.59,0
9582,15609581,Wilson,593,Spain,Male,44,2,99679.09,1,1,1,148430.12,0
9583,15609582,Clark,714,France,Male,38,9,163356.65,1,1,1,199175.48,0
9584,15609583,Jackson,563,France,Male,23,3,0.0,1,1,1,1375.9,0
9585,15609584,Lewis,675,Germany,Female,18,9,0.0,1,0,0,155077.9,1
9586,15609585,Walker,674,Germany,Male,33,8,0.0,1,1,1,159791.71,0
9587,15609586,Hall,650,France,Male,23,4,69245.49,2,0,0,42729.71,0
9588,15609587,Anderson,624,France,Male,20,1,104311.89,1,1,0,55081.74,0
9589,15609588,Smith,655,France,Male,50,2,118695.3,2,1,0,119828.81,0
9590,15609589,Wilson,648,Germany,Male,38,7,38299.7,1,1,0,42048.4,0
9591,15609590,Taylor,429,Spain,Male,36,5,6161.09,2,0,1,120515.83,1
9592,15609591,Brown,784,France,Female,37,4,3017.42,1,0,0,36232.64,0
9593,15609592,Hall,711,Spain,Female,28,3,189947.08,2,1,1,110952.8,0
9594,15609593,Allen,605,France,Female,43,3,43515.07,2,1,1,157848.57,0
9595,15609594,Hall,742,France,Female,38,7,47772.31,2,1,1,194770.95,0
9596,15609595,Wilson,599,France,Male,31,5,0.0,1,1,1,88349.5,0
9597,15609596,Johnson,390,France,Male,33,4,72076.77,1,1,0,72116.05,0
9598,15609597,Allen,683,France,Female,27,4,0.0,2,1,0,160117.23,1
9599,15609598,Wright,494,France,Male,35,5,0.0,2,0,1,53088.65,0
9600,15609599,King,520,France,Male,37,10,0.0,2,1,0,90126.72,0
9601,15609600,Smith,545,France,Female,35,10,16596.16,2,0,1,37487.84,0
9602,15609601,White,659,Germany,Female,40,2,173279.48,1,1,1,156258.53,1
9603,15609602,Taylor,666,France,Male,38,6,0.0,1,1,1,83659.3,0
9604,15609603,Hall,752,France,Male,41,0,0.0,1,1,1,120797.31,0
9605,15609604,Smith,530,Spain,Male,48,4,0.0,2,1,1,32248.83,0
9606,15609605,Hall,579,Germany,Female,45,5,107278.55,1,0,1,187453.65,0
9607,15609606,Clark,774,Germany,Male,49,1,268.29,2,1,0,197825.61,0
9608,15609607,Johnson,701,France,Female,31,1,172130.41,2,0,1,78133.07,0
9609,15609608,Clark,680,France,Male,34,8,0.0,2,1,0,168457.52,0
9610,15609609,Taylor,646,Spain,Male,46,1,0.0,2,1,1,29047.69,0
9611,15609610,Allen,689,Spain,Female,46,2,0.0,1,0,0,151216.53,0
9612,15609611,Jackson,653,France,Female,32,0,0.0,1,1,1,163664.91,0
9613,15609612,Johnson,660,Germany,Female,45,8,0.0,1,1,0,109783.91,0
9614,15609613,Johnson,694,France,Female,30,0,0.0,3,0,1,114379.18,0
9615,15609614,Allen,562,Germany,Male,44,3,95171.51,2,1,1,156682.76,0
9616,15609615,Moore,668,Germany,Female,39,6,107153.19,1,1,1,49678.72,0
9617,15609616,Wilson,461,Spain,Male,25,1,49038.43,1,1,1,35614.41,0
9618,15609617,Walker,650,Germany,Female,35,7,0.0,1,0,0,148225.97,0
9619,15609618,Johnson,601,Spain,Male,61,7,0.0,2,1,0,98224.02,0
9620,15609619,Johnson,729,France,Male,41,2,88769.97,2,1,1,177328.02,0
9621,15609620,Harris,514,France,Male,62,3,0.0,2,1,0,198562.7,1
9622,15609621,Clark,669,France,Male,25,10,0.0,2,1,0,170747.46,0
9623,15609622,Brown,710,France,Female,47,6,85966.27,2,1,0,37629.6,1
9624,15609623,Anderson,722,Spain,Male,18,4,158170.21,2,0,0,88884.49,0
9625,15609624,Young,587,France,Female,39,4,0.0,2,0,0,130140.72,0
9626,15609625,Anderson,616,France,Female,45,1,163252.07,2,0,1,58970.35,0
9627,15609626,Taylor,690,Spain,Female,47,5,0.0,2,0,0,167723.17,0
9628,15609627,Martin,538,Germany,Male,31,3,188436.16,2,1,1,89326.48,0
9629,15609628,Johnson,607,France,Male,49,4,0.0,2,1,0,21860.46,0
9630,15609629,Anderson,566,France,Male,34,10,82570.32,2,0,0,47794.78,1
9631,15609630,Johnson,475,France,Female,37,4,94111.4,1,0,0,119127.06,1
9632,15609631,Harris,792,Spain,Female,35,1,79730.12,1,0,1,136879.94,0
9633,15609632,Jackson,653,France,Male,28,7,29469.43,1,1,1,139654.6,0
9634,15609633,Allen,548,Spain,Male,55,10,144474.35,2,1,1,32832.23,0
9635,15609634,Moore,422,France,Female,39,0,22334.58,2,1,1,152903.44,1
9636,15609635,Brown,681,France,Male,50,1,237273.51,1,1,1,19357.19,0
9637,15609636,Moore,498,Germany,Female,49,6,0.0,1,1,1,191029.48,1
9638,15609637,Jackson,585,France,Female,29,6,0.0,1,1,0,153994.63,0
9639,15609638,Wright,645,France,Female,51,1,0.0,1,1,0,140301.34,1
9640,15609639,King,529,France,Female,44,0,31275.73,2,1,1,43410.22,0
9641,15609640,Lewis,810,France,Female,29,9,0.0,1,1,1,28305.51,0
9642,15609641,Martin,550,Spain,Male,43,0,0.0,2,1,1,29307.09,0
9643,15609642,Wilson,530,France,Male,29,0,0.0,2,0,1,46224.66,0
9644,15609643,Taylor,672,France,Male,55,5,0.0,1,1,1,167039.23,0
9645,15609644,Martin,615,France,Male,47,9,0.0,1,1,1,132031.69,0
9646,15609645,Allen,837,Spain,Male,38,6,0.0,1,0,1,193600.88,0
9647,15609646,Thomas,787,Germany,Female,52,1,0.0,1,1,0,18551.93,1
9648,15609647,Harris,796,Spain,Male,23,5,0.0,2,1,0,141160.49,0
9649,15609648,Johnson,703,Spain,Male,32,3,141070.73,2,1,0,170557.98,0
9650,15609649,Smith,715,France,Female,36,8,0.0,1,1,1,96174.93,0
9651,15609650,Wilson,614,France,Female,61,10,183006.88,1,1,0,11775.05,0
9652,15609651,Taylor,716,France,Male,28,7,0.0,2,1,0,129643.37,0
9653,15609652,Clark,586,France,Male,22,7,0.0,1,1,0,124248.91,1
9654,15609653,Clark,637,France,Female,25,1,38300.19,1,1,1,188634.7,1
9655,15609654,Wright,515,Spain,Male,48,10,0.0,1,1,0,164958.27,0
9656,15609655,Harris,607,Spain,Male,33,4,124478.49,2,1,0,108829.95,0
9657,15609656,Johnson,704,Germany,Female,37,1,114918.73,1,0,1,22671.72,1
9658,15609657,Wilson,756,France,Male,47,2,0.0,4,0,0,11105.69,1
9659,15609658,Smith,694,Spain,Male,37,7,68500.5,2,1,1,180541.91,0
9660,15609659,Young,783,Germany,Male,41,4,86560.95,2,1,1,94869.73,0
9661,15609660,Taylor,512,Spain,Male,44,3,161200.19,1,0,1,128374.5,0
9662,15609661,Brown,701,France,Female,35,4,178744.16,1,1,0,143245.39,1
9663,15609662,Allen,565,France,Female,37,7,0.0,2,1,1,111076.57,0
9664,15609663,King,691,France,Female,41,9,85560.24,1,1,1,172306.85,0
9665,15609664,King,571,France,Male,48,6,0.0,1,1,1,12005.96,0
9666,15609665,Lewis,595,Spain,Male,31,5,0.0,1,1,1,152877.06,0
9667,15609666,Harris,733,France,Male,18,1,0.0,1,1,0,152469.19,0
9668,15609667,Wilson,674,France,Female,46,9,16713.28,2,0,0,46408.46,1
9669,15609668,Johnson,569,Spain,Female,48,4,145523.64,2,1,1,24118.58,0
9670,15609669,King,504,Germany,Male,41,9,0.0,2,1,0,127679.64,0
9671,15609670,Thomas,565,France,Male,42,8,60690.8,1,0,0,66507.04,0
9672,15609671,King,643,Spain,Male,33,8,87343.84,2,0,0,3070.01,1
9673,15609672,Lewis,532,France,Male,44,8,0.0,1,1,0,87869.48,1
9674,15609673,White,674,France,Male,48,2,0.0,2,1,0,127710.79,0
9675,15609674,Johnson,544,France,Female,40,8,0.0,2,1,1,183529.98,1
9676,15609675,Walker,631,Spain,Female,64,8,68726.69,1,1,0,86567.05,1
9677,15609676,Lewis,682,Germany,Male,23,4,151285.62,2,0,1,28830.4,0
9678,15609677,Thomas,603,France,Male,41,5,0.0,1,0,0,86119.46,0
9679,15609678,King,753,Spain,Female,27,6,16215.97,1,1,0,152844.85,1
9680,15609679,Smith,686,France,Male,48,9,0.0,1,1,0,19391.92,0
9681,15609680,Jackson,560,Spain,Male,23,9,98869.95,2,1,1,37137.9,0
9682,15609681,Martin,540,France,Female,26,9,67479.86,1,0,1,54829.06,0
9683,15609682,Smith,801,France,Male,33,5,176073.22,2,1,1,91291.66,1
9684,15609683,Walker,757,Germany,Male,42,4,0.0,1,1,1,183377.5,0
9685,15609684,Martin,615,Spain,Female,33,0,11612.31,1,1,1,152985.81,0
9686,15609685,Johnson,678,France,Male,33,3,123616.06,2,1,0,124761.29,0
9687,15609686,Hall,622,France,Male,37,7,81692.15,2,1,1,161490.38,0
9688,15609687,Johnson,713,France,Female,37,7,0.0,2,1,1,176586.66,0
9689,15609688,Clark,666,France,Male,54,5,89856.42,1,1,1,92497.05,0
9690,15609689,Wilson,454,Germany,Female,46,2,0.0,1,1,1,148432.34,0
9691,15609690,Johnson,761,Germany,Female,36,7,0.0,2,1,1,184973.64,0
9692,15609691,Young,781,France,Female,60,6,0.0,1,0,0,106405.44,0
9693,15609692,Harris,604,France,Female,44,10,81053.71,2,1,1,152661.77,0
9694,15609693,Wright,680,Germany,Female,29,8,79592.74,2,0,0,196458.73,0
9695,15609694,Moore,755,France,Male,42,2,178968.59,2,0,0,94499.14,1
9696,15609695,Young,850,Spain,Female,44,10,78585.66,1,1,0,134417.74,0
9697,15609696,Smith,701,France,Male,32,5,58498.33,2,1,1,89332.15,0
9698,15609697,Lewis,684,Spain,Male,28,0,0.0,2,0,0,143137.04,0
9699,15609698,Allen,734,Spain,Female,40,7,0.0,1,1,1,77603.76,1
9700,15609699,White,743,Germany,Male,35,1,108800.68,2,0,1,25529.21,1
9701,15609700,Allen,702,Germany,Male,54,4,4635.48,1,1,1,177632.48,1
9702,15609701,White,525,France,Male,46,5,0.0,1,1,0,142245.85,0
9703,15609702,King,667,Spain,Female,33,3,146338.72,1,1,0,198989.9,0
9704,15609703,Wright,679,Germany,Male,43,8,0.0,1,1,1,145360.95,0
9705,15609704,Young,508,France,Male,52,2,0.0,1,1,0,169013.01,1
9706,15609705,Hall,712,France,Female,25,1,25959.37,2,1,0,191347.47,1
9707,15609706,Harris,540,France,Female,29,2,0.0,2,1,0,11859.92,1
9708,15609707,Brown,778,France,Male,39,4,222729.61,1,1,0,171379.18,0
9709,15609708,Thomas,572,France,Female,39,0,0.0,1,1,1,22174.82,0
9710,15609709,Harris,742,Spain,Male,38,9,129408.54,1,0,1,175731.7,0
9711,15609710,Harris,584,France,Female,36,3,0.0,2,0,0,154637.7,0
9712,15609711,Anderson,772,Germany,Female,36,0,0.0,2,1,1,93190.97,0
9713,15609712,Lewis,784,France,Male,43,8,30092.64,2,1,1,162616.59,0
9714,15609713,Johnson,705,France,Female,50,2,0.0,1,1,1,80390.94,0
9715,15609714,Harris,589,France,Female,34,1,91679.32,1,0,0,145704.65,0
9716,15609715,Brown,691,France,Female,63,4,20576.92,2,0,0,39640.39,1
9717,15609716,Taylor,579,France,Female,59,0,131850.13,2,1,1,14242.59,1
9718,15609717,Wilson,539,France,Male,52,9,164772.12,2,1,1,133120.32,0
9719,15609718,Anderson,600,France,Male,45,6,147072.78,1,1,1,82679.77,1
9720,15609719,Taylor,645,Spain,Female,59,8,225433.56,2,1,0,44142.76,1
9721,15609720,Brown,588,Germany,Male,36,0,144307.44,2,1,1,32458.41,1
9722,15609721,Walker,624,France,Female,31,7,83675.02,1,0,1,174855.29,0
9723,15609722,Allen,596,Spain,Male,34,7,39653.73,1,1,0,69642.07,0
9724,15609723,Taylor,651,Spain,Female,29,6,133695.44,1,1,1,165369.89,0
9725,15609724,Smith,628,France,Female,40,9,34975.31,1,1,0,34632.72,1
9726,15609725,Hall,503,Germany,Male,42,3,151630.43,2,1,0,92127.47,1
9727,15609726,Anderson,646,Germany,Female,41,6,0.0,2,1,0,87440.07,1
9728,15609727,Hall,573,France,Female,39,1,99220.19,2,1,0,46123.83,1
9729,15609728,Clark,562,France,Male,40,5,0.0,2,0,0,39301.02,0
9730,15609729,Clark,562,France,Male,56,10,60415.42,2,1,1,99006.24,0
9731,15609730,King,667,France,Male,45,4,15079.56,2,1,0,90978.14,0
9732,15609731,Harris,689,Spain,Male,48,4,180557.36,1,1,0,156866.31,0
9733,15609732,Wright,662,France,Male,41,10,58366.45,1,0,0,94772.06,0
9734,15609733,Thomas,721,Germany,Female,23,7,0.0,2,1,1,66317.23,0
9735,15609734,Anderson,650,Spain,Female,21,0,0.0,1,1,1,96157.89,0
9736,15609735,King,663,Spain,Male,60,7,0.0,2,1,1,183593.78,0
9737,15609736,Moore,567,Spain,Male,34,3,0.0,2,1,1,29812.91,0
9738,15609737,Wright,698,France,Male,33,9,22646.49,3,1,1,183291.98,0
9739,15609738,Wright,636,France,Male,41,5,0.0,2,1,1,139577.23,0
9740,15609739,Young,711,Spain,Female,45,5,19785.82,2,0,1,133098.91,0
9741,15609740,Martin,641,France,Female,46,0,121997.94,2,0,0,86597.68,1
9742,15609741,Hall,650,France,Female,57,7,0.0,1,0,0,72171.53,0
9743,15609742,Thomas,573,Germany,Male,54,3,0.0,1,0,0,149352.43,0
9744,15609743,Jackson,635,Spain,Male,31,8,46478.31,1,1,0,122043.62,1
9745,15609744,Jackson,847,France,Male,49,6,91039.09,2,1,1,130498.84,0
9746,15609745,Moore,470,Spain,Male,35,10,117429.39,2,1,0,123898.99,0
9747,15609746,Wilson,606,Germany,Male,38,3,0.0,1,1,0,11902.85,0
9748,15609747,Johnson,726,France,Male,28,0,0.0,1,1,0,103156.1,0
9749,15609748,King,581,France,Male,22,8,79714.07,2,1,0,72252.72,0
9750,15609749,Allen,661,Germany,Male,39,9,2330.44,1,0,1,160380.12,0
9751,15609750,Thomas,640,France,Male,29,5,35702.44,2,1,0,117743.04,0
9752,15609751,Taylor,732,France,Female,48,5,0.0,1,1,0,87093.36,1
9753,15609752,White,626,France,Female,36,0,47211.27,2,1,0,198557.32,0
9754,15609753,Smith,490,Germany,Male,42,4,0.0,2,1,1,134685.25,0
9755,15609754,Wright,814,France,Male,53,3,0.0,1,1,1,176477.33,1
9756,15609755,Harris,638,France,Female,24,10,0.0,1,1,0,184325.82,1
9757,15609756,King,665,France,Female,32,0,61710.73,2,1,1,148541.54,0
9758,15609757,Smith,606,Germany,Male,41,6,92739.37,2,1,1,83919.6,0
9759,15609758,Anderson,666,France,Male,42,3,0.0,1,1,1,98474.14,0
9760,15609759,Brown,745,Spain,Female,50,2,61021.56,1,1,0,31632.55,1
9761,15609760,Allen,636,Germany,Male,48,1,29331.27,1,0,0,123281.62,0
9762,15609761,Clark,574,France,Male,40,7,39126.3,1,1,1,102466.23,0
9763,15609762,Young,523,Germany,Male,42,4,85444.76,1,1,1,42808.56,0
9764,15609763,Walker,764,Germany,Female,42,9,8226.95,2,1,0,8215.25,1
9765,15609764,Thomas,607,Germany,Female,24,8,0.0,1,0,1,173809.05,0
9766,15609765,Smith,704,France,Female,37,4,162060.95,1,1,0,6115.26,1
9767,15609766,Thomas,717,Spain,Female,41,9,0.0,1,1,1,76119.47,0
9768,15609767,King,628,Germany,Female,44,0,0.0,2,1,1,112003.96,0
9769,15609768,Harris,642,Germany,Male,30,9,63825.51,2,1,1,105862.53,0
9770,15609769,Moore,651,France,Female,26,4,0.0,1,1,0,106801.24,0
9771,15609770,Brown,728,Germany,Male,37,4,40400.45,1,0,1,45357.43,0
9772,15609771,Allen,571,France,Male,59,7,0.0,1,1,1,66234.83,1
9773,15609772,Martin,630,France,Female,31,5,0.0,1,1,1,1208.91,0
9774,15609773,Wilson,678,France,Male,51,10,86872.14,1,1,1,184988.92,0
9775,15609774,Wilson,680,Germany,Male,55,4,101015.51,3,1,0,121137.9,1
9776,15609775,Martin,710,France,Male,39,7,84336.09,1,0,1,163713.75,0
9777,15609776,Anderson,521,Spain,Female,32,0,87087.29,2,0,1,144458.53,0
9778,15609777,Lewis,618,Germany,Male,44,4,93444.64,1,1,1,112690.01,0
9779,15609778,White,690,France,Female,41,2,0.0,2,0,1,102726.68,0
9780,15609779,Thomas,524,Spain,Male,30,4,58083.38,2,1,1,89306.68,0
9781,15609780,Wilson,820,France,Female,32,2,140094.7,2,1,0,110575.03,1
9782,15609781,Johnson,500,France,Male,44,3,0.0,1,1,0,40421.86,1
9783,15609782,Johnson,540,Spain,Female,48,10,25621.01,1,1,1,79150.69,0
9784,15609783,Johnson,581,Germany,Female,36,8,0.0,2,1,0,110200.66,0
9785,15609784,Brown,570,Spain,Male,38,1,0.0,2,0,0,146715.99,0
9786,15609785,Clark,699,Germany,Male,46,9,14305.85,2,1,0,157192.27,0
9787,15609786,Allen,658,France,Female,37,0,0.0,1,1,1,172480.6,0
9788,15609787,Smith,564,France,Female,36,3,108891.24,2,1,0,70001.09,0
9789,15609788,Walker,850,Spain,Male,31,7,99639.27,2,1,1,117986.64,0
9790,15609789,Hall,723,France,Male,31,4,113912.94,1,0,1,107432.98,0
9791,15609790,Smith,675,France,Female,66,8,37124.17,1,1,0,80435.6,0
9792,15609791,Johnson,720,Spain,Male,37,9,196077.31,1,0,0,67199.0,1
9793,15609792,Anderson,689,France,Male,53,2,73941.0,2,1,0,1915.03,1
9794,15609793,Moore,669,France,Female,56,8,0.0,1,1,0,35453.66,1
9795,15609794,Hall,699,Spain,Male,37,0,50294.63,2,1,0,27481.5,0
9796,15609795,Smith,646,Spain,Male,43,1,33319.11,1,1,1,60092.22,0
9797,15609796,White,715,Germany,Male,40,8,0.0,1,1,0,71982.46,0
9798,15609797,Young,658,Spain,Female,23,8,0.0,1,1,1,55948.69,0
9799,15609798,Brown,623,France,Male,23,9,0.0,2,0,1,158512.81,0
9800,15609799,Anderson,808,Germany,Female,39,4,0.0,2,1,0,39656.8,1
9801,15609800,Harris,658,Germany,Male,35,9,82539.58,1,0,0,52648.18,0
9802,15609801,Thomas,626,France,Female,58,3,57029.23,3,0,1,100578.06,1
9803,15609802,Clark,567,France,Male,37,8,0.0,3,0,0,56882.69,0
9804,15609803,Johnson,553,Spain,Male,59,9,30887.33,1,1,0,179172.86,1
9805,15609804,Lewis,654,Spain,Female,34,1,0.0,2,1,1,122411.29,0
9806,15609805,Harris,615,Germany,Male,58,2,65711.07,1,1,1,67425.45,1
9807,15609806,Walker,578,Spain,Male,44,7,28595.73,4,1,1,90461.73,0
9808,15609807,Clark,775,Spain,Female,45,0,138558.06,1,1,1,84539.39,0
9809,15609808,Thomas,751,Germany,Male,34,1,0.0,2,0,0,178105.95,0
9810,15609809,King,553,Spain,Male,45,4,0.0,1,0,0,116857.4,1
9811,15609810,Harris,617,France,Female,56,6,0.0,2,0,0,74350.8,1
9812,15609811,Clark,493,Germany,Male,38,9,0.0,2,1,1,99060.81,0
9813,15609812,Brown,602,France,Male,36,8,0.0,2,1,1,72533.95,0
9814,15609813,Clark,584,Germany,Female,37,2,87808.43,1,0,0,153775.72,1
9815,15609814,Lewis,634,Germany,Male,55,10,151252.49,2,0,1,3750.94,0
9816,15609815,Clark,564,Spain,Female,48,3,0.0,2,0,1,99575.67,1
9817,15609816,Harris,478,Spain,Male,53,9,175534.8,1,1,0,49462.66,0
9818,15609817,Taylor,597,France,Male,42,0,61382.92,1,1,0,46477.44,1
9819,15609818,Walker,772,France,Female,39,0,0.0,4,1,0,37015.17,1
9820,15609819,Johnson,588,France,Male,43,0,0.0,2,1,0,100118.17,0
9821,15609820,Wright,838,Spain,Male,50,3,88123.03,1,1,1,21330.95,0
9822,15609821,Hall,569,Germany,Female,37,8,110995.65,2,0,1,103934.2,0
9823,15609822,Brown,658,Spain,Male,53,7,75937.0,1,1,0,120659.04,0
9824,15609823,Brown,681,France,Male,43,3,21429.57,2,1,0,179726.06,1
9825,15609824,Walker,549,France,Male,18,7,53236.06,2,1,1,153095.71,0
9826,15609825,Hall,489,Germany,Male,48,6,135306.01,2,1,0,129937.73,0
9827,15609826,Brown,755,France,Female,26,5,48811.98,1,1,0,161375.19,1
9828,15609827,White,756,Spain,Female,48,9,0.0,2,0,0,70322.03,1
9829,15609828,White,785,Germany,Male,48,1,0.0,2,0,0,106423.78,0
9830,15609829,Johnson,571,Spain,Male,42,2,85108.92,2,1,1,17112.25,0
9831,15609830,Jackson,686,France,Male,44,3,0.0,1,0,0,104520.57,0
9832,15609831,Harris,654,Germany,Female,50,6,84697.01,1,1,1,77789.53,1
9833,15609832,Smith,640,France,Male,34,7,182072.02,1,1,0,182596.33,0
9834,15609833,Smith,613,Germany,Male,47,10,0.0,1,0,1,60349.39,0
9835,15609834,Smith,725,France,Female,51,7,103259.14,1,1,1,137342.29,1
9836,15609835,Walker,850,France,Female,57,3,142478.4,1,1,1,137527.8,0
9837,15609836,Allen,677,Germany,Male,28,8,0.0,2,1,0,142640.11,0
9838,15609837,Jackson,667,France,Female,43,7,99841.02,2,1,0,136194.8,1
9839,15609838,Clark,586,Spain,Female,29,10,0.0,1,0,1,176508.44,0
9840,15609839,Hall,715,Germany,Male,29,4,0.0,2,1,1,119195.45,0
9841,15609840,Martin,412,Germany,Male,43,2,102619.11,2,1,0,171078.43,1
9842,15609841,Smith,618,Germany,Male,40,1,107528.28,1,1,0,134724.65,0
9843,15609842,Jackson,685,France,Male,50,8,0.0,1,0,1,176256.01,0
9844,15609843,Walker,674,Spain,Male,36,0,60037.83,1,1,0,145747.05,0
9845,15609844,Wright,641,France,Male,38,6,72382.41,4,1,1,91545.81,0
9846,15609845,Clark,471,France,Female,41,10,70925.15,1,1,1,54121.38,0
9847,15609846,Clark,795,Germany,Female,30,6,0.0,1,0,1,181818.58,0
9848,15609847,Young,672,France,Female,32,0,100893.82,2,1,0,26432.78,0
9849,15609848,King,648,Spain,Female,50,6,0.0,1,1,1,173911.95,1
9850,15609849,Hall,772,Spain,Female,34,0,0.0,1,0,1,130448.85,0
9851,15609850,Lewis,767,Spain,Female,51,1,0.0,1,1,1,122046.54,1
9852,15609851,Jackson,629,Germany,Female,45,8,0.0,2,1,0,107269.52,1
9853,15609852,Brown,625,France,Female,24,7,0.0,2,1,1,58484.04,0
9854,15609853,Harris,696,Spain,Male,44,8,0.0,2,0,1,121587.79,0
9855,15609854,Taylor,770,Germany,Female,44,8,0.0,1,1,0,95303.48,1
9856,15609855,Clark,746,France,Male,43,3,5029.39,2,1,0,79864.6,1
9857,15609856,Wilson,556,France,Female,38,4,0.0,2,0,1,128255.67,0
9858,15609857,Harris,545,Spain,Male,30,9,93824.91,1,1,0,16380.78,0
9859,15609858,Martin,566,France,Male,52,6,34453.47,2,1,1,121000.65,0
9860,15609859,White,703,France,Male,38,5,70354.38,1,1,1,199521.24,0
9861,15609860,Anderson,613,Germany,Male,30,8,0.0,1,1,1,8557.04,0
9862,15609861,Moore,698,Spain,Male,44,1,0.0,2,1,0,94911.65,0
9863,15609862,Harris,524,Germany,Female,32,7,0.0,1,1,0,90734.08,0
9864,15609863,Young,570,Germany,Male,30,1,0.0,2,1,1,14805.4,0
9865,15609864,Martin,698,Spain,Male,35,1,153913.69,2,1,1,98624.85,0
9866,15609865,Allen,500,France,Male,32,2,0.0,2,1,1,30036.75,1
9867,15609866,Anderson,823,France,Female,30,3,45234.87,1,1,1,164429.12,0
9868,15609867,Brown,758,France,Male,47,5,0.0,1,0,1,180059.61,0
9869,15609868,Allen,784,Germany,Male,38,5,208755.63,2,1,1,164813.47,0
9870,15609869,Moore,725,France,Male,52,1,0.0,2,1,0,185631.57,0
9871,15609870,Johnson,468,France,Male,30,5,153066.24,1,1,0,129461.18,0
9872,15609871,Moore,759,Spain,Female,22,7,0.0,1,1,1,168717.31,0
9873,15609872,Taylor,721,France,Female,40,4,86889.8,1,1,0,99850.16,0
9874,15609873,Walker,617,France,Female,58,0,0.0,2,0,1,158038.46,0
9875,15609874,Lewis,606,Spain,Female,44,7,365.7,1,1,1,189310.7,0
9876,15609875,White,726,France,Female,71,5,26582.2,1,1,1,76142.78,0
9877,15609876,Anderson,496,France,Female,42,1,154900.26,2,1,0,166833.18,0
9878,15609877,Lewis,739,France,Female,41,6,0.0,2,1,1,94827.85,0
9879,15609878,Anderson,588,Spain,Male,18,7,65436.1,1,0,0,122560.0,0
9880,15609879,Harris,666,Spain,Female,43,1,0.0,2,1,0,176554.68,1
9881,15609880,Taylor,669,France,Male,41,0,0.0,2,1,0,176178.32,0
9882,15609881,King,519,Spain,Male,35,5,104353.3,1,1,0,148434.2,1
9883,15609882,Wright,493,France,Male,38,5,0.0,2,1,1,62509.9,0
9884,15609883,Martin,674,Germany,Female,38,7,72285.46,1,1,1,17320.78,0
9885,15609884,Taylor,645,France,Male,37,6,0.0,1,1,1,197353.07,0
9886,15609885,Walker,677,Spain,Male,60,7,148240.68,1,1,0,113701.67,0
9887,15609886,Walker,552,Germany,Male,35,9,3937.93,2,0,0,22130.17,0
9888,15609887,Thomas,735,Germany,Male,41,9,0.0,1,1,0,191880.88,0
9889,15609888,Wright,768,France,Male,35,4,0.0,4,1,1,91458.84,0
9890,15609889,Young,623,France,Male,47,1,35837.65,2,0,1,192453.36,0
9891,15609890,Harris,538,Spain,Female,41,4,0.0,1,1,0,73042.65,0
9892,15609891,Anderson,595,France,Female,36,1,0.0,2,1,0,181869.59,0
9893,15609892,King,678,Germany,Male,20,8,36972.65,1,1,1,170669.26,0
9894,15609893,Moore,693,Spain,Female,41,4,180284.97,1,0,1,94256.99,1
9895,15609894,Jackson,839,Spain,Female,36,0,13846.86,2,0,0,62475.68,0
9896,15609895,Hall,730,France,Male,38,8,197243.51,1,0,1,148099.32,1
9897,15609896,Martin,625,Spain,Female,27,9,91195.14,1,0,0,170084.06,0
9898,15609897,Anderson,702,Spain,Male,53,4,147999.01,2,1,1,8545.01,0
9899,15609898,Clark,682,Germany,Male,48,10,0.0,1,1,1,44976.19,0
9900,15609899,Clark,655,France,Female,53,0,135285.7,1,0,0,85985.45,1
9901,15609900,White,811,France,Female,50,8,131163.46,2,1,1,41583.66,1
9902,15609901,Wilson,589,France,Female,45,8,0.0,2,0,0,54269.25,1
9903,15609902,Taylor,708,France,Female,28,9,0.0,2,1,1,102956.37,0
9904,15609903,Wright,706,Spain,Female,57,9,0.0,1,1,0,76587.03,1
9905,15609904,Johnson,826,Germany,Female,30,8,9292.84,1,1,0,186891.16,1
9906,15609905,King,450,France,Female,36,5,125462.99,2,1,1,168372.92,0
9907,15609906,Moore,768,Germany,Female,46,9,0.0,2,1,0,41651.87,0
9908,15609907,Walker,543,France,Male,47,9,0.0,2,0,1,189643.18,0
9909,15609908,Jackson,502,France,Male,45,1,104509.69,2,1,1,43398.19,1
9910,15609909,Anderson,558,France,Male,35,6,0.0,1,1,0,119310.74,0
9911,15609910,Walker,506,France,Male,33,1,0.0,2,1,1,61385.89,0
9912,15609911,Hall,765,Germany,Female,64,3,145569.93,2,1,1,56948.38,0
9913,15609912,Martin,807,France,Male,39,3,0.0,1,0,1,108064.68,1
9914,15609913,Hall,582,Spain,Female,37,9,104639.17,1,1,1,189381.26,0
9915,15609914,Taylor,630,France,Female,32,6,0.0,2,1,0,83784.66,1
9916,15609915,Smith,760,Germany,Male,41,5,0.0,2,0,0,56275.17,0
9917,15609916,Taylor,812,France,Female,41,10,135114.36,1,0,1,50068.81,0
9918,15609917,Walker,665,France,Female,39,9,0.0,2,1,0,61823.34,0
9919,15609918,Harris,607,France,Male,43,6,159880.19,1,1,0,88937.14,0
9920,15609919,Clark,512,France,Male,57,5,0.0,1,0,1,174628.34,0
9921,15609920,Moore,534,France,Female,33,0,153202.56,1,1,1,62961.39,0
9922,15609921,Taylor,808,Germany,Female,39,10,94008.91,2,1,0,54491.56,0
9923,15609922,Thomas,535,Spain,Male,33,3,0.0,1,1,1,114845.23,0
9924,15609923,Jackson,688,Spain,Male,42,2,0.0,1,0,0,118238.27,0
9925,15609924,Brown,627,Spain,Female,33,6,0.0,2,1,0,89137.86,0
9926,15609925,Thomas,617,France,Male,34,6,92419.79,2,1,1,38129.87,0
9927,15609926,Taylor,499,France,Male,24,10,144841.0,1,1,1,38227.02,1
9928,15609927,Taylor,628,Germany,Female,40,3,220703.3,2,1,1,104041.79,0
9929,15609928,Hall,808,Germany,Male,43,6,54723.37,1,0,0,56987.37,0
9930,15609929,Harris,649,Germany,Male,58,3,0.0,1,1,1,30616.94,0
9931,15609930,Hall,705,Germany,Female,44,8,0.0,2,0,1,5295.86,1
9932,15609931,Wright,507,France,Male,35,2,0.0,1,1,0,26866.85,0
9933,15609932,Johnson,639,France,Female,25,9,68704.06,1,1,1,166232.26,1
9934,15609933,Johnson,632,France,Male,27,1,126290.85,2,0,1,31175.09,0
9935,15609934,Moore,638,France,Male,26,4,124253.74,1,1,1,552.59,0
9936,15609935,White,692,France,Female,58,8,0.0,2,0,0,78278.61,0
9937,15609936,Wilson,674,France,Male,42,10,59566.49,1,1,0,185631.14,0
9938,15609937,Allen,555,Spain,Male,33,2,0.0,1,1,0,104309.68,0
9939,15609938,Taylor,579,Germany,Female,29,0,0.0,1,0,1,2068.13,1
9940,15609939,Clark,650,Spain,Female,30,8,0.0,1,1,1,141857.24,0
9941,15609940,Lewis,850,Germany,Female,33,4,147717.07,2,0,1,80145.17,0
9942,15609941,Martin,577,France,Male,52,1,59531.66,1,0,1,153750.78,0
9943,15609942,Johnson,605,France,Male,39,5,0.0,2,0,0,119372.85,0
9944,15609943,Taylor,618,Spain,Male,25,2,64481.63,2,0,0,27902.36,1
9945,15609944,Martin,682,France,Female,62,8,40189.88,2,1,1,94381.91,1
9946,15609945,Walker,743,France,Male,28,2,23667.04,2,1,1,111048.61,0
9947,15609946,Young,688,France,Female,33,1,218058.25,1,1,1,100087.76,0
9948,15609947,Moore,549,France,Female,52,2,0.0,1,1,0,157530.67,0
9949,15609948,Clark,711,Spain,Male,43,5,0.0,2,0,1,169924.37,0
9950,15609949,King,797,France,Male,34,2,87486.99,2,0,1,133330.67,0
9951,15609950,Anderson,654,Spain,Male,27,8,0.0,2,1,1,7475.62,0
9952,15609951,Jackson,625,Spain,Male,29,8,150834.32,2,1,0,70502.33,0
9953,15609952,White,820,France,Male,30,8,24750.76,2,1,0,73778.13,1
9954,15609953,Allen,523,France,Male,39,1,2275.01,2,1,0,44505.08,0
9955,15609954,Harris,663,France,Female,41,6,114833.73,2,1,1,85531.8,0
9956,15609955,Jackson,684,France,Male,38,1,112423.65,1,1,1,37551.51,0
9957,15609956,Martin,679,Spain,Male,39,0,75196.39,1,0,1,151117.51,0
9958,15609957,Harris,712,Germany,Male,28,4,16215.74,1,1,0,166885.23,0
9959,15609958,Wright,536,Spain,Female,42,10,0.0,1,1,1,186877.75,0
9960,15609959,Young,624,France,Male,52,10,0.0,1,1,0,2835.55,0
9961,15609960,Jackson,613,Spain,Male,37,7,0.0,2,1,1,107763.8,1
9962,15609961,Hall,541,Spain,Female,37,2,0.0,1,1,1,41826.91,1
9963,15609962,Lewis,510,France,Male,40,6,189044.24,2,1,0,106160.1,1
9964,15609963,Lewis,773,Spain,Male,50,5,0.0,2,0,1,14165.98,0
9965,15609964,Smith,666,France,Female,30,10,178469.42,2,1,0,153055.66,1
9966,15609965,Brown,559,Spain,Female,54,0,63164.12,1,0,1,58986.47,1
9967,15609966,Hall,559,Spain,Male,43,6,0.0,2,0,0,113339.84,0
9968,15609967,Young,647,France,Female,39,2,0.0,1,0,0,159313.67,0
9969,15609968,Hall,738,Spain,Male,51,3,56260.76,1,0,0,86835.56,1
9970,15609969,White,564,France,Male,27,9,0.0,1,0,0,198568.14,0
9971,15609970,Young,704,France,Female,44,1,132917.23,1,1,1,161039.0,0
9972,15609971,Wilson,790,Germany,Male,43,10,117592.42,1,0,1,84733.52,0
9973,15609972,Young,703,Germany,Male,30,0,30953.35,2,1,0,140924.63,0
9974,15609973,Young,572,France,Male,44,4,0.0,1,0,1,133933.65,0
9975,15609974,Jackson,639,France,Male,42,5,53850.92,1,1,1,8690.76,0
9976,15609975,Lewis,621,France,Male,37,10,124585.58,1,0,1,74155.97,0
9977,15609976,Thomas,604,France,Female,48,1,0.0,1,1,1,105119.19,0
9978,15609977,Young,648,Germany,Female,33,9,98753.15,2,1,0,83012.5,1
9979,15609978,Anderson,600,Germany,Female,42,5,102703.54,2,0,1,36396.9,0
9980,15609979,Hall,559,Spain,Female,38,5,15717.09,2,1,0,132312.77,1
9981,15609980,Hall,695,France,Male,33,7,54342.07,1,1,1,197591.48,1
9982,15609981,Johnson,741,Spain,Male,44,7,12980.64,1,1,0,68146.65,1
9983,15609982,Martin,750,France,Male,37,5,134064.59,2,1,1,192015.66,0
9984,15609983,Thomas,551,Germany,Female,24,6,0.0,1,0,0,151296.54,1
9985,15609984,Allen,748,Germany,Female,21,3,50554.49,1,0,1,65649.2,0
9986,15609985,Martin,805,Spain,Male,47,4,0.0,2,1,0,83939.72,0
9987,15609986,King,548,France,Female,27,5,0.0,1,1,1,125409.13,0
9988,15609987,Wright,563,France,Male,42,5,0.0,2,0,0,149557.0,1
9989,15609988,Clark,528,France,Female,40,2,53355.6,1,1,1,149380.13,0
9990,15609989,Johnson,543,Germany,Male,35,8,0.0,2,1,0,128228.03,0
9991,15609990,Walker,789,France,Male,59,3,0.0,1,1,1,22498.57,0
9992,15609991,Taylor,562,France,Male,41,7,0.0,2,1,1,170834.09,0
9993,15609992,Clark,719,France,Female,47,3,124612.2,2,1,1,53456.57,1
9994,15609993,King,500,Germany,Male,42,5,93397.17,2,1,1,35068.02,0
9995,15609994,Walker,518,France,Male,37,0,0.0,2,0,1,42434.88,0
9996,15609995,King,573,Germany,Male,39,1,78788.3,2,1,1,8097.3,0
9997,15609996,Allen,706,Germany,Female,54,5,0.0,2,1,1,147156.96,0
9998,15609997,Jackson,631,Germany,Female,50,2,2559.46,1,1,0,10392.08,0
9999,15609998,Moore,643,France,Female,59,10,47861.38,1,0,1,8370.09,1
10000,15609999,Johnson,574,France,Female,41,6,0.0,1,1,1,331.32,0
